launch_speed_mph,launch_angle_deg,launch_speed_angle,samples
7,-14,1,1
9,-60,1,1
10,-8,1,1
11,-66,1,1
11,-45,1,1
11,-30,1,1
11,53,1,1
11,64,1,1
12,-59,1,1
12,-21,1,1
12,-18,1,1
12,52,1,1
13,-85,1,1
13,32,1,1
14,-23,1,1
14,50,1,1
14,70,1,1
15,24,1,1
15,25,1,1
15,45,1,1
16,-43,1,1
16,-34,1,1
16,-8,1,1
16,-3,1,1
16,16,1,1
16,21,1,1
16,62,1,1
16,66,1,1
17,-53,1,1
17,-29,1,1
17,-17,1,1
18,-84,1,1
18,-50,1,1
18,-49,1,1
18,-31,1,1
18,34,1,1
19,-81,1,1
19,-56,1,1
19,-35,1,1
19,-9,1,2
19,19,1,1
19,22,1,1
19,23,1,1
19,35,1,1
20,-27,1,1
20,-17,1,1
20,-5,1,2
20,44,1,1
21,-63,1,1
21,-55,1,1
21,-36,1,1
21,-28,1,1
21,-18,1,1
21,-17,1,1
21,-15,1,1
21,-10,1,1
21,-1,1,1
21,2,1,1
21,28,1,1
21,43,1,1
21,61,1,1
22,-78,1,1
22,-38,1,1
22,-36,1,1
22,-32,1,2
22,-30,1,1
22,-16,1,1
22,-12,1,1
22,-11,1,1
22,6,1,1
22,15,1,1
22,17,1,1
22,29,1,1
22,33,1,1
22,46,1,2
22,48,1,1
23,-83,1,1
23,-66,1,1
23,-65,1,1
23,-38,1,1
23,-29,1,1
23,-27,1,1
23,-25,1,1
23,-21,1,1
23,-12,1,1
23,3,1,1
23,18,1,1
23,19,1,1
23,25,1,1
23,76,1,1
24,-66,1,1
24,-46,1,2
24,-38,1,1
24,-29,1,1
24,-21,1,1
24,-15,1,1
24,17,1,1
24,22,1,1
24,25,1,1
24,26,1,1
24,32,1,1
24,34,1,1
24,35,1,1
24,36,1,1
24,43,1,1
24,52,1,1
24,67,1,1
25,-76,1,1
25,-66,1,1
25,-59,1,1
25,-51,1,1
25,-50,1,1
25,-48,1,1
25,-43,1,1
25,-29,1,1
25,-26,1,1
25,-25,1,1
25,-22,1,1
25,-20,1,1
25,-15,1,1
25,-2,1,1
25,5,1,1
25,6,1,1
25,9,1,1
25,14,1,2
25,22,1,2
25,56,1,1
26,-68,1,1
26,-53,1,1
26,-30,1,1
26,-28,1,1
26,-17,1,1
26,-16,1,1
26,-14,1,1
26,-7,1,2
26,2,1,1
26,4,1,1
26,14,1,2
26,17,1,1
26,21,1,1
26,22,1,1
26,25,1,1
26,38,1,1
26,45,1,1
26,56,1,1
27,-69,1,2
27,-62,1,1
27,-54,1,1
27,-46,1,1
27,-45,1,1
27,-44,1,1
27,-42,1,1
27,-32,1,1
27,-31,1,1
27,-26,1,2
27,-23,1,1
27,-22,1,1
27,-20,1,1
27,-19,1,1
27,-12,1,1
27,-8,1,2
27,-5,1,1
27,-3,1,1
27,-2,1,1
27,0,1,1
27,1,1,1
27,3,1,1
27,8,1,1
27,13,1,1
27,14,1,1
27,16,1,1
27,22,1,1
27,24,1,1
27,27,1,1
27,31,1,1
27,34,1,1
27,35,1,1
27,40,1,1
27,48,1,1
27,63,1,1
27,71,1,1
28,-77,1,1
28,-75,1,1
28,-71,1,2
28,-68,1,1
28,-66,1,1
28,-61,1,1
28,-58,1,3
28,-57,1,1
28,-52,1,1
28,-50,1,1
28,-49,1,1
28,-48,1,1
28,-46,1,3
28,-34,1,1
28,-29,1,1
28,-28,1,1
28,-27,1,1
28,-25,1,3
28,-24,1,1
28,-20,1,1
28,-11,1,1
28,-10,1,1
28,-9,1,2
28,-3,1,1
28,-2,1,2
28,-1,1,1
28,4,1,1
28,14,1,1
28,25,1,1
28,27,1,1
28,31,1,1
28,36,1,1
28,48,1,1
28,49,1,1
28,53,1,1
28,56,1,1
29,-62,1,1
29,-58,1,1
29,-52,1,1
29,-46,1,1
29,-40,1,1
29,-39,1,1
29,-38,1,1
29,-36,1,1
29,-35,1,1
29,-28,1,2
29,-25,1,2
29,-23,1,1
29,-22,1,2
29,-21,1,1
29,-18,1,1
29,-15,1,1
29,-11,1,1
29,-5,1,1
29,-4,1,1
29,-1,1,1
29,0,1,1
29,3,1,1
29,6,1,1
29,8,1,1
29,10,1,1
29,14,1,1
29,15,1,1
29,16,1,1
29,25,1,2
29,28,1,1
29,29,1,1
29,37,1,2
29,42,1,1
29,45,1,1
29,50,1,1
29,51,1,1
29,74,1,1
29,78,1,1
30,-67,1,2
30,-64,1,1
30,-58,1,1
30,-53,1,1
30,-52,1,1
30,-49,1,2
30,-47,1,2
30,-43,1,1
30,-42,1,1
30,-40,1,1
30,-37,1,1
30,-35,1,1
30,-34,1,1
30,-31,1,1
30,-30,1,1
30,-28,1,1
30,-16,1,2
30,-15,1,1
30,-13,1,2
30,-12,1,2
30,-10,1,1
30,-8,1,1
30,-5,1,1
30,-4,1,1
30,-3,1,1
30,-1,1,1
30,1,1,1
30,2,1,1
30,3,1,2
30,4,1,2
30,5,1,1
30,6,1,1
30,10,1,1
30,17,1,1
30,24,1,1
30,26,1,1
30,28,1,1
30,30,1,1
30,34,1,1
30,35,1,1
30,36,1,2
30,37,1,2
30,39,1,1
30,40,1,1
31,-88,1,1
31,-81,1,1
31,-73,1,1
31,-67,1,1
31,-66,1,1
31,-64,1,1
31,-63,1,1
31,-60,1,1
31,-49,1,1
31,-44,1,3
31,-42,1,1
31,-33,1,2
31,-31,1,1
31,-29,1,1
31,-27,1,1
31,-25,1,3
31,-23,1,1
31,-22,1,1
31,-17,1,1
31,-15,1,2
31,-14,1,1
31,-13,1,1
31,-12,1,1
31,-4,1,1
31,-2,1,1
31,-1,1,1
31,3,1,1
31,6,1,1
31,10,1,2
31,12,1,2
31,15,1,1
31,26,1,1
31,37,1,1
31,38,1,1
31,39,1,1
31,44,1,1
31,48,1,1
31,52,1,1
31,61,1,1
31,66,1,1
31,80,1,1
31,83,1,1
31,86,1,1
32,-81,1,1
32,-78,1,1
32,-75,1,1
32,-63,1,1
32,-57,1,2
32,-55,1,1
32,-52,1,1
32,-49,1,2
32,-48,1,1
32,-46,1,1
32,-45,1,2
32,-42,1,1
32,-41,1,1
32,-40,1,2
32,-39,1,2
32,-38,1,1
32,-37,1,1
32,-32,1,1
32,-28,1,1
32,-27,1,2
32,-25,1,2
32,-24,1,1
32,-23,1,1
32,-20,1,1
32,-18,1,2
32,-15,1,1
32,-11,1,1
32,-3,1,1
32,-1,1,1
32,2,1,1
32,14,1,1
32,18,1,1
32,20,1,1
32,25,1,1
32,29,1,1
32,30,1,1
32,31,1,2
32,46,1,1
32,48,1,1
32,49,1,1
33,-73,1,1
33,-65,1,1
33,-63,1,1
33,-59,1,1
33,-53,1,1
33,-49,1,1
33,-45,1,3
33,-37,1,2
33,-35,1,2
33,-33,1,1
33,-32,1,2
33,-31,1,1
33,-29,1,2
33,-26,1,1
33,-24,1,1
33,-23,1,1
33,-22,1,1
33,-21,1,1
33,-20,1,1
33,-17,1,1
33,-15,1,2
33,-13,1,1
33,-9,1,1
33,-8,1,1
33,-7,1,1
33,-4,1,1
33,-1,1,1
33,14,1,1
33,22,1,1
33,23,1,1
33,24,1,1
33,25,1,1
33,30,1,1
33,31,1,1
33,33,1,1
33,35,1,1
33,40,1,1
33,52,1,1
33,69,1,1
34,-75,1,1
34,-71,1,1
34,-67,1,1
34,-63,1,2
34,-60,1,1
34,-57,1,2
34,-53,1,1
34,-51,1,1
34,-50,1,1
34,-48,1,1
34,-46,1,2
34,-45,1,1
34,-42,1,1
34,-39,1,1
34,-36,1,1
34,-35,1,1
34,-34,1,1
34,-33,1,1
34,-28,1,1
34,-27,1,1
34,-26,1,1
34,-25,1,1
34,-24,1,2
34,-23,1,1
34,-22,1,1
34,-21,1,2
34,-16,1,1
34,-15,1,1
34,-13,1,2
34,-10,1,1
34,-8,1,1
34,-6,1,1
34,-2,1,1
34,1,1,1
34,2,1,1
34,3,1,1
34,9,1,1
34,18,1,1
34,20,1,1
34,21,1,1
34,29,1,1
34,38,1,1
34,43,1,1
34,44,1,1
34,66,1,1
34,80,1,1
35,-76,1,1
35,-67,1,1
35,-65,1,1
35,-64,1,1
35,-63,1,1
35,-62,1,1
35,-59,1,2
35,-58,1,1
35,-54,1,1
35,-50,1,1
35,-46,1,1
35,-45,1,2
35,-42,1,1
35,-41,1,1
35,-37,1,1
35,-35,1,1
35,-27,1,1
35,-26,1,1
35,-25,1,2
35,-23,1,1
35,-22,1,1
35,-20,1,1
35,-19,1,1
35,-18,1,1
35,-15,1,1
35,-11,1,2
35,-10,1,2
35,-7,1,1
35,-5,1,2
35,5,1,1
35,8,1,1
35,11,1,1
35,13,1,1
35,14,1,1
35,17,1,1
35,23,1,1
35,30,1,2
35,35,1,1
35,41,1,2
35,44,1,1
35,53,1,1
35,77,1,1
36,-82,1,1
36,-81,1,1
36,-80,1,1
36,-75,1,1
36,-74,1,1
36,-69,1,2
36,-67,1,1
36,-65,1,1
36,-62,1,2
36,-60,1,2
36,-58,1,1
36,-57,1,3
36,-56,1,3
36,-53,1,1
36,-52,1,1
36,-50,1,1
36,-49,1,2
36,-48,1,3
36,-47,1,1
36,-46,1,2
36,-45,1,2
36,-44,1,1
36,-42,1,1
36,-41,1,1
36,-39,1,2
36,-37,1,1
36,-36,1,1
36,-35,1,2
36,-33,1,1
36,-30,1,1
36,-29,1,3
36,-26,1,1
36,-25,1,3
36,-24,1,1
36,-16,1,2
36,-8,1,1
36,-4,1,1
36,0,1,1
36,2,1,1
36,5,1,1
36,7,1,1
36,8,1,2
36,10,1,1
36,11,1,1
36,12,1,1
36,21,1,1
36,23,1,1
36,24,1,1
36,25,1,1
36,29,1,1
36,34,1,2
36,35,1,1
36,37,1,1
36,38,1,2
36,43,1,1
36,44,1,1
36,52,1,1
36,59,1,1
36,78,1,1
37,-87,1,1
37,-85,1,1
37,-80,1,1
37,-76,1,1
37,-74,1,1
37,-73,1,1
37,-72,1,3
37,-71,1,3
37,-70,1,2
37,-69,1,1
37,-68,1,1
37,-67,1,1
37,-65,1,2
37,-62,1,2
37,-59,1,1
37,-58,1,2
37,-57,1,1
37,-56,1,1
37,-54,1,1
37,-53,1,1
37,-52,1,2
37,-48,1,1
37,-47,1,2
37,-46,1,2
37,-45,1,1
37,-42,1,2
37,-41,1,1
37,-40,1,1
37,-39,1,1
37,-36,1,1
37,-35,1,1
37,-34,1,1
37,-33,1,1
37,-30,1,2
37,-25,1,2
37,-24,1,1
37,-23,1,2
37,-21,1,2
37,-20,1,1
37,-18,1,1
37,-15,1,1
37,-13,1,1
37,-9,1,1
37,-5,1,1
37,-2,1,1
37,5,1,1
37,17,1,1
37,18,1,2
37,19,1,1
37,20,1,2
37,24,1,1
37,31,1,1
37,34,1,1
37,40,1,1
37,41,1,1
37,43,1,1
37,46,1,1
37,50,1,1
37,61,1,1
38,-87,1,2
38,-82,1,1
38,-76,1,1
38,-73,1,1
38,-72,1,1
38,-69,1,1
38,-67,1,1
38,-65,1,1
38,-64,1,1
38,-62,1,1
38,-61,1,1
38,-60,1,1
38,-59,1,2
38,-58,1,2
38,-56,1,1
38,-55,1,2
38,-52,1,2
38,-50,1,2
38,-49,1,2
38,-48,1,3
38,-47,1,3
38,-41,1,2
38,-37,1,2
38,-36,1,2
38,-34,1,1
38,-33,1,1
38,-32,1,2
38,-31,1,1
38,-29,1,1
38,-27,1,1
38,-26,1,2
38,-23,1,1
38,-22,1,1
38,-21,1,2
38,-20,1,2
38,-17,1,1
38,-16,1,2
38,-15,1,1
38,-12,1,2
38,-10,1,1
38,-9,1,1
38,-6,1,2
38,-4,1,3
38,-3,1,1
38,0,1,1
38,1,1,1
38,2,1,1
38,6,1,1
38,11,1,1
38,12,1,1
38,13,1,2
38,20,1,1
38,24,1,1
38,25,1,1
38,26,1,1
38,35,1,2
38,37,1,2
38,38,1,1
38,39,1,2
38,41,1,1
38,42,1,1
38,47,1,1
38,48,1,1
38,51,1,1
38,61,1,1
38,64,1,1
38,67,1,1
38,76,1,1
39,-86,1,1
39,-82,1,1
39,-79,1,1
39,-77,1,1
39,-75,1,1
39,-74,1,1
39,-71,1,1
39,-69,1,2
39,-68,1,1
39,-65,1,1
39,-64,1,2
39,-61,1,1
39,-54,1,2
39,-49,1,2
39,-48,1,2
39,-44,1,2
39,-43,1,1
39,-42,1,2
39,-37,1,3
39,-36,1,1
39,-35,1,1
39,-33,1,2
39,-31,1,1
39,-28,1,1
39,-27,1,1
39,-25,1,1
39,-24,1,1
39,-23,1,1
39,-22,1,1
39,-21,1,2
39,-19,1,1
39,-17,1,1
39,-16,1,1
39,-5,1,1
39,0,1,1
39,1,1,1
39,3,1,3
39,7,1,2
39,8,1,2
39,16,1,1
39,21,1,1
39,23,1,1
39,24,1,1
39,28,1,2
39,46,1,3
39,49,1,1
39,54,1,1
39,62,1,1
39,75,1,1
40,-82,1,1
40,-81,1,1
40,-79,1,2
40,-76,1,1
40,-74,1,1
40,-72,1,1
40,-71,1,2
40,-70,1,1
40,-68,1,1
40,-66,1,3
40,-65,1,1
40,-60,1,1
40,-59,1,1
40,-58,1,1
40,-57,1,2
40,-55,1,1
40,-54,1,1
40,-53,1,2
40,-52,1,1
40,-51,1,1
40,-50,1,1
40,-48,1,2
40,-47,1,1
40,-46,1,1
40,-45,1,3
40,-43,1,2
40,-41,1,3
40,-40,1,2
40,-37,1,4
40,-36,1,2
40,-32,1,1
40,-31,1,1
40,-30,1,4
40,-29,1,1
40,-28,1,1
40,-27,1,1
40,-26,1,2
40,-25,1,1
40,-24,1,1
40,-22,1,2
40,-21,1,1
40,-20,1,1
40,-19,1,1
40,-16,1,1
40,-15,1,1
40,-14,1,2
40,-12,1,1
40,-11,1,1
40,-8,1,1
40,-7,1,1
40,-2,1,1
40,7,1,1
40,9,1,1
40,13,1,1
40,17,1,1
40,18,1,1
40,20,1,1
40,21,1,1
40,23,1,1
40,27,1,2
40,29,1,1
40,41,1,1
40,43,1,1
40,50,1,1
40,71,1,1
41,-78,1,1
41,-77,1,1
41,-76,1,1
41,-74,1,1
41,-70,1,2
41,-68,1,1
41,-66,1,1
41,-65,1,3
41,-64,1,1
41,-58,1,1
41,-57,1,1
41,-56,1,1
41,-55,1,1
41,-54,1,2
41,-53,1,1
41,-52,1,1
41,-51,1,1
41,-50,1,1
41,-49,1,1
41,-47,1,2
41,-46,1,1
41,-45,1,2
41,-43,1,1
41,-41,1,1
41,-40,1,2
41,-38,1,1
41,-37,1,1
41,-35,1,1
41,-34,1,2
41,-33,1,1
41,-32,1,1
41,-29,1,1
41,-28,1,1
41,-27,1,1
41,-25,1,2
41,-22,1,1
41,-17,1,1
41,-13,1,1
41,-8,1,1
41,1,1,1
41,3,1,2
41,4,1,1
41,5,1,2
41,6,1,1
41,7,1,1
41,8,1,1
41,10,1,1
41,16,1,2
41,18,1,1
41,21,1,1
41,29,1,1
41,39,1,1
41,42,1,1
41,50,1,1
41,51,1,1
41,54,1,1
42,-80,1,1
42,-76,1,1
42,-75,1,1
42,-73,1,1
42,-71,1,3
42,-70,1,2
42,-68,1,1
42,-66,1,1
42,-65,1,2
42,-64,1,1
42,-63,1,2
42,-62,1,1
42,-61,1,1
42,-60,1,1
42,-59,1,4
42,-58,1,1
42,-57,1,2
42,-56,1,3
42,-55,1,1
42,-53,1,1
42,-52,1,2
42,-51,1,1
42,-49,1,2
42,-48,1,1
42,-47,1,1
42,-46,1,1
42,-43,1,2
42,-41,1,1
42,-40,1,4
42,-39,1,1
42,-38,1,1
42,-37,1,1
42,-36,1,1
42,-35,1,1
42,-32,1,1
42,-31,1,2
42,-28,1,1
42,-27,1,1
42,-24,1,3
42,-21,1,1
42,-18,1,1
42,-17,1,1
42,-16,1,1
42,-10,1,1
42,-1,1,1
42,11,1,1
42,15,1,1
42,19,1,1
42,20,1,2
42,22,1,2
42,26,1,1
42,27,1,1
42,29,1,1
42,31,1,1
42,32,1,1
42,33,1,1
42,38,1,1
42,47,1,1
42,54,1,1
42,58,1,1
42,66,1,1
42,67,1,1
43,-88,1,1
43,-82,1,1
43,-81,1,3
43,-79,1,3
43,-76,1,1
43,-75,1,1
43,-74,1,1
43,-73,1,1
43,-71,1,1
43,-68,1,1
43,-67,1,1
43,-65,1,1
43,-64,1,1
43,-63,1,1
43,-62,1,1
43,-61,1,2
43,-54,1,2
43,-52,1,2
43,-51,1,1
43,-50,1,1
43,-49,1,1
43,-47,1,2
43,-46,1,1
43,-44,1,1
43,-43,1,1
43,-41,1,2
43,-38,1,1
43,-37,1,1
43,-36,1,2
43,-33,1,1
43,-31,1,1
43,-30,1,1
43,-29,1,1
43,-27,1,2
43,-24,1,2
43,-23,1,1
43,-22,1,3
43,-20,1,1
43,-17,1,1
43,-12,1,1
43,-11,1,2
43,-8,1,1
43,-6,1,1
43,2,1,1
43,7,1,1
43,8,1,1
43,11,1,3
43,13,1,1
43,14,1,1
43,17,1,1
43,19,1,2
43,20,1,1
43,22,1,1
43,24,1,1
43,25,1,1
43,29,1,1
43,31,1,1
43,35,1,1
43,39,1,1
43,58,1,1
43,59,1,2
43,74,1,1
43,80,1,1
44,-88,1,1
44,-83,1,2
44,-82,1,1
44,-78,1,1
44,-77,1,3
44,-76,1,1
44,-73,1,3
44,-71,1,1
44,-70,1,3
44,-69,1,1
44,-68,1,1
44,-67,1,1
44,-66,1,2
44,-64,1,3
44,-63,1,3
44,-62,1,4
44,-60,1,2
44,-59,1,1
44,-56,1,2
44,-55,1,1
44,-54,1,1
44,-51,1,3
44,-50,1,1
44,-49,1,1
44,-48,1,1
44,-47,1,1
44,-44,1,1
44,-43,1,1
44,-41,1,1
44,-37,1,1
44,-34,1,1
44,-33,1,1
44,-32,1,1
44,-31,1,1
44,-26,1,2
44,-24,1,1
44,-22,1,1
44,-21,1,3
44,-16,1,2
44,-15,1,2
44,-13,1,2
44,-12,1,2
44,-11,1,1
44,-10,1,1
44,-9,1,1
44,-8,1,1
44,-6,1,1
44,-4,1,1
44,-3,1,1
44,-2,1,2
44,1,1,2
44,5,1,1
44,7,1,2
44,13,1,1
44,18,1,1
44,19,1,1
44,21,1,1
44,24,1,1
44,26,1,1
44,27,1,1
44,28,1,2
44,29,1,2
44,32,1,1
44,34,1,2
44,35,1,1
44,36,1,1
44,41,1,1
44,50,1,1
44,52,1,1
44,54,1,2
44,58,1,1
44,59,1,2
44,60,1,1
44,61,1,1
44,62,1,2
45,-83,1,1
45,-78,1,1
45,-77,1,1
45,-76,1,2
45,-75,1,2
45,-72,1,1
45,-71,1,1
45,-69,1,1
45,-68,1,2
45,-66,1,1
45,-65,1,3
45,-62,1,2
45,-61,1,1
45,-59,1,1
45,-58,1,1
45,-56,1,2
45,-55,1,1
45,-54,1,1
45,-53,1,2
45,-52,1,2
45,-50,1,4
45,-47,1,1
45,-43,1,1
45,-42,1,1
45,-41,1,1
45,-39,1,2
45,-37,1,2
45,-34,1,1
45,-33,1,3
45,-32,1,1
45,-31,1,1
45,-29,1,1
45,-28,1,1
45,-27,1,2
45,-26,1,1
45,-25,1,1
45,-24,1,1
45,-21,1,1
45,-20,1,1
45,-19,1,1
45,-18,1,1
45,-17,1,2
45,-14,1,1
45,-11,1,1
45,-9,1,1
45,-2,1,1
45,1,1,1
45,2,1,2
45,6,1,1
45,7,1,1
45,8,1,1
45,10,1,2
45,12,1,1
45,21,1,1
45,33,1,2
45,37,1,1
45,46,1,1
45,49,1,1
45,50,1,1
45,55,1,1
45,58,1,1
45,63,1,1
45,66,1,1
45,67,1,1
46,-84,1,1
46,-82,1,1
46,-80,1,2
46,-79,1,1
46,-76,1,2
46,-74,1,1
46,-73,1,2
46,-72,1,1
46,-71,1,2
46,-69,1,1
46,-68,1,1
46,-67,1,1
46,-66,1,1
46,-65,1,1
46,-64,1,2
46,-63,1,2
46,-62,1,7
46,-61,1,1
46,-59,1,2
46,-58,1,1
46,-57,1,1
46,-56,1,3
46,-55,1,1
46,-54,1,3
46,-50,1,2
46,-48,1,1
46,-47,1,3
46,-46,1,2
46,-45,1,2
46,-44,1,2
46,-41,1,2
46,-40,1,2
46,-39,1,2
46,-38,1,3
46,-37,1,2
46,-36,1,1
46,-35,1,2
46,-34,1,1
46,-33,1,1
46,-32,1,2
46,-28,1,1
46,-27,1,1
46,-26,1,3
46,-23,1,1
46,-19,1,2
46,-17,1,3
46,-16,1,2
46,-15,1,1
46,-12,1,2
46,-11,1,1
46,-10,1,2
46,-9,1,1
46,-7,1,3
46,-5,1,1
46,-2,1,2
46,-1,1,2
46,1,1,1
46,2,1,1
46,4,1,1
46,11,1,1
46,20,1,3
46,21,1,1
46,22,1,1
46,24,1,1
46,25,1,1
46,27,1,1
46,28,1,2
46,29,1,2
46,32,1,2
46,33,1,1
46,34,1,1
46,41,1,1
46,42,1,2
46,43,1,1
46,44,1,1
46,46,1,2
46,48,1,1
46,50,1,1
46,53,1,1
46,55,1,1
46,56,1,1
46,59,1,1
46,63,1,1
46,73,1,1
46,80,1,1
47,-82,1,1
47,-81,1,1
47,-80,1,1
47,-77,1,1
47,-76,1,1
47,-75,1,3
47,-74,1,1
47,-73,1,1
47,-71,1,1
47,-69,1,2
47,-68,1,2
47,-66,1,5
47,-65,1,1
47,-63,1,1
47,-62,1,5
47,-61,1,2
47,-60,1,1
47,-58,1,3
47,-57,1,2
47,-56,1,1
47,-55,1,1
47,-54,1,1
47,-53,1,1
47,-52,1,1
47,-50,1,3
47,-49,1,1
47,-48,1,2
47,-47,1,2
47,-43,1,1
47,-40,1,1
47,-39,1,2
47,-36,1,1
47,-35,1,2
47,-33,1,2
47,-32,1,1
47,-31,1,1
47,-28,1,1
47,-24,1,2
47,-22,1,1
47,-21,1,1
47,-19,1,3
47,-17,1,2
47,-16,1,1
47,-15,1,1
47,-14,1,1
47,-10,1,1
47,-9,1,1
47,-6,1,1
47,-5,1,1
47,0,1,1
47,3,1,1
47,4,1,1
47,5,1,1
47,7,1,1
47,11,1,2
47,13,1,1
47,14,1,1
47,18,1,1
47,19,1,2
47,20,1,1
47,23,1,1
47,24,1,2
47,25,1,1
47,30,1,1
47,32,1,1
47,33,1,1
47,34,1,1
47,36,1,1
47,37,1,1
47,38,1,1
47,42,1,2
47,44,1,2
47,46,1,1
47,50,1,1
47,52,1,3
47,58,1,1
47,60,1,1
47,61,1,1
47,67,1,1
48,-88,1,1
48,-85,1,1
48,-83,1,1
48,-80,1,2
48,-79,1,3
48,-78,1,2
48,-77,1,1
48,-76,1,1
48,-75,1,1
48,-71,1,3
48,-70,1,4
48,-69,1,3
48,-68,1,1
48,-66,1,1
48,-65,1,4
48,-64,1,1
48,-63,1,7
48,-62,1,3
48,-61,1,1
48,-60,1,1
48,-59,1,1
48,-58,1,2
48,-57,1,4
48,-56,1,3
48,-54,1,1
48,-53,1,1
48,-52,1,1
48,-51,1,3
48,-49,1,1
48,-48,1,3
48,-47,1,1
48,-46,1,1
48,-45,1,2
48,-44,1,2
48,-43,1,1
48,-42,1,3
48,-40,1,3
48,-39,1,3
48,-38,1,2
48,-35,1,3
48,-34,1,4
48,-33,1,1
48,-32,1,2
48,-30,1,2
48,-29,1,1
48,-28,1,2
48,-27,1,2
48,-26,1,2
48,-24,1,2
48,-23,1,4
48,-21,1,2
48,-19,1,1
48,-18,1,1
48,-17,1,1
48,-16,1,1
48,-15,1,2
48,-13,1,1
48,-12,1,1
48,-11,1,2
48,-10,1,1
48,-9,1,3
48,-6,1,1
48,-5,1,2
48,-4,1,2
48,-2,1,1
48,-1,1,1
48,1,1,1
48,7,1,1
48,8,1,3
48,10,1,1
48,12,1,1
48,13,1,2
48,15,1,2
48,18,1,2
48,19,1,1
48,20,1,3
48,23,1,2
48,26,1,1
48,27,1,2
48,28,1,1
48,30,1,1
48,31,1,1
48,32,1,2
48,36,1,2
48,37,1,2
48,38,1,1
48,39,1,1
48,40,1,1
48,41,1,1
48,42,1,1
48,46,1,1
48,49,1,1
48,50,1,1
48,53,1,1
48,54,1,1
48,57,1,2
48,58,1,2
48,59,1,2
48,61,1,2
48,64,1,1
48,65,1,1
48,67,1,1
48,76,1,2
48,78,1,1
48,84,1,1
49,-88,1,1
49,-85,1,1
49,-84,1,1
49,-81,1,3
49,-80,1,1
49,-79,1,1
49,-78,1,1
49,-77,1,1
49,-76,1,2
49,-75,1,3
49,-74,1,1
49,-73,1,1
49,-69,1,2
49,-68,1,2
49,-67,1,1
49,-66,1,2
49,-64,1,4
49,-61,1,1
49,-60,1,2
49,-59,1,1
49,-58,1,2
49,-57,1,1
49,-56,1,1
49,-55,1,2
49,-54,1,3
49,-53,1,1
49,-52,1,1
49,-51,1,1
49,-50,1,1
49,-49,1,1
49,-47,1,3
49,-45,1,1
49,-44,1,1
49,-43,1,3
49,-42,1,1
49,-41,1,3
49,-38,1,1
49,-37,1,1
49,-35,1,2
49,-32,1,1
49,-31,1,2
49,-30,1,2
49,-28,1,1
49,-27,1,2
49,-26,1,1
49,-25,1,2
49,-24,1,1
49,-21,1,1
49,-19,1,3
49,-17,1,1
49,-16,1,1
49,-15,1,2
49,-14,1,1
49,-13,1,1
49,-11,1,3
49,-10,1,1
49,-8,1,1
49,-7,1,1
49,-6,1,1
49,-1,1,3
49,1,1,1
49,2,1,2
49,3,1,1
49,4,1,1
49,5,1,1
49,6,1,1
49,7,1,1
49,8,1,1
49,9,1,1
49,12,1,1
49,13,1,1
49,14,1,1
49,17,1,1
49,18,1,1
49,19,1,1
49,21,1,1
49,22,1,2
49,23,1,2
49,24,1,4
49,26,1,2
49,28,1,1
49,31,1,2
49,33,1,1
49,34,1,1
49,35,1,1
49,36,1,1
49,37,1,1
49,38,1,1
49,40,1,1
49,49,1,1
49,50,1,1
49,59,1,2
49,60,1,1
49,62,1,1
49,74,1,1
49,77,1,1
50,-84,1,1
50,-83,1,2
50,-81,1,2
50,-80,1,3
50,-78,1,2
50,-77,1,1
50,-75,1,1
50,-73,1,3
50,-72,1,1
50,-71,1,1
50,-70,1,1
50,-69,1,1
50,-68,1,2
50,-67,1,3
50,-66,1,3
50,-65,1,3
50,-64,1,1
50,-63,1,5
50,-62,1,1
50,-61,1,4
50,-60,1,2
50,-59,1,4
50,-58,1,2
50,-57,1,2
50,-56,1,2
50,-55,1,3
50,-54,1,4
50,-53,1,1
50,-52,1,2
50,-51,1,2
50,-50,1,2
50,-49,1,1
50,-47,1,4
50,-46,1,1
50,-45,1,1
50,-44,1,4
50,-43,1,4
50,-42,1,1
50,-41,1,2
50,-40,1,1
50,-39,1,5
50,-38,1,1
50,-37,1,1
50,-36,1,2
50,-35,1,2
50,-34,1,1
50,-33,1,3
50,-32,1,1
50,-31,1,1
50,-30,1,2
50,-29,1,1
50,-28,1,1
50,-27,1,2
50,-26,1,2
50,-25,1,1
50,-24,1,4
50,-23,1,2
50,-22,1,2
50,-21,1,1
50,-20,1,2
50,-19,1,1
50,-17,1,3
50,-11,1,3
50,-10,1,1
50,-8,1,2
50,-7,1,1
50,-6,1,2
50,-5,1,1
50,-3,1,3
50,-2,1,2
50,0,1,2
50,1,1,2
50,2,1,1
50,3,1,1
50,4,1,2
50,7,1,1
50,8,1,2
50,10,1,4
50,11,1,1
50,13,1,1
50,16,1,1
50,20,1,2
50,23,1,3
50,24,1,5
50,25,1,1
50,26,1,1
50,28,1,2
50,30,1,1
50,31,1,1
50,33,1,1
50,34,1,3
50,35,1,2
50,36,1,3
50,37,1,1
50,38,1,1
50,39,1,1
50,41,1,1
50,42,1,1
50,45,1,3
50,52,1,1
50,53,1,3
50,55,1,1
50,56,1,2
50,57,1,1
50,62,1,1
50,64,1,2
50,66,1,1
50,72,1,1
50,76,1,1
50,77,1,1
50,78,1,1
50,86,1,1
50,89,1,1
51,-84,1,1
51,-80,1,1
51,-78,1,2
51,-76,1,1
51,-74,1,1
51,-72,1,3
51,-71,1,3
51,-70,1,1
51,-69,1,2
51,-68,1,3
51,-67,1,1
51,-66,1,1
51,-65,1,1
51,-64,1,3
51,-63,1,3
51,-61,1,2
51,-60,1,3
51,-59,1,1
51,-58,1,2
51,-57,1,3
51,-56,1,3
51,-55,1,1
51,-54,1,1
51,-50,1,2
51,-47,1,3
51,-46,1,1
51,-44,1,1
51,-43,1,3
51,-40,1,1
51,-39,1,3
51,-37,1,1
51,-34,1,3
51,-30,1,1
51,-29,1,1
51,-28,1,2
51,-26,1,3
51,-25,1,1
51,-24,1,1
51,-23,1,1
51,-22,1,1
51,-21,1,1
51,-20,1,1
51,-17,1,1
51,-16,1,1
51,-15,1,1
51,-13,1,1
51,-10,1,2
51,-8,1,1
51,-7,1,1
51,-6,1,1
51,-4,1,1
51,-1,1,1
51,4,1,1
51,5,1,1
51,9,1,3
51,11,1,1
51,12,1,2
51,14,1,1
51,15,1,2
51,18,1,2
51,19,1,1
51,21,1,1
51,22,1,1
51,23,1,1
51,27,1,3
51,28,1,1
51,29,1,1
51,30,1,2
51,31,1,2
51,32,1,2
51,33,1,2
51,36,1,1
51,37,1,1
51,38,1,2
51,41,1,1
51,42,1,1
51,45,1,1
51,46,1,2
51,47,1,1
51,48,1,1
51,51,1,2
51,52,1,2
51,56,1,1
51,59,1,1
51,62,1,1
51,63,1,1
51,64,1,1
51,73,1,1
51,74,1,1
51,78,1,1
51,82,1,1
51,83,1,1
51,84,1,1
52,-86,1,1
52,-84,1,1
52,-83,1,1
52,-82,1,2
52,-81,1,1
52,-80,1,1
52,-79,1,1
52,-78,1,1
52,-76,1,1
52,-75,1,2
52,-74,1,3
52,-71,1,4
52,-70,1,3
52,-69,1,2
52,-68,1,1
52,-67,1,3
52,-66,1,3
52,-65,1,3
52,-64,1,4
52,-62,1,6
52,-61,1,3
52,-60,1,3
52,-58,1,3
52,-57,1,1
52,-56,1,2
52,-55,1,2
52,-54,1,1
52,-53,1,3
52,-51,1,2
52,-50,1,2
52,-49,1,3
52,-47,1,3
52,-46,1,2
52,-45,1,1
52,-44,1,1
52,-43,1,2
52,-42,1,1
52,-41,1,2
52,-39,1,1
52,-38,1,5
52,-35,1,1
52,-33,1,3
52,-32,1,1
52,-31,1,2
52,-30,1,5
52,-29,1,4
52,-28,1,1
52,-27,1,2
52,-26,1,2
52,-25,1,4
52,-24,1,2
52,-23,1,1
52,-22,1,1
52,-21,1,1
52,-20,1,2
52,-18,1,2
52,-17,1,1
52,-15,1,2
52,-12,1,2
52,-11,1,5
52,-10,1,2
52,-9,1,3
52,-7,1,1
52,-6,1,1
52,-3,1,3
52,-2,1,2
52,-1,1,4
52,1,1,1
52,2,1,1
52,3,1,2
52,5,1,3
52,7,1,1
52,9,1,1
52,10,1,3
52,11,1,1
52,13,1,4
52,16,1,1
52,17,1,2
52,18,1,1
52,19,1,1
52,20,1,2
52,21,1,2
52,22,1,1
52,23,1,3
52,24,1,2
52,25,1,1
52,27,1,2
52,28,1,2
52,29,1,2
52,31,1,1
52,32,1,1
52,34,1,1
52,35,1,2
52,38,1,1
52,41,1,1
52,42,1,2
52,43,1,1
52,44,1,1
52,47,1,2
52,48,1,1
52,54,1,1
52,55,1,1
52,56,1,1
52,58,1,1
52,59,1,1
52,60,1,1
52,61,1,2
52,64,1,2
52,66,1,1
52,69,1,1
52,74,1,1
52,79,1,1
52,80,1,1
52,85,1,1
53,-88,1,1
53,-86,1,1
53,-82,1,1
53,-81,1,1
53,-80,1,1
53,-79,1,2
53,-77,1,1
53,-76,1,2
53,-75,1,2
53,-74,1,2
53,-73,1,1
53,-71,1,2
53,-70,1,2
53,-69,1,2
53,-68,1,2
53,-67,1,1
53,-66,1,5
53,-64,1,2
53,-63,1,1
53,-62,1,3
53,-61,1,2
53,-60,1,2
53,-59,1,1
53,-58,1,1
53,-57,1,3
53,-56,1,3
53,-55,1,4
53,-54,1,4
53,-53,1,2
53,-51,1,2
53,-50,1,3
53,-48,1,1
53,-47,1,1
53,-46,1,1
53,-45,1,1
53,-44,1,2
53,-43,1,1
53,-42,1,2
53,-41,1,2
53,-40,1,1
53,-39,1,1
53,-38,1,3
53,-37,1,1
53,-36,1,2
53,-35,1,3
53,-34,1,4
53,-33,1,2
53,-32,1,2
53,-31,1,1
53,-30,1,1
53,-29,1,1
53,-28,1,2
53,-26,1,2
53,-25,1,1
53,-24,1,3
53,-23,1,1
53,-22,1,2
53,-21,1,1
53,-19,1,3
53,-16,1,2
53,-9,1,1
53,-8,1,2
53,-6,1,1
53,-5,1,1
53,-4,1,1
53,-3,1,2
53,-2,1,2
53,-1,1,2
53,1,1,1
53,2,1,1
53,3,1,2
53,5,1,1
53,6,1,2
53,7,1,1
53,9,1,3
53,10,1,2
53,11,1,2
53,14,1,2
53,15,1,1
53,16,1,2
53,17,1,2
53,18,1,1
53,19,1,2
53,20,1,1
53,22,1,1
53,23,1,2
53,24,1,1
53,25,1,2
53,26,1,2
53,27,1,1
53,28,1,1
53,29,1,3
53,31,1,2
53,32,1,1
53,33,1,2
53,34,1,1
53,36,1,1
53,37,1,1
53,38,1,2
53,39,1,1
53,41,1,2
53,43,1,2
53,44,1,2
53,45,1,2
53,46,1,1
53,48,1,1
53,49,1,1
53,51,1,1
53,52,1,1
53,53,1,1
53,54,1,1
53,57,1,2
53,61,1,1
53,63,1,1
53,66,1,1
53,68,1,2
53,71,1,1
53,72,1,1
53,73,1,1
53,74,1,2
53,76,1,1
53,77,1,1
53,80,1,1
53,82,1,1
53,87,1,1
54,-85,1,1
54,-80,1,2
54,-79,1,3
54,-78,1,1
54,-76,1,5
54,-74,1,1
54,-73,1,3
54,-72,1,1
54,-71,1,6
54,-70,1,2
54,-69,1,3
54,-67,1,2
54,-66,1,2
54,-65,1,4
54,-64,1,2
54,-63,1,2
54,-62,1,4
54,-60,1,1
54,-59,1,1
54,-58,1,2
54,-57,1,2
54,-56,1,7
54,-55,1,8
54,-54,1,3
54,-53,1,1
54,-52,1,3
54,-51,1,2
54,-50,1,4
54,-49,1,3
54,-48,1,2
54,-47,1,1
54,-46,1,3
54,-45,1,1
54,-44,1,4
54,-43,1,2
54,-42,1,1
54,-41,1,4
54,-40,1,4
54,-39,1,4
54,-38,1,5
54,-36,1,1
54,-35,1,3
54,-34,1,2
54,-33,1,1
54,-32,1,3
54,-31,1,1
54,-30,1,1
54,-29,1,3
54,-28,1,1
54,-26,1,1
54,-25,1,1
54,-24,1,2
54,-22,1,2
54,-21,1,1
54,-20,1,2
54,-19,1,2
54,-17,1,4
54,-16,1,3
54,-15,1,1
54,-14,1,1
54,-11,1,2
54,-9,1,1
54,-8,1,1
54,-7,1,3
54,-6,1,1
54,-5,1,1
54,-4,1,4
54,-3,1,1
54,-2,1,1
54,-1,1,1
54,0,1,1
54,1,1,3
54,2,1,1
54,3,1,3
54,5,1,3
54,7,1,2
54,8,1,2
54,9,1,2
54,10,1,1
54,12,1,2
54,13,1,4
54,15,1,1
54,16,1,1
54,19,1,1
54,21,1,4
54,22,1,1
54,23,1,1
54,24,1,3
54,25,1,3
54,28,1,1
54,29,1,1
54,30,1,4
54,31,1,1
54,32,1,1
54,33,1,5
54,34,1,4
54,35,1,3
54,36,1,2
54,37,1,1
54,38,1,1
54,39,1,2
54,41,1,1
54,42,1,2
54,43,1,1
54,44,1,1
54,46,1,2
54,48,1,1
54,50,1,3
54,51,1,2
54,52,1,2
54,53,1,2
54,54,1,2
54,62,1,1
54,65,1,1
54,68,1,1
54,69,1,1
54,74,1,1
54,75,1,2
54,77,1,1
54,79,1,1
54,81,1,1
54,82,1,1
55,-85,1,1
55,-83,1,1
55,-80,1,1
55,-78,1,2
55,-76,1,1
55,-74,1,2
55,-72,1,1
55,-70,1,2
55,-69,1,3
55,-68,1,2
55,-67,1,4
55,-65,1,2
55,-64,1,2
55,-63,1,5
55,-62,1,2
55,-60,1,1
55,-59,1,4
55,-58,1,2
55,-57,1,2
55,-56,1,3
55,-55,1,1
55,-54,1,1
55,-53,1,2
55,-52,1,4
55,-51,1,1
55,-50,1,2
55,-49,1,3
55,-48,1,4
55,-47,1,1
55,-46,1,3
55,-45,1,5
55,-44,1,1
55,-42,1,2
55,-41,1,1
55,-40,1,1
55,-39,1,3
55,-37,1,1
55,-36,1,1
55,-35,1,3
55,-33,1,2
55,-32,1,1
55,-31,1,1
55,-30,1,1
55,-28,1,1
55,-27,1,1
55,-26,1,3
55,-25,1,1
55,-24,1,1
55,-23,1,1
55,-21,1,2
55,-19,1,1
55,-17,1,3
55,-16,1,1
55,-15,1,4
55,-14,1,3
55,-13,1,1
55,-12,1,1
55,-10,1,1
55,-9,1,1
55,-8,1,2
55,-7,1,2
55,-6,1,3
55,-5,1,1
55,-3,1,1
55,-2,1,1
55,-1,1,1
55,0,1,3
55,2,1,1
55,3,1,2
55,4,1,1
55,5,1,5
55,6,1,2
55,7,1,1
55,8,1,2
55,9,1,3
55,10,1,2
55,11,1,1
55,12,1,2
55,13,1,1
55,14,1,2
55,15,1,1
55,16,1,4
55,17,1,4
55,18,1,1
55,19,1,1
55,20,1,1
55,23,1,3
55,26,1,3
55,27,1,4
55,28,1,2
55,30,1,1
55,32,1,3
55,34,1,1
55,35,1,1
55,37,1,1
55,39,1,1
55,40,1,1
55,41,1,1
55,42,1,1
55,43,1,2
55,45,1,1
55,47,1,1
55,49,1,1
55,50,1,1
55,51,1,1
55,52,1,3
55,53,1,1
55,54,1,3
55,56,1,1
55,57,1,3
55,59,1,2
55,60,1,3
55,61,1,2
55,62,1,3
55,64,1,2
55,67,1,1
55,75,1,1
55,82,1,1
55,83,1,2
55,86,1,2
56,-86,1,3
56,-83,1,2
56,-80,1,3
56,-79,1,1
56,-78,1,1
56,-77,1,2
56,-76,1,2
56,-75,1,4
56,-74,1,3
56,-73,1,1
56,-72,1,4
56,-71,1,3
56,-69,1,4
56,-67,1,1
56,-66,1,1
56,-65,1,3
56,-64,1,2
56,-63,1,2
56,-62,1,1
56,-61,1,1
56,-60,1,2
56,-58,1,3
56,-57,1,5
56,-56,1,2
56,-55,1,4
56,-54,1,4
56,-53,1,1
56,-52,1,5
56,-51,1,6
56,-50,1,2
56,-49,1,2
56,-48,1,3
56,-47,1,1
56,-46,1,2
56,-45,1,4
56,-44,1,4
56,-43,1,2
56,-42,1,4
56,-41,1,2
56,-40,1,3
56,-39,1,4
56,-38,1,1
56,-37,1,2
56,-36,1,1
56,-35,1,4
56,-34,1,6
56,-33,1,5
56,-32,1,1
56,-31,1,1
56,-30,1,3
56,-29,1,1
56,-28,1,2
56,-26,1,2
56,-25,1,1
56,-24,1,2
56,-23,1,3
56,-21,1,1
56,-20,1,3
56,-19,1,2
56,-16,1,4
56,-14,1,2
56,-13,1,1
56,-12,1,1
56,-11,1,1
56,-10,1,4
56,-9,1,1
56,-7,1,1
56,-6,1,1
56,-5,1,2
56,-4,1,4
56,-3,1,5
56,-2,1,2
56,-1,1,2
56,0,1,1
56,1,1,2
56,2,1,3
56,4,1,4
56,5,1,3
56,7,1,1
56,8,1,1
56,9,1,1
56,10,1,1
56,11,1,2
56,12,1,4
56,13,1,1
56,14,1,2
56,15,1,2
56,16,1,3
56,17,1,3
56,18,1,5
56,19,1,1
56,20,1,1
56,21,1,3
56,23,1,2
56,24,1,1
56,25,1,2
56,26,1,1
56,28,1,1
56,29,1,2
56,31,1,2
56,32,1,4
56,33,1,4
56,34,1,2
56,35,1,4
56,36,1,3
56,37,1,3
56,38,1,1
56,40,1,2
56,42,1,4
56,43,1,1
56,44,1,1
56,45,1,1
56,46,1,1
56,47,1,2
56,48,1,1
56,49,1,1
56,50,1,3
56,51,1,1
56,52,1,2
56,53,1,2
56,54,1,3
56,55,1,1
56,56,1,1
56,58,1,2
56,60,1,3
56,61,1,3
56,63,1,1
56,67,1,1
56,68,1,1
56,69,1,2
56,71,1,1
56,73,1,1
56,77,1,1
56,79,1,1
56,84,1,1
56,87,1,2
57,-87,1,1
57,-84,1,1
57,-82,1,2
57,-80,1,1
57,-79,1,2
57,-78,1,1
57,-77,1,2
57,-75,1,1
57,-74,1,2
57,-72,1,6
57,-70,1,1
57,-69,1,1
57,-68,1,2
57,-67,1,3
57,-66,1,1
57,-65,1,5
57,-63,1,2
57,-62,1,4
57,-61,1,3
57,-60,1,3
57,-59,1,1
57,-58,1,3
57,-57,1,6
57,-56,1,2
57,-55,1,3
57,-54,1,3
57,-53,1,1
57,-52,1,5
57,-51,1,3
57,-50,1,1
57,-49,1,2
57,-48,1,4
57,-47,1,3
57,-46,1,2
57,-45,1,4
57,-44,1,1
57,-43,1,4
57,-42,1,2
57,-41,1,2
57,-40,1,2
57,-39,1,2
57,-38,1,5
57,-37,1,2
57,-36,1,5
57,-35,1,3
57,-34,1,4
57,-33,1,4
57,-31,1,4
57,-30,1,4
57,-29,1,2
57,-28,1,1
57,-27,1,3
57,-26,1,2
57,-25,1,2
57,-24,1,1
57,-23,1,4
57,-22,1,3
57,-21,1,2
57,-20,1,4
57,-18,1,2
57,-17,1,1
57,-16,1,3
57,-13,1,2
57,-12,1,1
57,-11,1,2
57,-10,1,1
57,-8,1,2
57,-6,1,3
57,-5,1,3
57,-4,1,2
57,-3,1,1
57,1,1,2
57,2,1,2
57,4,1,1
57,6,1,2
57,8,1,1
57,9,1,2
57,10,1,2
57,11,1,1
57,12,1,2
57,13,1,1
57,14,1,5
57,15,1,1
57,17,1,3
57,18,1,2
57,19,1,1
57,20,1,3
57,21,1,3
57,22,1,2
57,23,1,2
57,24,1,5
57,25,1,3
57,26,1,3
57,27,1,1
57,28,1,3
57,30,1,1
57,31,1,3
57,32,1,3
57,33,1,2
57,35,1,3
57,37,1,2
57,38,1,2
57,40,1,1
57,43,1,2
57,44,1,3
57,46,1,2
57,47,1,2
57,48,1,2
57,50,1,3
57,51,1,1
57,52,1,2
57,53,1,6
57,54,1,2
57,55,1,1
57,56,1,5
57,58,1,3
57,59,1,1
57,60,1,5
57,61,1,5
57,62,1,1
57,63,1,3
57,67,1,2
57,71,1,2
57,72,1,1
57,75,1,1
57,77,1,1
57,78,1,2
57,79,1,1
57,80,1,1
57,83,1,1
58,-84,1,1
58,-83,1,1
58,-82,1,1
58,-80,1,1
58,-79,1,1
58,-78,1,1
58,-76,1,2
58,-75,1,3
58,-74,1,2
58,-73,1,1
58,-72,1,1
58,-71,1,1
58,-70,1,2
58,-69,1,2
58,-68,1,1
58,-67,1,4
58,-66,1,5
58,-64,1,1
58,-63,1,3
58,-62,1,3
58,-61,1,5
58,-60,1,2
58,-59,1,5
58,-58,1,6
58,-57,1,6
58,-56,1,3
58,-55,1,3
58,-54,1,8
58,-53,1,4
58,-51,1,1
58,-50,1,1
58,-49,1,3
58,-48,1,4
58,-47,1,4
58,-46,1,6
58,-45,1,3
58,-44,1,3
58,-43,1,2
58,-42,1,3
58,-41,1,3
58,-40,1,3
58,-39,1,3
58,-38,1,6
58,-37,1,3
58,-36,1,4
58,-35,1,1
58,-34,1,2
58,-33,1,2
58,-32,1,4
58,-30,1,3
58,-29,1,3
58,-28,1,1
58,-27,1,3
58,-26,1,2
58,-25,1,6
58,-24,1,4
58,-22,1,1
58,-21,1,2
58,-20,1,4
58,-19,1,1
58,-18,1,3
58,-17,1,1
58,-16,1,2
58,-15,1,2
58,-14,1,2
58,-13,1,3
58,-12,1,1
58,-10,1,2
58,-9,1,2
58,-8,1,2
58,-7,1,3
58,-6,1,1
58,-5,1,1
58,-4,1,4
58,-3,1,4
58,-2,1,1
58,-1,1,2
58,0,1,1
58,1,1,1
58,2,1,3
58,3,1,1
58,4,1,2
58,5,1,2
58,6,1,4
58,7,1,3
58,8,1,2
58,9,1,1
58,10,1,6
58,11,1,2
58,12,1,2
58,13,1,1
58,14,1,3
58,15,1,2
58,16,1,3
58,17,1,3
58,18,1,1
58,19,1,2
58,20,1,2
58,21,1,3
58,22,1,2
58,23,1,3
58,25,1,4
58,26,1,2
58,27,1,4
58,29,1,7
58,30,1,2
58,31,1,1
58,32,1,2
58,34,1,2
58,35,1,1
58,36,1,1
58,38,1,2
58,39,1,2
58,41,1,6
58,42,1,1
58,44,1,3
58,45,1,3
58,46,1,2
58,47,1,1
58,48,1,1
58,49,1,2
58,50,1,2
58,51,1,3
58,52,1,5
58,53,1,1
58,55,1,1
58,56,1,3
58,57,1,2
58,58,1,4
58,64,1,1
58,67,1,1
58,71,1,2
58,73,1,3
58,78,1,2
58,79,1,1
58,80,1,1
58,81,1,2
58,86,1,1
59,-84,1,1
59,-81,1,1
59,-78,1,1
59,-76,1,2
59,-75,1,2
59,-74,1,1
59,-73,1,1
59,-72,1,1
59,-70,1,1
59,-69,1,3
59,-68,1,2
59,-67,1,2
59,-66,1,5
59,-65,1,1
59,-64,1,1
59,-63,1,3
59,-62,1,2
59,-61,1,4
59,-60,1,2
59,-59,1,2
59,-58,1,3
59,-57,1,6
59,-56,1,1
59,-55,1,2
59,-53,1,1
59,-52,1,10
59,-51,1,3
59,-50,1,4
59,-49,1,2
59,-48,1,4
59,-47,1,3
59,-46,1,2
59,-45,1,2
59,-44,1,3
59,-43,1,4
59,-42,1,3
59,-41,1,5
59,-40,1,1
59,-39,1,1
59,-38,1,6
59,-37,1,1
59,-36,1,1
59,-35,1,1
59,-34,1,1
59,-33,1,1
59,-32,1,3
59,-31,1,4
59,-30,1,3
59,-29,1,2
59,-28,1,4
59,-27,1,4
59,-26,1,2
59,-24,1,4
59,-22,1,3
59,-21,1,4
59,-20,1,3
59,-19,1,1
59,-18,1,4
59,-17,1,2
59,-16,1,4
59,-15,1,2
59,-14,1,3
59,-13,1,3
59,-12,1,1
59,-11,1,1
59,-10,1,1
59,-8,1,3
59,-6,1,3
59,-5,1,4
59,-4,1,1
59,-3,1,2
59,-2,1,2
59,-1,1,4
59,0,1,3
59,1,1,2
59,2,1,2
59,3,1,4
59,4,1,3
59,5,1,3
59,6,1,2
59,7,1,3
59,8,1,2
59,9,1,2
59,10,1,3
59,11,1,3
59,12,1,4
59,13,1,2
59,14,1,3
59,15,1,4
59,17,1,7
59,18,1,3
59,19,1,3
59,21,1,3
59,22,1,1
59,23,1,2
59,24,1,3
59,25,1,4
59,26,1,1
59,27,1,2
59,28,1,1
59,29,1,2
59,30,1,3
59,31,1,2
59,32,1,3
59,33,1,1
59,34,1,2
59,35,1,2
59,36,1,4
59,37,1,2
59,38,1,3
59,39,1,1
59,40,1,1
59,41,1,2
59,42,1,1
59,43,1,1
59,44,1,3
59,45,1,1
59,46,1,2
59,47,1,3
59,48,1,1
59,49,1,2
59,50,1,1
59,51,1,4
59,52,1,1
59,53,1,2
59,54,1,2
59,56,1,2
59,57,1,1
59,58,1,4
59,59,1,1
59,60,1,1
59,61,1,3
59,62,1,1
59,64,1,1
59,66,1,1
59,67,1,1
59,68,1,2
59,69,1,2
59,71,1,1
59,78,1,1
59,79,1,1
59,82,1,1
59,83,1,1
60,-82,2,1
60,-78,2,1
60,-77,2,2
60,-76,1,1
60,-75,2,2
60,-74,2,1
60,-73,2,2
60,-72,2,1
60,-71,2,3
60,-70,2,2
60,-69,2,2
60,-68,2,1
60,-67,2,3
60,-66,1,1
60,-65,2,5
60,-64,2,3
60,-63,2,1
60,-62,2,1
60,-61,2,3
60,-60,2,4
60,-59,2,5
60,-58,2,1
60,-57,2,3
60,-56,2,6
60,-55,2,3
60,-54,2,2
60,-53,2,2
60,-52,2,4
60,-51,2,6
60,-50,2,2
60,-49,2,6
60,-48,2,7
60,-47,2,4
60,-46,2,6
60,-45,2,4
60,-44,2,2
60,-43,2,7
60,-42,2,4
60,-41,2,3
60,-40,2,7
60,-39,2,7
60,-38,2,5
60,-37,2,5
60,-36,2,2
60,-35,2,7
60,-34,2,1
60,-33,2,2
60,-32,1,2
60,-31,2,3
60,-30,2,4
60,-29,1,4
60,-28,2,3
60,-27,2,8
60,-26,2,5
60,-25,2,3
60,-24,2,6
60,-23,2,2
60,-22,2,3
60,-21,2,5
60,-20,2,3
60,-19,2,4
60,-18,2,4
60,-17,2,3
60,-16,2,2
60,-15,2,8
60,-14,2,3
60,-13,2,3
60,-12,2,2
60,-11,2,3
60,-10,2,2
60,-9,2,9
60,-8,2,3
60,-7,2,2
60,-6,2,4
60,-5,2,7
60,-4,2,5
60,-3,2,1
60,-2,2,2
60,-1,2,2
60,0,2,2
60,1,2,4
60,2,2,4
60,3,2,6
60,4,2,3
60,5,2,8
60,6,2,2
60,7,2,3
60,8,2,3
60,9,2,4
60,10,2,1
60,11,2,3
60,12,2,1
60,13,2,1
60,14,2,3
60,15,2,3
60,16,2,5
60,17,2,4
60,18,2,2
60,20,2,3
60,21,2,6
60,22,2,2
60,23,4,1
60,24,4,3
60,25,4,2
60,26,4,2
60,27,4,3
60,28,4,3
60,29,4,4
60,30,4,2
60,31,4,4
60,32,4,3
60,34,3,5
60,35,3,6
60,36,3,1
60,37,3,3
60,38,3,4
60,39,3,2
60,40,3,4
60,41,3,1
60,42,3,3
60,43,3,3
60,44,3,1
60,45,1,1
60,46,3,3
60,47,3,3
60,48,3,2
60,50,3,4
60,51,3,2
60,52,3,1
60,53,3,2
60,54,3,1
60,55,3,1
60,56,3,2
60,57,3,3
60,58,3,4
60,59,3,3
60,60,3,4
60,61,3,1
60,64,3,1
60,65,3,3
60,66,3,1
60,68,3,1
60,69,3,2
60,70,3,1
60,71,3,1
60,72,3,1
60,73,3,2
60,75,3,2
60,77,3,1
60,78,3,2
60,81,3,1
60,82,3,1
60,85,3,3
60,86,3,3
60,88,3,1
61,-80,2,1
61,-79,2,1
61,-78,2,2
61,-77,2,1
61,-76,2,1
61,-75,2,2
61,-74,2,3
61,-73,2,3
61,-71,2,2
61,-69,2,1
61,-67,2,1
61,-63,2,2
61,-62,2,5
61,-60,2,4
61,-59,2,3
61,-58,2,2
61,-57,2,5
61,-56,2,3
61,-55,2,4
61,-54,2,5
61,-53,2,1
61,-52,2,6
61,-51,2,4
61,-50,2,1
61,-49,2,2
61,-48,2,4
61,-47,2,3
61,-46,2,5
61,-45,2,7
61,-44,2,4
61,-43,2,4
61,-42,2,5
61,-41,2,3
61,-40,2,3
61,-39,2,2
61,-38,2,4
61,-37,2,3
61,-36,2,3
61,-35,2,2
61,-34,2,4
61,-33,2,1
61,-32,2,4
61,-31,2,2
61,-30,2,5
61,-29,2,4
61,-28,2,2
61,-27,2,4
61,-26,2,4
61,-25,2,4
61,-24,2,3
61,-23,2,6
61,-22,2,4
61,-21,2,3
61,-20,2,3
61,-19,2,3
61,-18,2,2
61,-17,2,4
61,-16,2,5
61,-15,2,2
61,-14,2,2
61,-13,2,4
61,-12,2,3
61,-11,2,4
61,-10,2,2
61,-9,2,2
61,-8,2,4
61,-7,2,2
61,-6,2,1
61,-5,2,2
61,-3,2,3
61,-2,2,1
61,-1,2,2
61,0,2,3
61,1,2,2
61,2,2,2
61,3,2,3
61,4,2,1
61,5,2,1
61,7,2,2
61,8,2,2
61,9,2,1
61,10,2,3
61,11,2,4
61,12,2,3
61,14,2,4
61,15,2,2
61,16,2,2
61,17,2,3
61,18,2,3
61,19,2,2
61,20,2,2
61,21,2,2
61,22,4,2
61,23,4,2
61,25,4,4
61,26,4,3
61,27,4,2
61,28,4,1
61,29,4,2
61,30,4,3
61,31,4,5
61,33,4,2
61,34,4,3
61,35,4,1
61,36,3,3
61,37,3,2
61,38,3,6
61,39,3,6
61,40,3,2
61,41,3,2
61,42,3,2
61,44,3,3
61,45,3,1
61,46,3,3
61,47,3,6
61,48,3,1
61,49,3,2
61,50,3,2
61,51,3,3
61,53,3,1
61,54,3,4
61,55,3,2
61,56,3,1
61,57,3,1
61,58,3,1
61,59,3,2
61,61,3,1
61,62,3,1
61,63,3,2
61,65,3,4
61,67,3,1
61,69,3,2
61,70,3,3
61,72,3,1
61,75,3,2
61,77,3,2
61,79,3,1
61,83,3,1
61,85,3,1
62,-83,2,1
62,-79,2,2
62,-77,2,2
62,-76,2,1
62,-73,2,2
62,-72,2,2
62,-70,2,5
62,-69,2,1
62,-67,2,4
62,-66,2,3
62,-65,2,1
62,-64,2,2
62,-63,2,2
62,-62,2,3
62,-61,2,6
62,-60,2,3
62,-58,2,1
62,-56,2,3
62,-55,2,6
62,-54,2,4
62,-53,2,2
62,-52,2,3
62,-51,2,3
62,-50,2,5
62,-49,2,8
62,-48,2,8
62,-47,2,5
62,-46,2,4
62,-45,2,5
62,-44,2,2
62,-43,2,6
62,-42,2,4
62,-41,2,6
62,-40,2,3
62,-39,2,3
62,-38,2,2
62,-37,2,2
62,-36,2,3
62,-35,2,8
62,-34,2,4
62,-33,2,6
62,-32,2,3
62,-31,2,7
62,-30,2,4
62,-29,2,6
62,-28,2,5
62,-27,2,3
62,-26,2,9
62,-25,2,4
62,-24,2,7
62,-23,2,9
62,-22,2,8
62,-21,2,6
62,-20,2,8
62,-19,2,9
62,-18,2,3
62,-17,2,5
62,-16,2,5
62,-15,2,3
62,-14,2,7
62,-13,2,1
62,-12,2,7
62,-11,2,3
62,-10,2,5
62,-9,2,5
62,-8,2,6
62,-7,2,8
62,-6,2,3
62,-5,2,3
62,-4,2,4
62,-3,2,4
62,-2,2,6
62,-1,2,4
62,0,2,2
62,1,2,7
62,2,2,6
62,3,2,3
62,4,2,4
62,5,2,7
62,6,2,6
62,7,2,2
62,8,2,3
62,9,2,5
62,10,2,3
62,11,2,2
62,12,2,6
62,13,2,6
62,14,2,7
62,15,2,5
62,16,2,5
62,17,2,5
62,18,2,3
62,19,2,1
62,20,2,5
62,21,4,5
62,22,4,4
62,23,4,3
62,24,4,6
62,25,4,4
62,26,4,4
62,27,4,6
62,28,4,2
62,29,4,5
62,30,4,2
62,31,4,4
62,32,4,4
62,33,4,2
62,34,4,2
62,35,4,3
62,36,4,4
62,37,4,5
62,38,3,2
62,39,3,3
62,40,3,4
62,41,3,1
62,42,3,1
62,43,3,3
62,44,3,5
62,45,3,3
62,46,3,1
62,47,3,5
62,48,3,3
62,49,3,1
62,50,3,1
62,51,3,4
62,52,3,2
62,53,3,6
62,54,3,2
62,55,3,5
62,56,3,3
62,57,3,4
62,58,3,3
62,59,3,4
62,60,3,1
62,61,3,4
62,62,3,2
62,63,3,2
62,64,3,1
62,65,3,3
62,66,3,1
62,67,3,4
62,69,3,4
62,70,3,3
62,71,3,2
62,72,3,4
62,73,3,1
62,75,3,1
62,76,3,1
62,77,3,2
62,78,3,1
62,79,3,1
62,82,3,3
62,83,3,1
62,85,3,2
62,88,3,1
63,-84,2,1
63,-80,2,1
63,-78,2,1
63,-77,2,2
63,-75,2,2
63,-74,2,1
63,-67,2,3
63,-66,2,2
63,-65,2,1
63,-64,2,1
63,-63,2,3
63,-62,2,3
63,-61,2,3
63,-60,2,2
63,-59,2,1
63,-58,2,6
63,-57,2,3
63,-56,2,1
63,-55,2,5
63,-54,2,2
63,-53,2,3
63,-52,2,9
63,-51,2,2
63,-50,2,3
63,-49,2,3
63,-48,2,4
63,-47,2,7
63,-46,2,1
63,-45,2,8
63,-43,2,6
63,-42,2,2
63,-41,2,4
63,-40,2,4
63,-39,2,5
63,-38,2,2
63,-37,2,3
63,-36,2,4
63,-35,2,5
63,-34,2,5
63,-33,2,3
63,-32,2,5
63,-31,2,5
63,-30,2,8
63,-29,2,2
63,-28,2,5
63,-27,2,4
63,-26,2,8
63,-25,2,6
63,-24,2,5
63,-23,2,2
63,-22,2,6
63,-21,2,6
63,-20,2,7
63,-19,2,4
63,-18,2,2
63,-17,2,5
63,-16,2,2
63,-15,2,2
63,-14,2,2
63,-13,2,2
63,-12,2,4
63,-11,2,4
63,-10,2,8
63,-9,2,1
63,-7,2,4
63,-6,2,5
63,-5,2,4
63,-4,2,3
63,-3,2,4
63,-2,2,1
63,-1,2,7
63,0,2,3
63,1,2,5
63,2,2,3
63,3,2,2
63,4,2,3
63,5,2,2
63,6,2,3
63,7,2,3
63,8,2,2
63,9,2,3
63,10,2,6
63,11,2,2
63,12,2,2
63,13,2,3
63,14,2,3
63,15,2,9
63,16,2,3
63,17,2,4
63,18,2,3
63,19,2,7
63,20,4,1
63,21,4,3
63,22,4,3
63,23,4,3
63,24,4,5
63,25,4,7
63,26,4,1
63,27,4,4
63,28,4,7
63,29,4,2
63,30,4,1
63,31,4,3
63,32,4,7
63,33,4,3
63,34,4,2
63,35,4,1
63,36,4,5
63,37,4,7
63,38,4,5
63,41,3,4
63,43,3,2
63,44,3,1
63,45,3,1
63,46,3,5
63,47,3,1
63,48,3,2
63,50,3,1
63,51,3,1
63,52,3,3
63,53,3,1
63,54,3,6
63,55,3,5
63,56,3,4
63,59,3,1
63,60,3,2
63,61,3,3
63,62,3,2
63,63,3,4
63,64,3,5
63,65,3,1
63,66,3,3
63,67,3,1
63,68,3,2
63,69,3,2
63,70,3,1
63,71,3,3
63,72,3,2
63,74,3,1
63,77,3,2
63,81,3,3
63,83,3,1
63,84,3,1
63,85,3,1
63,86,3,1
63,87,3,1
63,88,3,1
63,89,3,1
64,-80,2,1
64,-79,2,1
64,-77,2,1
64,-76,2,1
64,-75,2,1
64,-74,2,4
64,-72,2,1
64,-71,2,1
64,-69,2,2
64,-68,2,2
64,-67,2,6
64,-66,2,2
64,-65,2,2
64,-64,2,3
64,-63,2,2
64,-62,2,7
64,-61,2,8
64,-60,2,1
64,-59,2,1
64,-58,2,5
64,-57,2,4
64,-56,2,4
64,-55,2,1
64,-54,2,8
64,-53,2,1
64,-52,2,4
64,-51,2,7
64,-50,2,2
64,-49,2,4
64,-48,2,7
64,-47,2,5
64,-46,2,4
64,-45,2,6
64,-44,2,5
64,-43,2,7
64,-42,2,8
64,-41,2,9
64,-40,2,3
64,-39,2,6
64,-38,2,6
64,-37,2,3
64,-36,2,4
64,-35,2,7
64,-34,2,7
64,-33,2,9
64,-32,2,4
64,-31,2,4
64,-30,2,9
64,-29,2,6
64,-28,2,7
64,-27,2,9
64,-26,2,10
64,-25,2,5
64,-24,2,12
64,-23,2,8
64,-22,2,6
64,-21,2,3
64,-20,2,9
64,-19,2,6
64,-18,2,4
64,-17,2,8
64,-16,2,5
64,-15,2,6
64,-14,2,3
64,-13,2,5
64,-12,2,3
64,-11,2,4
64,-10,2,4
64,-9,2,5
64,-8,2,5
64,-7,2,4
64,-6,2,6
64,-5,2,6
64,-4,2,1
64,-3,2,4
64,-2,2,8
64,-1,2,7
64,0,2,2
64,1,2,7
64,2,2,6
64,3,2,5
64,4,2,3
64,5,2,4
64,6,2,4
64,7,2,2
64,8,2,4
64,9,2,3
64,10,2,9
64,11,2,4
64,12,2,2
64,13,2,4
64,14,2,8
64,15,2,4
64,16,2,4
64,17,2,5
64,18,2,7
64,19,2,3
64,20,4,2
64,21,4,6
64,22,4,5
64,23,4,3
64,24,4,3
64,25,4,12
64,26,4,6
64,27,4,7
64,28,4,3
64,29,4,5
64,30,4,6
64,31,4,5
64,32,4,5
64,33,4,3
64,34,4,11
64,35,4,2
64,36,4,5
64,37,4,3
64,38,4,6
64,39,4,6
64,40,4,4
64,41,4,7
64,42,3,8
64,43,3,5
64,44,3,4
64,45,3,1
64,46,3,3
64,47,3,2
64,48,3,3
64,49,3,2
64,50,3,1
64,51,3,5
64,52,3,2
64,53,3,3
64,54,3,8
64,55,3,2
64,56,3,7
64,57,3,5
64,58,3,5
64,59,3,4
64,60,3,3
64,61,3,2
64,62,3,2
64,63,3,2
64,64,3,2
64,65,3,2
64,66,3,1
64,68,3,1
64,69,3,3
64,70,3,4
64,71,3,3
64,72,3,2
64,73,3,1
64,74,3,1
64,75,3,1
64,76,3,1
64,77,3,4
64,78,3,1
64,79,3,3
64,80,3,4
64,81,3,3
64,83,3,1
64,84,3,1
64,85,3,1
64,86,3,2
64,87,3,1
64,88,3,1
65,-84,2,1
65,-81,2,2
65,-77,2,1
65,-76,2,2
65,-71,2,3
65,-69,2,1
65,-68,2,2
65,-67,2,2
65,-66,2,2
65,-65,2,2
65,-64,2,2
65,-63,2,3
65,-62,2,2
65,-60,2,1
65,-59,2,1
65,-58,2,2
65,-57,2,3
65,-55,2,2
65,-54,2,4
65,-53,2,3
65,-52,2,2
65,-51,2,5
65,-50,2,1
65,-49,2,2
65,-48,2,4
65,-47,2,5
65,-46,2,3
65,-45,2,1
65,-43,2,7
65,-42,2,4
65,-41,2,5
65,-40,2,3
65,-39,2,4
65,-38,2,5
65,-37,2,5
65,-36,2,4
65,-35,2,6
65,-34,2,8
65,-33,2,6
65,-32,2,4
65,-31,2,4
65,-30,2,7
65,-29,2,3
65,-28,2,6
65,-27,2,2
65,-26,2,8
65,-25,2,3
65,-24,2,4
65,-23,2,9
65,-22,2,11
65,-21,2,6
65,-20,2,5
65,-19,2,5
65,-18,2,5
65,-17,2,2
65,-16,2,4
65,-15,2,8
65,-14,2,6
65,-13,2,5
65,-12,2,9
65,-11,2,6
65,-10,2,6
65,-9,2,6
65,-8,2,4
65,-7,2,5
65,-6,2,2
65,-5,2,4
65,-4,2,6
65,-3,2,10
65,-2,2,4
65,-1,2,4
65,0,2,5
65,1,2,6
65,2,2,6
65,3,2,2
65,4,2,6
65,5,2,4
65,6,2,3
65,7,2,3
65,8,2,6
65,9,2,7
65,11,2,3
65,12,2,10
65,13,2,6
65,14,2,5
65,15,2,3
65,16,2,5
65,17,2,6
65,18,2,6
65,19,4,2
65,20,4,8
65,21,4,5
65,22,4,4
65,23,4,2
65,24,4,4
65,25,4,3
65,26,4,3
65,27,4,6
65,28,4,1
65,29,4,11
65,30,4,2
65,31,4,4
65,32,4,6
65,33,4,5
65,34,4,5
65,35,4,5
65,36,4,4
65,37,4,1
65,38,4,6
65,39,4,2
65,41,4,5
65,42,3,4
65,43,3,4
65,44,3,7
65,45,3,3
65,46,3,5
65,47,3,1
65,48,3,5
65,49,3,2
65,50,3,4
65,51,3,2
65,52,3,5
65,53,3,4
65,54,3,4
65,55,3,4
65,56,3,2
65,57,3,2
65,58,3,2
65,59,3,4
65,61,3,2
65,62,3,4
65,63,3,4
65,64,3,1
65,65,3,3
65,66,3,1
65,67,3,7
65,68,3,6
65,69,3,1
65,70,3,3
65,71,3,4
65,72,3,3
65,73,3,1
65,74,3,4
65,75,3,1
65,77,3,4
65,78,3,4
65,79,3,3
65,80,3,1
65,81,3,1
65,82,3,1
65,83,3,3
65,84,3,2
65,86,3,1
65,88,3,2
66,-84,2,2
66,-80,2,2
66,-76,2,1
66,-75,2,1
66,-74,2,2
66,-73,2,2
66,-72,2,1
66,-71,2,2
66,-70,2,1
66,-69,2,1
66,-68,2,1
66,-67,2,4
66,-66,2,2
66,-65,2,1
66,-64,2,2
66,-63,2,1
66,-62,2,4
66,-61,2,2
66,-60,2,3
66,-59,2,1
66,-58,2,2
66,-57,2,2
66,-56,2,5
66,-55,2,2
66,-54,2,4
66,-53,2,4
66,-52,2,7
66,-51,2,2
66,-50,2,4
66,-49,2,7
66,-48,2,2
66,-47,2,2
66,-46,2,4
66,-45,2,5
66,-44,2,7
66,-43,2,9
66,-42,2,9
66,-41,2,7
66,-40,2,5
66,-39,2,6
66,-38,2,7
66,-37,2,3
66,-36,2,6
66,-35,2,5
66,-34,2,9
66,-33,2,2
66,-32,2,7
66,-31,2,5
66,-30,2,11
66,-29,2,12
66,-28,2,9
66,-27,2,4
66,-26,2,7
66,-25,2,11
66,-24,2,15
66,-23,2,9
66,-22,2,8
66,-21,2,12
66,-20,2,7
66,-19,2,8
66,-18,2,12
66,-17,2,9
66,-16,2,11
66,-15,2,7
66,-14,2,7
66,-13,2,9
66,-12,2,11
66,-11,2,7
66,-10,2,10
66,-9,2,8
66,-8,2,5
66,-7,2,11
66,-6,2,6
66,-5,2,7
66,-4,2,10
66,-3,2,11
66,-2,2,9
66,-1,2,9
66,0,2,10
66,1,2,8
66,2,2,9
66,3,2,8
66,4,2,11
66,5,2,5
66,6,2,5
66,7,2,11
66,8,2,11
66,9,2,10
66,10,2,8
66,11,2,5
66,12,2,7
66,13,2,6
66,14,2,13
66,15,2,5
66,16,2,11
66,17,2,8
66,18,4,5
66,19,4,7
66,20,4,7
66,21,4,4
66,22,4,7
66,23,4,7
66,24,4,10
66,25,4,6
66,26,4,8
66,27,4,7
66,28,4,7
66,29,4,6
66,30,4,7
66,31,4,7
66,32,4,10
66,33,4,6
66,34,4,7
66,35,4,3
66,36,4,3
66,37,4,2
66,38,4,4
66,39,4,4
66,40,4,3
66,41,4,7
66,42,3,3
66,43,3,8
66,44,3,5
66,45,3,3
66,46,3,3
66,47,3,3
66,48,3,4
66,49,3,2
66,50,3,3
66,51,3,8
66,52,3,5
66,53,3,6
66,54,3,4
66,55,3,8
66,56,3,5
66,57,3,1
66,58,3,5
66,59,3,6
66,60,3,3
66,61,3,4
66,62,3,7
66,63,3,4
66,64,3,2
66,65,3,2
66,66,3,5
66,67,3,3
66,68,3,4
66,69,3,6
66,70,3,4
66,71,3,7
66,73,3,2
66,74,3,3
66,75,3,4
66,76,3,2
66,77,3,1
66,78,3,2
66,79,3,2
66,81,3,5
66,82,3,1
66,83,3,4
66,84,3,2
66,85,3,1
66,86,3,1
66,87,3,1
66,90,3,1
67,-83,2,1
67,-82,2,1
67,-78,2,1
67,-74,2,1
67,-71,2,3
67,-70,2,2
67,-68,2,1
67,-66,2,3
67,-65,2,1
67,-64,2,1
67,-63,2,2
67,-62,2,1
67,-61,2,1
67,-59,2,2
67,-58,2,2
67,-57,2,4
67,-55,2,5
67,-54,2,4
67,-53,2,3
67,-52,2,5
67,-51,2,1
67,-50,2,5
67,-49,2,9
67,-48,2,6
67,-47,2,6
67,-46,2,4
67,-45,2,8
67,-44,2,10
67,-43,2,3
67,-42,2,2
67,-41,2,5
67,-40,2,4
67,-39,2,3
67,-38,2,8
67,-37,2,4
67,-36,2,2
67,-35,2,10
67,-34,2,3
67,-33,2,6
67,-32,2,1
67,-31,2,8
67,-30,2,2
67,-29,2,6
67,-28,2,4
67,-27,2,9
67,-26,2,5
67,-25,2,9
67,-24,2,7
67,-23,2,12
67,-22,2,7
67,-21,2,8
67,-20,2,10
67,-19,2,10
67,-18,2,5
67,-17,2,14
67,-16,2,13
67,-15,2,9
67,-14,2,9
67,-13,2,10
67,-12,2,8
67,-11,2,7
67,-10,2,8
67,-9,2,9
67,-8,2,7
67,-7,2,4
67,-6,2,7
67,-5,2,3
67,-4,2,6
67,-3,2,7
67,-2,2,5
67,-1,2,3
67,0,2,9
67,1,2,5
67,2,2,5
67,3,2,9
67,4,2,8
67,5,2,5
67,6,2,9
67,7,2,1
67,8,2,10
67,9,2,3
67,10,2,4
67,11,2,8
67,12,2,6
67,13,2,10
67,14,2,8
67,15,2,5
67,16,2,5
67,17,4,4
67,18,4,2
67,19,4,5
67,20,4,3
67,21,4,6
67,22,4,8
67,23,4,7
67,24,4,8
67,25,4,5
67,26,4,9
67,27,4,10
67,28,4,3
67,29,4,5
67,30,4,4
67,31,4,11
67,32,4,3
67,33,4,5
67,34,4,8
67,35,4,5
67,36,4,7
67,37,4,4
67,38,4,4
67,39,4,3
67,40,4,8
67,41,4,7
67,42,3,5
67,43,3,1
67,44,3,3
67,45,3,4
67,46,3,1
67,47,3,5
67,48,3,1
67,49,3,5
67,50,3,4
67,52,3,5
67,53,3,3
67,54,3,5
67,55,3,3
67,56,3,8
67,58,3,4
67,59,3,4
67,61,3,4
67,62,3,7
67,63,3,6
67,65,3,5
67,66,3,2
67,67,3,2
67,68,3,6
67,69,3,1
67,70,3,3
67,71,3,4
67,72,3,2
67,73,3,2
67,74,3,3
67,75,3,4
67,76,3,1
67,77,3,4
67,78,3,2
67,82,3,2
67,84,3,1
67,85,3,2
67,86,3,2
67,87,3,2
68,-85,2,1
68,-84,2,1
68,-75,2,2
68,-74,2,1
68,-72,2,1
68,-71,2,1
68,-69,2,3
68,-68,2,2
68,-67,2,2
68,-66,2,1
68,-65,2,1
68,-64,2,2
68,-63,2,2
68,-62,2,2
68,-61,2,3
68,-60,2,2
68,-59,2,4
68,-57,2,1
68,-56,2,1
68,-55,2,4
68,-54,2,5
68,-53,2,4
68,-52,2,4
68,-51,2,5
68,-50,2,2
68,-49,2,8
68,-48,2,7
68,-47,2,3
68,-46,2,9
68,-45,2,5
68,-44,2,5
68,-43,2,4
68,-42,2,10
68,-41,2,3
68,-40,2,5
68,-39,2,10
68,-38,2,8
68,-37,2,6
68,-36,2,6
68,-35,2,8
68,-34,2,5
68,-33,2,6
68,-32,2,8
68,-31,2,7
68,-30,2,3
68,-29,2,7
68,-28,2,11
68,-27,2,9
68,-26,2,7
68,-25,2,9
68,-24,2,11
68,-23,2,7
68,-22,2,12
68,-21,2,11
68,-20,2,10
68,-19,2,14
68,-18,2,10
68,-17,2,10
68,-16,2,13
68,-15,2,10
68,-14,2,11
68,-13,2,8
68,-12,2,17
68,-11,2,11
68,-10,2,8
68,-9,2,9
68,-8,2,6
68,-7,2,8
68,-6,2,9
68,-5,2,8
68,-4,2,8
68,-3,2,8
68,-2,2,10
68,-1,2,7
68,0,2,9
68,1,2,8
68,2,2,10
68,3,2,7
68,4,2,10
68,5,2,6
68,6,2,6
68,7,2,6
68,8,2,10
68,9,2,10
68,10,2,7
68,11,2,9
68,12,2,7
68,13,2,8
68,14,2,6
68,15,2,6
68,16,2,11
68,17,4,12
68,18,4,8
68,19,4,14
68,20,4,13
68,21,4,11
68,22,4,9
68,23,4,7
68,24,4,7
68,25,4,9
68,26,4,12
68,27,4,9
68,28,4,10
68,29,4,8
68,30,4,3
68,31,4,15
68,32,4,6
68,33,4,4
68,34,4,14
68,35,4,7
68,36,4,12
68,37,4,5
68,38,4,7
68,39,4,8
68,40,3,6
68,41,3,6
68,42,3,8
68,43,3,8
68,44,3,7
68,45,3,6
68,46,3,5
68,47,3,3
68,48,3,5
68,49,3,5
68,50,3,4
68,51,3,6
68,52,3,6
68,53,3,5
68,54,3,4
68,55,3,6
68,56,3,3
68,57,3,4
68,58,3,6
68,59,3,5
68,60,3,4
68,61,3,4
68,62,3,7
68,63,3,7
68,64,3,5
68,65,3,5
68,66,3,4
68,67,3,3
68,68,3,1
68,69,3,3
68,70,3,1
68,71,3,3
68,72,3,1
68,73,3,1
68,74,3,2
68,75,3,3
68,76,3,7
68,77,3,6
68,78,3,1
68,79,3,2
68,80,3,2
68,81,3,4
68,82,3,7
68,83,3,3
68,84,3,2
68,87,3,2
68,90,3,1
69,-77,2,2
69,-70,2,1
69,-69,2,2
69,-68,2,2
69,-67,2,4
69,-66,2,3
69,-64,2,2
69,-63,2,2
69,-62,2,1
69,-61,2,1
69,-60,2,3
69,-59,2,4
69,-58,2,1
69,-57,2,6
69,-56,2,3
69,-55,2,3
69,-54,2,1
69,-53,2,4
69,-52,2,7
69,-51,2,5
69,-50,2,3
69,-49,2,3
69,-48,2,5
69,-47,2,2
69,-46,2,4
69,-45,2,2
69,-44,2,6
69,-43,2,9
69,-42,2,3
69,-41,2,4
69,-40,2,7
69,-39,2,5
69,-38,2,6
69,-37,2,3
69,-36,2,8
69,-35,2,4
69,-34,2,5
69,-33,2,5
69,-32,2,3
69,-31,2,8
69,-30,2,8
69,-29,2,6
69,-28,2,7
69,-27,2,7
69,-26,2,9
69,-25,2,5
69,-24,2,8
69,-23,2,6
69,-22,2,8
69,-21,2,8
69,-20,2,8
69,-19,2,14
69,-18,2,8
69,-17,2,10
69,-16,2,10
69,-15,2,8
69,-14,2,9
69,-13,2,12
69,-12,2,7
69,-11,2,8
69,-10,2,11
69,-9,2,11
69,-8,2,13
69,-7,2,12
69,-6,2,6
69,-5,2,8
69,-4,2,14
69,-3,2,12
69,-2,2,9
69,-1,2,5
69,0,2,15
69,1,2,7
69,2,2,10
69,3,2,10
69,4,2,15
69,5,2,12
69,6,2,9
69,7,2,3
69,8,2,8
69,9,2,9
69,10,2,10
69,11,2,11
69,12,2,7
69,13,2,3
69,14,2,6
69,15,2,8
69,16,4,3
69,17,4,7
69,18,4,7
69,19,4,11
69,20,4,7
69,21,4,9
69,22,4,12
69,23,4,7
69,24,4,10
69,25,4,6
69,26,4,8
69,27,4,7
69,28,4,10
69,29,4,5
69,30,4,6
69,31,4,13
69,32,4,4
69,33,4,5
69,34,4,6
69,35,4,5
69,36,4,2
69,37,4,7
69,38,3,5
69,39,3,5
69,40,3,5
69,41,3,4
69,42,3,6
69,43,3,6
69,44,3,6
69,45,3,4
69,46,3,1
69,47,3,2
69,48,3,3
69,49,3,5
69,50,3,6
69,51,3,4
69,52,3,3
69,53,3,5
69,54,3,1
69,55,3,1
69,56,3,4
69,57,3,6
69,58,3,4
69,59,3,2
69,60,3,3
69,61,3,3
69,62,3,7
69,63,3,7
69,64,3,2
69,65,3,6
69,66,3,2
69,67,3,7
69,68,3,3
69,69,3,1
69,70,3,3
69,71,3,2
69,72,3,2
69,73,3,2
69,74,3,2
69,75,3,3
69,76,3,2
69,77,3,1
69,79,3,2
69,80,3,8
69,81,3,3
69,82,3,1
69,85,3,1
69,86,3,1
70,-80,2,1
70,-78,2,1
70,-77,2,1
70,-74,2,1
70,-73,2,1
70,-70,2,1
70,-68,2,1
70,-67,2,1
70,-66,2,4
70,-65,2,1
70,-64,2,1
70,-63,2,2
70,-62,2,3
70,-61,2,4
70,-60,2,1
70,-59,2,4
70,-57,2,2
70,-56,2,3
70,-55,2,4
70,-54,2,3
70,-53,2,1
70,-52,2,7
70,-51,2,3
70,-50,2,6
70,-49,2,1
70,-48,2,5
70,-47,2,8
70,-46,2,6
70,-45,2,5
70,-44,2,3
70,-43,2,5
70,-42,2,7
70,-41,2,4
70,-40,2,9
70,-39,2,6
70,-38,2,7
70,-37,2,5
70,-36,2,4
70,-35,2,2
70,-34,2,9
70,-33,2,1
70,-32,2,5
70,-31,2,9
70,-30,2,2
70,-29,2,9
70,-28,2,7
70,-27,2,3
70,-26,2,8
70,-25,2,13
70,-24,2,15
70,-23,2,11
70,-22,2,11
70,-21,2,11
70,-20,2,8
70,-19,2,8
70,-18,2,16
70,-17,2,10
70,-16,2,11
70,-15,2,12
70,-14,2,18
70,-13,2,15
70,-12,2,10
70,-11,2,13
70,-10,2,12
70,-9,2,13
70,-8,2,8
70,-7,2,12
70,-6,2,8
70,-5,2,14
70,-4,2,14
70,-3,2,11
70,-2,2,12
70,-1,2,11
70,0,2,19
70,1,2,7
70,2,2,7
70,3,2,10
70,4,2,14
70,5,2,12
70,6,2,18
70,7,2,12
70,8,2,10
70,9,2,14
70,10,2,12
70,11,2,9
70,12,2,13
70,13,2,11
70,14,2,19
70,15,4,7
70,16,4,8
70,17,4,8
70,18,4,6
70,19,4,12
70,20,4,8
70,21,4,5
70,22,4,12
70,23,4,9
70,24,4,7
70,25,4,12
70,26,4,9
70,27,4,6
70,28,4,10
70,29,4,5
70,30,4,11
70,31,4,9
70,32,4,12
70,33,4,7
70,34,4,11
70,35,4,8
70,36,3,5
70,37,3,8
70,38,3,4
70,39,3,9
70,40,3,10
70,41,3,12
70,42,3,6
70,43,3,10
70,44,3,5
70,45,3,11
70,46,3,5
70,47,3,5
70,48,3,7
70,49,3,3
70,50,3,7
70,51,3,8
70,52,3,10
70,53,3,6
70,54,3,6
70,55,3,3
70,56,3,12
70,57,3,3
70,58,3,7
70,59,3,4
70,60,3,5
70,61,3,8
70,62,3,6
70,63,3,2
70,64,3,10
70,65,3,5
70,66,3,3
70,67,3,4
70,68,3,5
70,69,3,3
70,70,3,2
70,71,3,4
70,72,3,4
70,73,3,4
70,74,3,4
70,75,3,5
70,76,3,3
70,77,3,3
70,78,3,4
70,79,3,4
70,80,3,1
70,81,3,2
70,82,3,3
70,83,3,1
70,85,3,1
70,86,3,3
70,87,3,1
70,88,3,2
70,89,3,2
71,-81,2,1
71,-79,2,2
71,-75,2,1
71,-73,2,1
71,-70,2,1
71,-69,2,1
71,-67,2,2
71,-66,2,1
71,-65,2,1
71,-63,2,2
71,-62,2,3
71,-60,2,1
71,-59,2,2
71,-58,2,1
71,-57,2,2
71,-56,2,2
71,-55,2,2
71,-54,2,4
71,-53,2,4
71,-52,2,3
71,-51,2,2
71,-50,2,2
71,-49,2,5
71,-48,2,3
71,-47,2,3
71,-46,2,4
71,-45,2,6
71,-44,2,2
71,-43,2,6
71,-42,2,5
71,-41,2,5
71,-40,2,6
71,-39,2,3
71,-38,2,7
71,-37,2,6
71,-36,2,2
71,-35,2,7
71,-34,2,2
71,-33,2,8
71,-32,2,7
71,-31,2,6
71,-30,2,6
71,-29,2,7
71,-28,2,7
71,-27,2,14
71,-26,2,7
71,-25,2,7
71,-24,2,7
71,-23,2,12
71,-22,2,9
71,-21,2,7
71,-20,2,14
71,-19,2,11
71,-18,2,11
71,-17,2,10
71,-16,2,13
71,-15,2,5
71,-14,2,9
71,-13,2,8
71,-12,2,8
71,-11,2,15
71,-10,2,10
71,-9,2,12
71,-8,2,18
71,-7,2,12
71,-6,2,10
71,-5,2,15
71,-4,2,7
71,-3,2,5
71,-2,2,15
71,-1,2,10
71,0,2,7
71,1,2,9
71,2,2,2
71,3,2,15
71,4,2,7
71,5,2,5
71,6,2,8
71,7,2,16
71,8,2,7
71,9,2,12
71,10,2,9
71,11,2,10
71,12,2,13
71,13,2,10
71,14,4,7
71,15,4,7
71,16,4,8
71,17,4,7
71,18,4,7
71,19,4,15
71,20,4,13
71,21,4,8
71,22,4,8
71,23,4,7
71,24,4,13
71,25,4,11
71,26,4,11
71,27,4,7
71,28,4,8
71,29,4,12
71,30,4,4
71,31,4,6
71,32,4,6
71,33,4,6
71,34,3,10
71,35,3,12
71,36,3,12
71,37,3,5
71,38,3,9
71,39,3,8
71,40,3,6
71,41,3,11
71,42,3,2
71,43,3,3
71,44,3,5
71,45,3,9
71,46,3,5
71,47,3,11
71,48,3,2
71,49,3,4
71,50,3,6
71,51,3,5
71,52,3,2
71,53,3,3
71,54,3,1
71,55,3,3
71,56,3,3
71,57,3,8
71,58,3,9
71,59,3,3
71,60,3,4
71,61,3,6
71,62,3,5
71,63,3,3
71,64,3,5
71,65,3,3
71,66,3,5
71,67,3,3
71,68,3,4
71,69,3,3
71,70,3,4
71,71,3,2
71,72,3,3
71,73,3,4
71,74,3,4
71,75,3,4
71,76,3,2
71,78,3,3
71,79,3,3
71,80,3,1
71,82,3,3
71,83,3,2
71,84,3,6
71,85,3,1
71,86,3,1
71,88,3,1
72,-81,2,1
72,-77,2,1
72,-76,2,1
72,-75,2,2
72,-72,2,1
72,-71,2,2
72,-70,2,1
72,-67,2,2
72,-66,2,3
72,-65,2,2
72,-64,2,1
72,-63,2,3
72,-62,2,4
72,-61,2,1
72,-60,2,3
72,-59,2,2
72,-58,2,3
72,-57,2,3
72,-56,2,4
72,-55,2,4
72,-54,2,2
72,-53,2,1
72,-52,2,3
72,-51,2,5
72,-50,2,3
72,-49,2,6
72,-48,2,3
72,-47,2,5
72,-46,2,11
72,-45,2,4
72,-44,2,4
72,-43,2,5
72,-42,2,11
72,-41,2,7
72,-40,2,9
72,-39,2,8
72,-38,2,5
72,-37,2,8
72,-36,2,3
72,-35,2,12
72,-34,2,5
72,-33,2,7
72,-32,2,7
72,-31,2,7
72,-30,2,8
72,-29,2,6
72,-28,2,6
72,-27,2,9
72,-26,2,5
72,-25,2,7
72,-24,2,11
72,-23,2,12
72,-22,2,8
72,-21,2,14
72,-20,2,6
72,-19,2,17
72,-18,2,9
72,-17,2,9
72,-16,2,16
72,-15,2,21
72,-14,2,13
72,-13,2,16
72,-12,2,17
72,-11,2,15
72,-10,2,14
72,-9,2,18
72,-8,2,10
72,-7,2,17
72,-6,2,23
72,-5,2,19
72,-4,2,8
72,-3,2,10
72,-2,2,14
72,-1,2,13
72,0,2,11
72,1,2,16
72,2,2,15
72,3,2,15
72,4,2,16
72,5,2,15
72,6,2,8
72,7,2,18
72,8,2,13
72,9,2,12
72,10,2,16
72,11,2,12
72,12,2,9
72,13,4,16
72,14,4,9
72,15,4,6
72,16,4,18
72,17,4,6
72,18,4,12
72,19,4,12
72,20,4,12
72,21,4,18
72,22,4,11
72,23,4,11
72,24,4,19
72,25,4,16
72,26,4,19
72,27,4,8
72,28,4,19
72,29,4,10
72,30,4,9
72,31,4,13
72,32,3,14
72,33,3,5
72,34,3,8
72,35,3,9
72,36,3,9
72,37,3,12
72,38,3,9
72,39,3,10
72,40,3,12
72,41,3,10
72,42,3,14
72,43,3,4
72,44,3,9
72,45,3,9
72,46,3,7
72,47,3,10
72,48,3,5
72,49,3,12
72,50,3,8
72,51,3,9
72,52,3,4
72,53,3,10
72,54,3,2
72,55,3,4
72,56,3,6
72,57,3,8
72,58,3,8
72,59,3,2
72,60,3,11
72,61,3,3
72,62,3,6
72,63,3,7
72,64,3,2
72,65,3,7
72,66,3,1
72,67,3,6
72,68,3,5
72,69,3,8
72,70,3,7
72,71,3,3
72,72,3,7
72,73,3,4
72,74,3,8
72,75,3,6
72,76,3,8
72,77,3,2
72,78,3,1
72,79,3,2
72,80,3,4
72,81,3,2
72,82,3,6
72,85,3,1
72,86,3,3
72,87,3,1
73,-74,2,1
73,-73,2,1
73,-69,2,1
73,-67,2,1
73,-62,2,3
73,-61,2,3
73,-59,2,1
73,-58,2,1
73,-57,2,6
73,-56,2,2
73,-55,2,1
73,-54,2,5
73,-53,2,2
73,-52,2,2
73,-51,2,4
73,-50,2,7
73,-49,2,2
73,-48,2,4
73,-47,2,4
73,-46,2,9
73,-45,2,5
73,-44,2,2
73,-43,2,5
73,-42,2,8
73,-41,2,3
73,-40,2,10
73,-39,2,5
73,-38,2,6
73,-37,2,5
73,-36,2,8
73,-35,2,4
73,-34,2,8
73,-33,2,6
73,-32,2,5
73,-31,2,8
73,-30,2,4
73,-29,2,6
73,-28,2,4
73,-27,2,8
73,-26,2,6
73,-25,2,8
73,-24,2,8
73,-23,2,9
73,-22,2,10
73,-21,2,8
73,-20,2,11
73,-19,2,15
73,-18,2,15
73,-17,2,18
73,-16,2,5
73,-15,2,11
73,-14,2,9
73,-13,2,17
73,-12,2,19
73,-11,2,13
73,-10,2,12
73,-9,2,10
73,-8,2,8
73,-7,2,11
73,-6,2,19
73,-5,2,19
73,-4,2,10
73,-3,2,12
73,-2,2,14
73,-1,2,7
73,0,2,6
73,1,2,14
73,2,2,18
73,3,2,17
73,4,2,11
73,5,2,17
73,6,2,15
73,7,2,10
73,8,2,7
73,9,2,10
73,10,2,12
73,11,2,17
73,12,2,12
73,13,4,14
73,14,4,4
73,15,4,12
73,16,4,9
73,17,4,12
73,18,4,14
73,19,4,8
73,20,4,10
73,21,4,9
73,22,4,11
73,23,4,10
73,24,4,11
73,25,4,15
73,26,4,15
73,27,4,11
73,28,4,12
73,29,4,9
73,30,4,8
73,31,3,15
73,32,3,5
73,33,3,11
73,34,3,11
73,35,3,12
73,36,3,4
73,37,3,9
73,38,3,10
73,39,3,8
73,40,3,9
73,41,3,5
73,42,3,14
73,43,3,5
73,44,3,8
73,45,3,6
73,46,3,4
73,47,3,4
73,48,3,3
73,49,3,5
73,50,3,4
73,51,3,8
73,52,3,5
73,53,3,3
73,54,3,2
73,55,3,6
73,56,3,5
73,57,3,7
73,58,3,8
73,59,3,6
73,60,3,7
73,61,3,8
73,62,3,7
73,63,3,7
73,64,3,7
73,65,3,8
73,66,3,2
73,67,3,2
73,68,3,2
73,69,3,1
73,70,3,8
73,71,3,6
73,72,3,5
73,73,3,9
73,74,3,4
73,75,3,3
73,76,3,6
73,77,3,6
73,78,3,3
73,79,3,7
73,80,3,1
73,81,3,3
73,82,3,1
73,83,3,1
73,85,3,2
73,86,3,1
73,87,3,2
74,-80,2,1
74,-79,2,1
74,-78,2,1
74,-76,2,2
74,-73,2,1
74,-70,2,1
74,-66,2,1
74,-65,2,1
74,-64,2,2
74,-63,2,1
74,-62,2,1
74,-61,2,1
74,-60,2,1
74,-59,2,2
74,-58,2,2
74,-57,2,4
74,-56,2,2
74,-55,2,2
74,-54,2,5
74,-53,2,1
74,-52,2,6
74,-51,2,1
74,-50,2,4
74,-49,2,4
74,-48,2,4
74,-47,2,7
74,-46,2,3
74,-45,2,4
74,-44,2,4
74,-43,2,4
74,-42,2,5
74,-41,2,5
74,-40,2,7
74,-39,2,10
74,-38,2,6
74,-37,2,9
74,-36,2,4
74,-35,2,9
74,-34,2,5
74,-33,2,11
74,-32,2,10
74,-31,2,6
74,-30,2,3
74,-29,2,8
74,-28,2,5
74,-27,2,8
74,-26,2,8
74,-25,2,3
74,-24,2,9
74,-23,2,9
74,-22,2,8
74,-21,2,8
74,-20,2,10
74,-19,2,12
74,-18,2,10
74,-17,2,20
74,-16,2,12
74,-15,2,17
74,-14,2,17
74,-13,2,10
74,-12,2,5
74,-11,2,24
74,-10,2,13
74,-9,2,21
74,-8,2,25
74,-7,2,13
74,-6,2,18
74,-5,2,17
74,-4,2,23
74,-3,2,23
74,-2,2,19
74,-1,2,15
74,0,2,18
74,1,2,18
74,2,2,23
74,3,2,17
74,4,2,18
74,5,2,15
74,6,2,11
74,7,2,27
74,8,2,12
74,9,2,21
74,10,2,10
74,11,2,13
74,12,4,16
74,13,4,14
74,14,4,13
74,15,4,21
74,16,4,20
74,17,4,19
74,18,4,13
74,19,4,13
74,20,4,18
74,21,4,17
74,22,4,16
74,23,4,14
74,24,4,20
74,25,4,12
74,26,4,23
74,27,4,18
74,28,4,24
74,29,4,8
74,30,3,19
74,31,3,13
74,32,3,14
74,33,3,16
74,34,3,12
74,35,3,13
74,36,3,12
74,37,3,11
74,38,3,8
74,39,3,9
74,40,3,16
74,41,3,14
74,42,3,10
74,43,3,11
74,44,3,14
74,45,3,9
74,46,3,10
74,47,3,9
74,48,3,6
74,49,3,5
74,50,3,9
74,51,3,8
74,52,3,3
74,53,3,6
74,54,3,7
74,55,3,5
74,56,3,8
74,57,3,7
74,58,3,5
74,59,3,7
74,60,3,4
74,61,3,6
74,62,3,11
74,63,3,11
74,64,3,4
74,65,3,5
74,66,3,5
74,67,3,6
74,68,3,6
74,69,3,6
74,70,3,8
74,71,3,1
74,72,3,6
74,73,3,11
74,74,3,5
74,75,3,10
74,76,3,2
74,77,3,3
74,78,3,5
74,79,3,8
74,80,3,5
74,81,3,3
74,82,3,2
74,83,3,3
74,84,3,3
74,85,3,2
74,86,3,1
74,87,3,3
74,89,3,2
75,-78,2,1
75,-74,2,1
75,-73,2,1
75,-71,2,1
75,-68,2,1
75,-67,2,1
75,-66,2,1
75,-65,2,2
75,-64,2,1
75,-62,2,1
75,-61,2,2
75,-59,2,2
75,-58,2,3
75,-57,2,5
75,-56,2,1
75,-55,2,2
75,-54,2,1
75,-53,2,1
75,-52,2,3
75,-51,2,2
75,-50,2,2
75,-49,2,3
75,-48,2,6
75,-47,2,5
75,-46,2,1
75,-45,2,5
75,-44,2,2
75,-43,2,3
75,-42,2,5
75,-41,2,3
75,-40,2,5
75,-39,2,5
75,-38,2,6
75,-37,2,7
75,-36,2,5
75,-35,2,5
75,-34,2,8
75,-33,2,7
75,-32,2,7
75,-31,2,13
75,-30,2,10
75,-29,2,6
75,-28,2,6
75,-27,2,2
75,-26,2,5
75,-25,2,2
75,-24,2,15
75,-23,2,4
75,-22,2,9
75,-21,2,9
75,-20,2,10
75,-19,2,13
75,-18,2,10
75,-17,2,6
75,-16,2,13
75,-15,2,13
75,-14,2,9
75,-13,2,13
75,-12,2,14
75,-11,2,14
75,-10,2,13
75,-9,2,16
75,-8,2,12
75,-7,2,19
75,-6,2,17
75,-5,2,11
75,-4,2,19
75,-3,2,14
75,-2,2,15
75,-1,2,14
75,0,2,11
75,1,2,18
75,2,2,16
75,3,2,18
75,4,2,14
75,5,2,17
75,6,2,15
75,7,2,12
75,8,2,12
75,9,2,17
75,10,2,12
75,11,4,19
75,12,4,18
75,13,4,19
75,14,4,16
75,15,4,10
75,16,4,9
75,17,4,15
75,18,4,11
75,19,4,12
75,20,4,7
75,21,4,10
75,22,4,18
75,23,4,15
75,24,4,12
75,25,4,13
75,26,4,15
75,27,4,16
75,28,4,14
75,29,3,12
75,30,3,18
75,31,3,11
75,32,3,13
75,33,3,17
75,34,3,9
75,35,3,8
75,36,3,11
75,37,3,8
75,38,3,10
75,39,3,15
75,40,3,10
75,41,3,12
75,42,3,8
75,43,3,3
75,44,3,11
75,45,3,4
75,46,3,11
75,47,3,8
75,48,3,6
75,49,3,12
75,50,3,8
75,51,3,15
75,52,3,4
75,53,3,10
75,54,3,6
75,55,3,5
75,56,3,6
75,57,3,11
75,58,3,4
75,59,3,2
75,60,3,10
75,61,3,6
75,62,3,4
75,63,3,6
75,64,3,3
75,65,3,1
75,66,3,8
75,67,3,6
75,68,3,7
75,69,3,4
75,70,3,4
75,71,3,3
75,72,3,2
75,73,3,6
75,74,3,4
75,75,3,7
75,76,3,4
75,77,3,6
75,78,3,4
75,79,3,3
75,80,3,3
75,81,3,3
75,82,3,4
75,83,3,2
75,85,3,1
75,86,3,4
76,-76,2,1
76,-73,2,1
76,-71,2,2
76,-70,2,1
76,-68,2,1
76,-65,2,1
76,-64,2,4
76,-63,2,3
76,-62,2,2
76,-61,2,3
76,-60,2,2
76,-59,2,3
76,-58,2,1
76,-57,2,3
76,-56,2,1
76,-55,2,2
76,-54,2,6
76,-53,2,3
76,-52,2,6
76,-51,2,4
76,-50,2,4
76,-49,2,6
76,-48,2,4
76,-47,2,4
76,-46,2,7
76,-45,2,1
76,-44,2,7
76,-43,2,1
76,-42,2,8
76,-41,2,7
76,-40,2,8
76,-39,2,5
76,-38,2,9
76,-37,2,7
76,-36,2,3
76,-35,2,6
76,-34,2,14
76,-33,2,10
76,-32,2,9
76,-31,2,11
76,-30,2,4
76,-29,2,6
76,-28,2,9
76,-27,2,15
76,-26,2,6
76,-25,2,5
76,-24,2,9
76,-23,2,14
76,-22,2,18
76,-21,2,9
76,-20,2,12
76,-19,2,10
76,-18,2,14
76,-17,2,17
76,-16,2,10
76,-15,2,14
76,-14,2,14
76,-13,2,17
76,-12,2,19
76,-11,2,14
76,-10,2,17
76,-9,2,16
76,-8,2,23
76,-7,2,10
76,-6,2,20
76,-5,2,21
76,-4,2,25
76,-3,2,13
76,-2,2,21
76,-1,2,19
76,0,2,21
76,1,2,17
76,2,2,18
76,3,2,20
76,4,2,21
76,5,2,23
76,6,2,19
76,7,2,12
76,8,2,26
76,9,2,18
76,10,2,23
76,11,4,20
76,12,4,24
76,13,4,18
76,14,4,19
76,15,4,20
76,16,4,14
76,17,4,19
76,18,4,21
76,19,4,20
76,20,4,22
76,21,4,17
76,22,4,20
76,23,4,21
76,24,4,19
76,25,4,14
76,26,4,15
76,27,4,21
76,28,3,15
76,29,3,22
76,30,3,22
76,31,3,11
76,32,3,19
76,33,3,17
76,34,3,18
76,35,3,15
76,36,3,12
76,37,3,19
76,38,3,12
76,39,3,10
76,40,3,8
76,41,3,14
76,42,3,11
76,43,3,8
76,44,3,13
76,45,3,12
76,46,3,11
76,47,3,9
76,48,3,18
76,49,3,7
76,50,3,11
76,51,3,7
76,52,3,6
76,53,3,8
76,54,3,8
76,55,3,4
76,56,3,8
76,57,3,12
76,58,3,11
76,59,3,7
76,60,3,10
76,61,3,8
76,62,3,6
76,63,3,11
76,64,3,2
76,65,3,9
76,66,3,9
76,67,3,4
76,68,3,5
76,69,3,4
76,70,3,6
76,71,3,6
76,72,3,8
76,73,3,6
76,74,3,7
76,75,3,9
76,76,3,3
76,77,3,8
76,78,3,4
76,79,3,2
76,80,3,4
76,81,3,6
76,83,3,5
76,84,3,4
76,85,3,3
76,87,3,3
77,-72,2,1
77,-71,2,1
77,-70,2,2
77,-67,2,1
77,-66,2,1
77,-64,2,1
77,-63,2,2
77,-61,2,1
77,-58,2,5
77,-57,2,4
77,-56,2,1
77,-55,2,4
77,-54,2,1
77,-53,2,1
77,-51,2,4
77,-50,2,5
77,-49,2,3
77,-48,2,1
77,-47,2,3
77,-46,2,3
77,-45,2,8
77,-44,2,7
77,-43,2,4
77,-42,2,6
77,-41,2,8
77,-40,2,8
77,-39,2,1
77,-38,2,5
77,-37,2,3
77,-36,2,9
77,-35,2,7
77,-34,2,5
77,-33,2,6
77,-32,2,7
77,-31,2,6
77,-30,2,12
77,-29,2,9
77,-28,2,10
77,-27,2,9
77,-26,2,8
77,-25,2,10
77,-24,2,12
77,-23,2,12
77,-22,2,8
77,-21,2,4
77,-20,2,4
77,-19,2,12
77,-18,2,7
77,-17,2,9
77,-16,2,9
77,-15,2,10
77,-14,2,14
77,-13,2,8
77,-12,2,11
77,-11,2,14
77,-10,2,14
77,-9,2,11
77,-8,2,18
77,-7,2,13
77,-6,2,13
77,-5,2,10
77,-4,2,15
77,-3,2,18
77,-2,2,12
77,-1,2,18
77,0,2,16
77,1,2,14
77,2,2,12
77,3,2,17
77,4,2,20
77,5,2,17
77,6,2,15
77,7,2,27
77,8,2,13
77,9,2,15
77,10,4,15
77,11,4,16
77,12,4,17
77,13,4,14
77,14,4,17
77,15,4,19
77,16,4,13
77,17,4,27
77,18,4,21
77,19,4,15
77,20,4,14
77,21,4,17
77,22,4,13
77,23,4,15
77,24,4,19
77,25,4,16
77,26,4,16
77,27,3,7
77,28,3,14
77,29,3,16
77,30,3,16
77,31,3,11
77,32,3,19
77,33,3,11
77,34,3,15
77,35,3,7
77,36,3,11
77,37,3,13
77,38,3,14
77,39,3,11
77,40,3,7
77,41,3,4
77,42,3,9
77,43,3,11
77,44,3,12
77,45,3,9
77,46,3,9
77,47,3,12
77,48,3,9
77,49,3,10
77,50,3,11
77,51,3,15
77,52,3,10
77,53,3,10
77,54,3,4
77,55,3,5
77,56,3,5
77,57,3,6
77,58,3,11
77,59,3,9
77,60,3,10
77,61,3,5
77,62,3,14
77,63,3,11
77,64,3,8
77,65,3,6
77,66,3,7
77,67,3,4
77,68,3,6
77,69,3,9
77,70,3,4
77,71,3,6
77,72,3,6
77,73,3,6
77,74,3,4
77,75,3,7
77,76,3,9
77,77,3,2
77,78,3,4
77,79,3,2
77,80,3,4
77,81,3,4
77,82,3,1
77,83,3,2
77,84,3,1
77,85,3,3
77,86,3,1
77,87,3,1
77,88,3,1
77,89,3,2
78,-74,2,1
78,-72,2,1
78,-70,2,1
78,-67,2,1
78,-66,2,1
78,-65,2,2
78,-64,2,1
78,-63,2,1
78,-62,2,1
78,-60,2,1
78,-57,2,1
78,-56,2,4
78,-55,2,1
78,-54,2,2
78,-53,2,3
78,-52,2,4
78,-51,2,5
78,-50,2,2
78,-49,2,2
78,-48,2,4
78,-47,2,2
78,-46,2,1
78,-45,2,6
78,-44,2,4
78,-43,2,6
78,-42,2,5
78,-41,2,8
78,-40,2,3
78,-39,2,6
78,-38,2,10
78,-37,2,5
78,-36,2,7
78,-35,2,8
78,-34,2,11
78,-33,2,3
78,-32,2,13
78,-31,2,13
78,-30,2,10
78,-29,2,6
78,-28,2,13
78,-27,2,12
78,-26,2,7
78,-25,2,7
78,-24,2,9
78,-23,2,9
78,-22,2,8
78,-21,2,9
78,-20,2,18
78,-19,2,11
78,-18,2,13
78,-17,2,9
78,-16,2,20
78,-15,2,15
78,-14,2,15
78,-13,2,12
78,-12,2,9
78,-11,2,12
78,-10,2,19
78,-9,2,18
78,-8,2,25
78,-7,2,12
78,-6,2,15
78,-5,2,19
78,-4,2,15
78,-3,2,21
78,-2,2,17
78,-1,2,18
78,0,2,23
78,1,2,16
78,2,2,31
78,3,2,22
78,4,2,16
78,5,2,20
78,6,2,23
78,7,2,20
78,8,2,19
78,9,2,22
78,10,4,18
78,11,4,17
78,12,4,29
78,13,4,21
78,14,4,22
78,15,4,15
78,16,4,29
78,17,4,18
78,18,4,22
78,19,4,16
78,20,4,18
78,21,4,13
78,22,4,29
78,23,4,19
78,24,4,21
78,25,4,22
78,26,4,19
78,27,3,17
78,28,3,20
78,29,3,15
78,30,3,21
78,31,3,11
78,32,3,13
78,33,3,18
78,34,3,22
78,35,3,26
78,36,3,19
78,37,3,8
78,38,3,18
78,39,3,15
78,40,3,20
78,41,3,24
78,42,3,16
78,43,3,9
78,44,3,16
78,45,3,19
78,46,3,16
78,47,3,8
78,48,3,11
78,49,3,13
78,50,3,13
78,51,3,11
78,52,3,12
78,53,3,6
78,54,3,11
78,55,3,11
78,56,3,8
78,57,3,9
78,58,3,13
78,59,3,10
78,60,3,13
78,61,3,11
78,62,3,8
78,63,3,7
78,64,3,10
78,65,3,8
78,66,3,12
78,67,3,14
78,68,3,6
78,69,3,4
78,70,3,6
78,71,3,6
78,72,3,8
78,73,3,4
78,74,3,4
78,75,3,3
78,76,3,5
78,77,3,8
78,78,3,7
78,79,3,4
78,80,3,5
78,81,3,2
78,82,3,2
78,83,3,2
78,84,3,3
78,85,3,4
78,86,3,2
79,-71,2,1
79,-68,2,2
79,-66,2,1
79,-65,2,1
79,-64,2,1
79,-63,2,3
79,-62,2,1
79,-61,2,1
79,-60,2,2
79,-59,2,1
79,-58,2,2
79,-57,2,2
79,-56,2,2
79,-55,2,2
79,-54,2,1
79,-53,2,5
79,-52,2,3
79,-51,2,2
79,-50,2,3
79,-49,2,5
79,-48,2,5
79,-47,2,3
79,-46,2,4
79,-45,2,1
79,-44,2,3
79,-43,2,1
79,-42,2,1
79,-41,2,7
79,-40,2,6
79,-39,2,3
79,-38,2,6
79,-37,2,10
79,-36,2,4
79,-35,2,4
79,-34,2,8
79,-33,2,8
79,-32,2,11
79,-31,2,5
79,-30,2,8
79,-29,2,10
79,-28,2,8
79,-27,2,11
79,-26,2,15
79,-25,2,13
79,-24,2,15
79,-23,2,12
79,-22,2,9
79,-21,2,8
79,-20,2,9
79,-19,2,14
79,-18,2,9
79,-17,2,10
79,-16,2,13
79,-15,2,5
79,-14,2,18
79,-13,2,7
79,-12,2,10
79,-11,2,14
79,-10,2,13
79,-9,2,13
79,-8,2,14
79,-7,2,11
79,-6,2,20
79,-5,2,17
79,-4,2,11
79,-3,2,13
79,-2,2,15
79,-1,2,19
79,0,2,16
79,1,2,23
79,2,2,15
79,3,2,12
79,4,2,8
79,5,2,21
79,6,2,18
79,7,2,19
79,8,2,21
79,9,4,20
79,10,4,18
79,11,4,16
79,12,4,22
79,13,4,16
79,14,4,17
79,15,4,12
79,16,4,17
79,17,4,24
79,18,4,15
79,19,4,26
79,20,4,17
79,21,4,16
79,22,4,14
79,23,4,17
79,24,4,17
79,25,4,14
79,26,3,22
79,27,3,17
79,28,3,20
79,29,3,19
79,30,3,18
79,31,3,13
79,32,3,12
79,33,3,21
79,34,3,17
79,35,3,12
79,36,3,12
79,37,3,17
79,38,3,13
79,39,3,14
79,40,3,9
79,41,3,13
79,42,3,15
79,43,3,18
79,44,3,15
79,45,3,11
79,46,3,13
79,47,3,7
79,48,3,10
79,49,3,13
79,50,3,11
79,51,3,19
79,52,3,12
79,53,3,14
79,54,3,11
79,55,3,13
79,56,3,6
79,57,3,6
79,58,3,7
79,59,3,18
79,60,3,10
79,61,3,9
79,62,3,6
79,63,3,7
79,64,3,10
79,65,3,10
79,66,3,7
79,67,3,6
79,68,3,12
79,69,3,9
79,70,3,5
79,71,3,8
79,72,3,4
79,73,3,6
79,74,3,6
79,75,3,7
79,76,3,6
79,77,3,4
79,78,3,5
79,80,3,3
79,81,3,3
79,82,3,3
79,83,3,4
79,84,3,2
79,85,3,2
79,86,3,1
79,87,3,1
79,89,3,1
80,-82,2,1
80,-79,2,1
80,-70,2,1
80,-65,2,1
80,-64,2,1
80,-63,2,1
80,-62,2,1
80,-61,2,2
80,-60,2,1
80,-59,2,1
80,-58,2,2
80,-57,2,3
80,-56,2,2
80,-55,2,3
80,-54,2,1
80,-52,2,6
80,-51,2,1
80,-50,2,5
80,-49,2,1
80,-48,2,2
80,-47,2,5
80,-46,2,5
80,-45,2,3
80,-44,2,2
80,-43,2,2
80,-42,2,2
80,-41,2,5
80,-40,2,1
80,-39,2,7
80,-38,2,12
80,-37,2,11
80,-36,2,6
80,-35,2,7
80,-34,2,8
80,-33,2,7
80,-32,2,13
80,-31,2,17
80,-30,2,5
80,-29,2,8
80,-28,2,16
80,-27,2,9
80,-26,2,12
80,-25,2,9
80,-24,2,9
80,-23,2,22
80,-22,2,10
80,-21,2,8
80,-20,2,17
80,-19,2,16
80,-18,2,10
80,-17,2,18
80,-16,2,17
80,-15,2,13
80,-14,2,14
80,-13,2,19
80,-12,2,15
80,-11,2,16
80,-10,2,16
80,-9,2,22
80,-8,2,21
80,-7,2,18
80,-6,2,19
80,-5,2,14
80,-4,2,15
80,-3,2,18
80,-2,2,17
80,-1,2,18
80,0,2,26
80,1,2,21
80,2,2,23
80,3,2,17
80,4,2,21
80,5,2,18
80,6,2,24
80,7,2,35
80,8,4,21
80,9,4,27
80,10,4,18
80,11,4,14
80,12,4,27
80,13,4,22
80,14,4,24
80,15,4,24
80,16,4,28
80,17,4,14
80,18,4,25
80,19,4,21
80,20,4,29
80,21,4,26
80,22,4,33
80,23,4,33
80,24,4,26
80,25,3,26
80,26,3,19
80,27,3,15
80,28,3,23
80,29,3,29
80,30,3,22
80,31,3,20
80,32,3,20
80,33,3,16
80,34,3,17
80,35,3,22
80,36,3,15
80,37,3,13
80,38,3,27
80,39,3,16
80,40,3,15
80,41,3,14
80,42,3,17
80,43,3,16
80,44,3,14
80,45,3,24
80,46,3,15
80,47,3,14
80,48,3,10
80,49,3,13
80,50,3,13
80,51,3,9
80,52,3,18
80,53,3,12
80,54,3,11
80,55,3,11
80,56,3,5
80,57,3,9
80,58,3,10
80,59,3,7
80,60,3,9
80,61,3,16
80,62,3,12
80,63,3,8
80,64,3,8
80,65,3,11
80,66,3,7
80,67,3,10
80,68,3,7
80,69,3,807
80,70,3,6
80,71,3,10
80,72,3,7
80,73,3,7
80,74,3,10
80,75,3,7
80,76,3,7
80,77,3,3
80,78,3,7
80,79,3,6
80,80,3,5
80,81,3,2
80,82,3,4
80,83,3,5
80,84,3,3
80,85,3,4
80,86,3,2
80,87,3,1
80,88,3,1
81,-71,2,1
81,-69,2,1
81,-66,2,3
81,-65,2,1
81,-64,2,1
81,-63,2,1
81,-62,2,1
81,-61,2,1
81,-60,2,1
81,-58,2,1
81,-56,2,2
81,-54,2,4
81,-53,2,1
81,-52,2,3
81,-51,2,1
81,-50,2,5
81,-49,2,2
81,-48,2,3
81,-47,2,5
81,-46,2,1
81,-45,2,3
81,-44,2,4
81,-43,2,5
81,-42,2,5
81,-41,2,4
81,-40,2,6
81,-39,2,9
81,-38,2,5
81,-37,2,5
81,-36,2,4
81,-35,2,10
81,-34,2,5
81,-33,2,8
81,-32,2,8
81,-31,2,13
81,-30,2,12
81,-29,2,12
81,-28,2,5
81,-27,2,15
81,-26,2,8
81,-25,2,10
81,-24,2,11
81,-23,2,12
81,-22,2,13
81,-21,2,12
81,-20,2,16
81,-19,2,12
81,-18,2,24
81,-17,2,9
81,-16,2,10
81,-15,2,12
81,-14,2,14
81,-13,2,11
81,-12,2,12
81,-11,2,20
81,-10,2,16
81,-9,2,21
81,-8,2,14
81,-7,2,18
81,-6,2,8
81,-5,2,25
81,-4,2,14
81,-3,2,20
81,-2,2,15
81,-1,2,17
81,0,2,19
81,1,2,19
81,2,2,12
81,3,2,21
81,4,2,27
81,5,2,16
81,6,2,22
81,7,2,18
81,8,4,16
81,9,4,18
81,10,4,14
81,11,4,24
81,12,4,19
81,13,4,13
81,14,4,16
81,15,4,18
81,16,4,17
81,17,4,18
81,18,4,15
81,19,4,18
81,20,4,24
81,21,4,22
81,22,4,24
81,23,4,19
81,24,3,17
81,25,3,17
81,26,3,28
81,27,3,17
81,28,3,13
81,29,3,15
81,30,3,19
81,31,3,20
81,32,3,9
81,33,3,21
81,34,3,17
81,35,3,23
81,36,3,18
81,37,3,18
81,38,3,26
81,39,3,10
81,40,3,17
81,41,3,16
81,42,3,11
81,43,3,19
81,44,3,19
81,45,3,15
81,46,3,10
81,47,3,10
81,48,3,11
81,49,3,11
81,50,3,11
81,51,3,10
81,52,3,9
81,53,3,11
81,54,3,5
81,55,3,10
81,56,3,15
81,57,3,13
81,58,3,11
81,59,3,9
81,60,3,9
81,61,3,8
81,62,3,9
81,63,3,7
81,64,3,7
81,65,3,8
81,66,3,10
81,67,3,11
81,68,3,6
81,69,3,12
81,70,3,7
81,71,3,10
81,72,3,7
81,73,3,6
81,74,3,8
81,75,3,7
81,76,3,7
81,77,3,3
81,78,3,5
81,79,3,4
81,80,3,3
81,81,3,5
81,82,3,4
81,83,3,4
81,84,3,3
81,85,3,2
81,86,3,2
82,-71,2,2
82,-70,2,1
82,-67,2,1
82,-65,2,1
82,-64,2,1
82,-62,2,1
82,-61,2,1
82,-60,2,2
82,-59,2,1
82,-58,2,1
82,-57,2,1
82,-56,2,2
82,-55,2,3
82,-53,2,2
82,-52,2,1
82,-51,2,3
82,-50,2,4
82,-49,2,5
82,-48,2,1
82,-47,2,1
82,-46,2,3
82,-45,2,8
82,-44,2,1
82,-43,2,4
82,-42,2,8
82,-41,2,5
82,-40,2,7
82,-39,2,11
82,-38,2,5
82,-37,2,6
82,-36,2,6
82,-35,2,11
82,-34,2,10
82,-33,2,17
82,-32,2,6
82,-31,2,14
82,-30,2,15
82,-29,2,15
82,-28,2,13
82,-27,2,6
82,-26,2,10
82,-25,2,11
82,-24,2,13
82,-23,2,19
82,-22,2,4
82,-21,2,12
82,-20,2,17
82,-19,2,15
82,-18,2,20
82,-17,2,14
82,-16,2,11
82,-15,2,15
82,-14,2,15
82,-13,2,16
82,-12,2,14
82,-11,2,21
82,-10,2,26
82,-9,2,17
82,-8,2,19
82,-7,2,16
82,-6,2,21
82,-5,2,18
82,-4,2,27
82,-3,2,24
82,-2,2,22
82,-1,2,33
82,0,2,31
82,1,2,21
82,2,2,20
82,3,2,21
82,4,2,28
82,5,2,19
82,6,2,20
82,7,4,31
82,8,4,25
82,9,4,19
82,10,4,34
82,11,4,15
82,12,4,27
82,13,4,32
82,14,4,24
82,15,4,20
82,16,4,27
82,17,4,22
82,18,4,19
82,19,4,26
82,20,4,26
82,21,4,24
82,22,4,23
82,23,4,25
82,24,3,20
82,25,3,21
82,26,3,25
82,27,3,27
82,28,3,17
82,29,3,22
82,30,3,24
82,31,3,27
82,32,3,20
82,33,3,19
82,34,3,17
82,35,3,19
82,36,3,13
82,37,3,20
82,38,3,17
82,39,3,25
82,40,3,21
82,41,3,19
82,42,3,20
82,43,3,19
82,44,3,23
82,45,3,15
82,46,3,27
82,47,3,15
82,48,3,21
82,49,3,14
82,50,3,12
82,51,3,15
82,52,3,16
82,53,3,23
82,54,3,14
82,55,3,17
82,56,3,13
82,57,3,22
82,58,3,15
82,59,3,17
82,60,3,7
82,61,3,11
82,62,3,15
82,63,3,9
82,64,3,8
82,65,3,5
82,66,3,7
82,67,3,7
82,68,3,12
82,69,3,6
82,70,3,12
82,71,3,7
82,72,3,6
82,73,3,11
82,74,3,7
82,75,3,3
82,76,3,12
82,77,3,13
82,78,3,8
82,79,3,2
82,80,3,3
82,81,3,3
82,82,3,3
82,83,3,5
82,84,3,2
82,85,3,3
82,86,3,3
82,87,3,3
83,-71,2,1
83,-68,2,2
83,-67,2,1
83,-66,2,1
83,-64,2,2
83,-62,2,1
83,-58,2,1
83,-56,2,1
83,-55,2,1
83,-54,2,2
83,-53,2,1
83,-52,2,1
83,-51,2,5
83,-49,2,3
83,-48,2,1
83,-47,2,3
83,-46,2,2
83,-45,2,7
83,-44,2,2
83,-43,2,3
83,-42,2,7
83,-41,2,3
83,-40,2,10
83,-39,2,5
83,-38,2,5
83,-37,2,5
83,-36,2,4
83,-35,2,7
83,-34,2,6
83,-33,2,5
83,-32,2,12
83,-31,2,8
83,-30,2,10
83,-29,2,7
83,-28,2,6
83,-27,2,8
83,-26,2,10
83,-25,2,8
83,-24,2,10
83,-23,2,18
83,-22,2,16
83,-21,2,858
83,-20,2,15
83,-19,2,15
83,-18,2,20
83,-17,2,11
83,-16,2,11
83,-15,2,17
83,-14,2,15
83,-13,2,11
83,-12,2,13
83,-11,2,12
83,-10,2,16
83,-9,2,17
83,-8,2,14
83,-7,2,19
83,-6,2,14
83,-5,2,17
83,-4,2,19
83,-3,2,25
83,-2,2,18
83,-1,2,17
83,0,2,27
83,1,2,21
83,2,2,18
83,3,2,24
83,4,2,21
83,5,2,24
83,6,4,24
83,7,4,25
83,8,4,22
83,9,4,17
83,10,4,20
83,11,4,24
83,12,4,25
83,13,4,17
83,14,4,23
83,15,4,15
83,16,4,28
83,17,4,16
83,18,4,23
83,19,4,17
83,20,4,23
83,21,4,20
83,22,4,24
83,23,3,31
83,24,3,27
83,25,3,21
83,26,3,24
83,27,3,20
83,28,3,22
83,29,3,23
83,30,3,29
83,31,3,16
83,32,3,21
83,33,3,17
83,34,3,21
83,35,3,10
83,36,3,19
83,37,3,23
83,38,3,21
83,39,3,17
83,40,3,19
83,41,3,18
83,42,3,10
83,43,3,17
83,44,3,17
83,45,3,15
83,46,3,18
83,47,3,14
83,48,3,11
83,49,3,17
83,50,3,14
83,51,3,14
83,52,3,19
83,53,3,13
83,54,3,14
83,55,3,21
83,56,3,15
83,57,3,13
83,58,3,12
83,59,3,12
83,60,3,8
83,61,3,17
83,62,3,7
83,63,3,9
83,64,3,10
83,65,3,9
83,66,3,6
83,67,3,16
83,68,3,11
83,69,3,6
83,70,3,9
83,71,3,6
83,72,3,6
83,73,3,2
83,74,3,4
83,75,3,7
83,76,3,10
83,77,3,5
83,78,3,7
83,79,3,4
83,80,3,6
83,81,3,5
83,82,3,2
83,83,3,1
83,84,3,3
83,85,3,2
83,86,3,1
83,87,3,1
84,-67,2,1
84,-65,2,1
84,-60,2,1
84,-59,2,1
84,-57,2,1
84,-55,2,2
84,-54,2,1
84,-53,2,3
84,-52,2,1
84,-50,2,3
84,-49,2,1
84,-48,2,3
84,-47,2,2
84,-46,2,7
84,-45,2,3
84,-44,2,4
84,-43,2,2
84,-42,2,7
84,-41,2,7
84,-40,2,9
84,-39,2,10
84,-38,2,7
84,-37,2,4
84,-36,2,4
84,-35,2,7
84,-34,2,15
84,-33,2,8
84,-32,2,12
84,-31,2,14
84,-30,2,10
84,-29,2,12
84,-28,2,12
84,-27,2,16
84,-26,2,8
84,-25,2,14
84,-24,2,14
84,-23,2,16
84,-22,2,20
84,-21,2,21
84,-20,2,14
84,-19,2,19
84,-18,2,25
84,-17,2,18
84,-16,2,17
84,-15,2,14
84,-14,2,19
84,-13,2,24
84,-12,2,30
84,-11,2,22
84,-10,2,29
84,-9,2,15
84,-8,2,19
84,-7,2,10
84,-6,2,29
84,-5,2,30
84,-4,2,25
84,-3,2,27
84,-2,2,27
84,-1,2,23
84,0,2,21
84,1,2,25
84,2,2,25
84,3,2,20
84,4,2,26
84,5,2,28
84,6,4,19
84,7,4,20
84,8,4,24
84,9,4,25
84,10,4,20
84,11,4,21
84,12,4,30
84,13,4,30
84,14,4,33
84,15,4,29
84,16,4,31
84,17,4,25
84,18,4,29
84,19,4,15
84,20,4,31
84,21,4,28
84,22,3,19
84,23,3,24
84,24,3,26
84,25,3,37
84,26,3,19
84,27,3,25
84,28,3,22
84,29,3,27
84,30,3,29
84,31,3,21
84,32,3,25
84,33,3,24
84,34,3,20
84,35,3,23
84,36,3,21
84,37,3,21
84,38,3,23
84,39,3,25
84,40,3,27
84,41,3,22
84,42,3,23
84,43,3,17
84,44,3,19
84,45,3,16
84,46,3,20
84,47,3,21
84,48,3,26
84,49,3,19
84,50,3,23
84,51,3,13
84,52,3,18
84,53,3,16
84,54,3,15
84,55,3,20
84,56,3,20
84,57,3,14
84,58,3,23
84,59,3,19
84,60,3,9
84,61,3,7
84,62,3,13
84,63,3,12
84,64,3,14
84,65,3,13
84,66,3,12
84,67,3,10
84,68,3,11
84,69,3,16
84,70,3,12
84,71,3,6
84,72,3,5
84,73,3,11
84,74,3,4
84,75,3,8
84,76,3,3
84,77,3,9
84,78,3,10
84,79,3,7
84,80,3,8
84,81,3,4
84,82,3,1
84,83,3,3
84,84,3,2
84,85,3,2
84,86,3,2
84,87,3,1
85,-68,2,1
85,-65,2,1
85,-63,2,1
85,-61,2,1
85,-60,2,3
85,-59,2,2
85,-57,2,2
85,-56,2,1
85,-53,2,1
85,-52,2,4
85,-51,2,8
85,-50,2,1
85,-47,2,1
85,-46,2,1
85,-45,2,1
85,-44,2,6
85,-43,2,4
85,-42,2,5
85,-41,2,5
85,-40,2,2
85,-39,2,4
85,-38,2,6
85,-37,2,4
85,-36,2,6
85,-35,2,9
85,-34,2,11
85,-33,2,8
85,-32,2,8
85,-31,2,10
85,-30,2,11
85,-29,2,10
85,-28,2,12
85,-27,2,8
85,-26,2,7
85,-25,2,14
85,-24,2,10
85,-23,2,7
85,-22,2,16
85,-21,2,22
85,-20,2,14
85,-19,2,19
85,-18,2,22
85,-17,2,11
85,-16,2,16
85,-15,2,23
85,-14,2,18
85,-13,2,16
85,-12,2,22
85,-11,2,17
85,-10,2,11
85,-9,2,16
85,-8,2,14
85,-7,2,23
85,-6,2,16
85,-5,2,29
85,-4,2,20
85,-3,2,25
85,-2,2,13
85,-1,2,19
85,0,2,20
85,1,2,26
85,2,2,13
85,3,2,23
85,4,2,17
85,5,4,25
85,6,4,18
85,7,4,22
85,8,4,23
85,9,4,29
85,10,4,36
85,11,4,22
85,12,4,21
85,13,4,26
85,14,4,23
85,15,4,20
85,16,4,28
85,17,4,22
85,18,4,29
85,19,4,24
85,20,4,26
85,21,3,19
85,22,3,24
85,23,3,23
85,24,3,27
85,25,3,28
85,26,3,15
85,27,3,26
85,28,3,21
85,29,3,30
85,30,3,33
85,31,3,20
85,32,3,22
85,33,3,23
85,34,3,20
85,35,3,31
85,36,3,16
85,37,3,25
85,38,3,17
85,39,3,27
85,40,3,27
85,41,3,22
85,42,3,13
85,43,3,21
85,44,3,12
85,45,3,11
85,46,3,15
85,47,3,11
85,48,3,20
85,49,3,19
85,50,3,11
85,51,3,12
85,52,3,17
85,53,3,18
85,54,3,21
85,55,3,12
85,56,3,16
85,57,3,9
85,58,3,12
85,59,3,6
85,60,3,14
85,61,3,8
85,62,3,14
85,63,3,12
85,64,3,11
85,65,3,9
85,66,3,8
85,67,3,8
85,68,3,6
85,69,3,8
85,70,3,12
85,71,3,3
85,72,3,8
85,73,3,9
85,74,3,11
85,75,3,9
85,76,3,7
85,77,3,7
85,78,3,7
85,79,3,4
85,80,3,3
85,81,3,3
85,82,3,3
85,83,3,3
85,84,3,2
85,85,3,2
85,86,3,2
85,88,3,1
86,-73,2,1
86,-65,2,1
86,-62,2,1
86,-59,2,1
86,-58,2,1
86,-57,2,1
86,-55,2,1
86,-54,2,2
86,-53,2,1
86,-52,2,2
86,-51,2,1
86,-50,2,3
86,-49,2,2
86,-48,2,1
86,-47,2,1
86,-46,2,2
86,-44,2,2
86,-43,2,6
86,-42,2,4
86,-41,2,5
86,-40,2,4
86,-39,2,8
86,-38,2,3
86,-37,2,10
86,-36,2,12
86,-35,2,10
86,-34,2,8
86,-33,2,8
86,-32,2,12
86,-31,2,8
86,-30,2,13
86,-29,2,15
86,-28,2,19
86,-27,2,10
86,-26,2,17
86,-25,2,16
86,-24,2,18
86,-23,2,10
86,-22,2,21
86,-21,2,15
86,-20,2,24
86,-19,2,28
86,-18,2,19
86,-17,2,20
86,-16,2,31
86,-15,2,21
86,-14,2,15
86,-13,2,27
86,-12,2,28
86,-11,2,29
86,-10,2,29
86,-9,2,28
86,-8,2,25
86,-7,2,29
86,-6,2,22
86,-5,2,21
86,-4,2,20
86,-3,2,20
86,-2,2,14
86,-1,2,34
86,0,2,34
86,1,2,35
86,2,2,30
86,3,2,23
86,4,4,31
86,5,4,25
86,6,4,25
86,7,4,22
86,8,4,33
86,9,4,39
86,10,4,24
86,11,4,42
86,12,4,40
86,13,4,29
86,14,4,39
86,15,4,36
86,16,4,30
86,17,4,42
86,18,4,30
86,19,4,34
86,20,4,34
86,21,3,29
86,22,3,39
86,23,3,32
86,24,3,42
86,25,3,31
86,26,3,19
86,27,3,30
86,28,3,40
86,29,3,34
86,30,3,27
86,31,3,34
86,32,3,37
86,33,3,45
86,34,3,20
86,35,3,22
86,36,3,25
86,37,3,25
86,38,3,26
86,39,3,23
86,40,3,22
86,41,3,21
86,42,3,20
86,43,3,24
86,44,3,14
86,45,3,19
86,46,3,22
86,47,3,17
86,48,3,26
86,49,3,21
86,50,3,14
86,51,3,36
86,52,3,30
86,53,3,18
86,54,3,16
86,55,3,21
86,56,3,17
86,57,3,21
86,58,3,20
86,59,3,18
86,60,3,17
86,61,3,10
86,62,3,25
86,63,3,18
86,64,3,13
86,65,3,12
86,66,3,13
86,67,3,15
86,68,3,6
86,69,3,13
86,70,3,8
86,71,3,9
86,72,3,13
86,73,3,3
86,74,3,8
86,75,3,10
86,76,3,6
86,77,3,3
86,78,3,6
86,79,3,6
86,80,3,6
86,81,3,8
86,82,3,3
86,83,3,4
86,84,3,1
86,85,3,2
86,86,3,3
86,87,3,3
87,-64,2,1
87,-57,2,1
87,-56,2,2
87,-55,2,2
87,-53,2,2
87,-52,2,2
87,-51,2,2
87,-50,2,2
87,-49,2,2
87,-45,2,3
87,-44,2,2
87,-43,2,3
87,-42,2,3
87,-41,2,8
87,-40,2,5
87,-39,2,3
87,-38,2,2
87,-37,2,6
87,-36,2,11
87,-35,2,5
87,-34,2,12
87,-33,2,5
87,-32,2,3
87,-31,2,12
87,-30,2,15
87,-29,2,12
87,-28,2,11
87,-27,2,16
87,-26,2,13
87,-25,2,15
87,-24,2,13
87,-23,2,12
87,-22,2,22
87,-21,2,14
87,-20,2,17
87,-19,2,21
87,-18,2,19
87,-17,2,16
87,-16,2,20
87,-15,2,14
87,-14,2,24
87,-13,2,25
87,-12,2,24
87,-11,2,19
87,-10,2,16
87,-9,2,17
87,-8,2,22
87,-7,2,18
87,-6,2,29
87,-5,2,19
87,-4,2,13
87,-3,2,22
87,-2,2,27
87,-1,2,18
87,0,2,29
87,1,2,26
87,2,2,31
87,3,2,28
87,4,2,19
87,5,4,26
87,6,4,28
87,7,4,15
87,8,4,30
87,9,4,22
87,10,4,27
87,11,4,26
87,12,4,32
87,13,4,24
87,14,4,23
87,15,4,31
87,16,4,29
87,17,4,24
87,18,4,33
87,19,4,31
87,20,4,31
87,21,3,26
87,22,3,27
87,23,3,29
87,24,3,30
87,25,3,35
87,26,3,23
87,27,3,29
87,28,3,23
87,29,3,25
87,30,3,29
87,31,3,33
87,32,3,18
87,33,3,19
87,34,3,35
87,35,3,22
87,36,3,24
87,37,3,29
87,38,3,17
87,39,3,16
87,40,3,22
87,41,3,25
87,42,3,25
87,43,3,18
87,44,3,30
87,45,3,15
87,46,3,17
87,47,3,16
87,48,3,21
87,49,3,18
87,50,3,15
87,51,3,17
87,52,3,13
87,53,3,16
87,54,3,18
87,55,3,15
87,56,3,15
87,57,3,14
87,58,3,13
87,59,3,17
87,60,3,9
87,61,3,17
87,62,3,8
87,63,3,10
87,64,3,7
87,65,3,16
87,66,3,10
87,67,3,14
87,68,3,8
87,69,3,11
87,70,3,8
87,71,3,11
87,72,3,7
87,73,3,8
87,74,3,10
87,75,3,8
87,76,3,2
87,77,3,3
87,78,3,2
87,79,3,4
87,80,3,3
87,81,3,4
87,82,3,3
87,83,3,3
87,84,3,2
87,85,3,2
87,87,3,1
88,-65,2,1
88,-63,2,1
88,-57,2,1
88,-55,2,1
88,-52,2,2
88,-50,2,1
88,-48,2,3
88,-46,2,1
88,-45,2,3
88,-44,2,1
88,-43,2,4
88,-42,2,4
88,-41,2,5
88,-40,2,4
88,-39,2,1
88,-38,2,9
88,-37,2,9
88,-36,2,11
88,-35,2,9
88,-34,2,5
88,-33,2,13
88,-32,2,4
88,-31,2,13
88,-30,2,10
88,-29,2,9
88,-28,2,15
88,-27,2,14
88,-26,2,6
88,-25,2,21
88,-24,2,16
88,-23,2,18
88,-22,2,24
88,-21,2,16
88,-20,2,31
88,-19,2,24
88,-18,2,21
88,-17,2,29
88,-16,2,28
88,-15,2,26
88,-14,2,19
88,-13,2,30
88,-12,2,29
88,-11,2,25
88,-10,2,37
88,-9,2,26
88,-8,2,27
88,-7,2,36
88,-6,2,28
88,-5,2,31
88,-4,2,31
88,-3,2,34
88,-2,2,26
88,-1,2,28
88,0,2,38
88,1,2,47
88,2,2,19
88,3,2,31
88,4,2,39
88,5,4,33
88,6,4,29
88,7,4,31
88,8,4,25
88,9,4,32
88,10,4,38
88,11,4,31
88,12,4,33
88,13,4,33
88,14,4,35
88,15,4,30
88,16,4,37
88,17,4,36
88,18,4,25
88,19,4,30
88,20,4,44
88,21,3,33
88,22,3,31
88,23,3,43
88,24,3,37
88,25,3,26
88,26,3,42
88,27,3,40
88,28,3,26
88,29,3,31
88,30,3,31
88,31,3,24
88,32,3,42
88,33,3,26
88,34,3,37
88,35,3,37
88,36,3,31
88,37,3,28
88,38,3,27
88,39,3,33
88,40,3,37
88,41,3,29
88,42,3,25
88,43,3,23
88,44,3,18
88,45,3,17
88,46,3,19
88,47,3,21
88,48,3,17
88,49,3,19
88,50,3,8
88,51,3,16
88,52,3,19
88,53,3,17
88,54,3,22
88,55,3,18
88,56,3,18
88,57,3,11
88,58,3,14
88,59,3,13
88,60,3,15
88,61,3,22
88,62,3,12
88,63,3,14
88,64,3,9
88,65,3,14
88,66,3,13
88,67,3,17
88,68,3,15
88,69,3,13
88,70,3,9
88,71,3,9
88,72,3,14
88,73,3,12
88,74,3,7
88,75,3,10
88,76,3,3
88,77,3,7
88,78,3,4
88,79,3,7
88,80,3,2
88,81,3,4
88,82,3,3
88,84,3,1
88,86,3,2
88,88,3,1
89,-63,2,1
89,-62,2,1
89,-58,2,1
89,-57,2,1
89,-56,2,1
89,-52,2,1
89,-51,2,1
89,-50,2,1
89,-48,2,1
89,-47,2,1
89,-45,2,2
89,-44,2,2
89,-43,2,2
89,-42,2,5
89,-41,2,6
89,-39,2,1
89,-38,2,4
89,-37,2,3
89,-36,2,11
89,-35,2,3
89,-34,2,11
89,-33,2,7
89,-32,2,13
89,-31,2,7
89,-30,2,6
89,-29,2,11
89,-28,2,12
89,-27,2,7
89,-26,2,12
89,-25,2,15
89,-24,2,15
89,-23,2,16
89,-22,2,15
89,-21,2,17
89,-20,2,19
89,-19,2,29
89,-18,2,22
89,-17,2,20
89,-16,2,20
89,-15,2,20
89,-14,2,24
89,-13,2,21
89,-12,2,32
89,-11,2,17
89,-10,2,27
89,-9,2,23
89,-8,2,29
89,-7,2,20
89,-6,2,22
89,-5,2,17
89,-4,2,15
89,-3,2,35
89,-2,2,25
89,-1,2,25
89,0,2,18
89,1,2,34
89,2,2,21
89,3,2,29
89,4,4,34
89,5,4,28
89,6,4,26
89,7,4,36
89,8,4,31
89,9,4,24
89,10,4,35
89,11,4,27
89,12,4,37
89,13,4,25
89,14,4,34
89,15,4,22
89,16,4,34
89,17,4,33
89,18,4,29
89,19,4,27
89,20,4,32
89,21,3,27
89,22,3,30
89,23,3,42
89,24,3,32
89,25,3,33
89,26,3,34
89,27,3,33
89,28,3,19
89,29,3,29
89,30,3,28
89,31,3,27
89,32,3,36
89,33,3,25
89,34,3,27
89,35,3,36
89,36,3,29
89,37,3,25
89,38,3,30
89,39,3,127
89,40,3,23
89,41,3,28
89,42,3,22
89,43,3,27
89,44,3,20
89,45,3,18
89,46,3,23
89,47,3,22
89,48,3,24
89,49,3,25
89,50,3,17
89,51,3,20
89,52,3,21
89,53,3,20
89,54,3,14
89,55,3,14
89,56,3,21
89,57,3,10
89,58,3,8
89,59,3,17
89,60,3,9
89,61,3,11
89,62,3,10
89,63,3,10
89,64,3,14
89,65,3,7
89,66,3,11
89,67,3,14
89,68,3,9
89,69,3,8
89,70,3,15
89,71,3,12
89,72,3,7
89,73,3,6
89,74,3,6
89,75,3,4
89,76,3,5
89,77,3,1
89,78,3,1
89,79,3,3
89,80,3,2
89,81,3,5
89,82,3,2
89,83,3,4
89,84,3,3
89,85,3,2
89,86,3,1
90,-60,2,1
90,-59,2,1
90,-55,2,1
90,-54,2,2
90,-51,2,1
90,-50,2,1
90,-49,2,1
90,-48,2,2
90,-44,2,2
90,-43,2,3
90,-42,2,4
90,-41,2,6
90,-40,2,5
90,-39,2,6
90,-38,2,7
90,-37,2,4
90,-36,2,7
90,-35,2,7
90,-34,2,4
90,-33,2,5
90,-32,2,11
90,-31,2,16
90,-30,2,16
90,-29,2,19
90,-28,2,16
90,-27,2,10
90,-26,2,24
90,-25,2,22
90,-24,2,24
90,-23,2,33
90,-22,2,19
90,-21,2,27
90,-20,2,22
90,-19,2,23
90,-18,2,23
90,-17,2,151
90,-16,2,28
90,-15,2,29
90,-14,2,44
90,-13,2,32
90,-12,2,32
90,-11,2,32
90,-10,2,28
90,-9,2,34
90,-8,2,25
90,-7,2,33
90,-6,2,30
90,-5,2,32
90,-4,2,25
90,-3,2,30
90,-2,2,41
90,-1,2,38
90,0,2,31
90,1,2,41
90,2,2,28
90,3,2,41
90,4,4,29
90,5,4,26
90,6,4,33
90,7,4,45
90,8,4,46
90,9,4,40
90,10,4,40
90,11,4,29
90,12,4,46
90,13,4,39
90,14,4,35
90,15,4,46
90,16,4,48
90,17,4,31
90,18,4,32
90,19,4,42
90,20,4,39
90,21,3,55
90,22,3,48
90,23,3,38
90,24,3,34
90,25,3,43
90,26,3,36
90,27,3,43
90,28,3,51
90,29,3,45
90,30,3,39
90,31,3,39
90,32,3,37
90,33,3,34
90,34,3,27
90,35,3,53
90,36,3,34
90,37,3,29
90,38,3,28
90,39,3,30
90,40,3,39
90,41,3,42
90,42,3,25
90,43,3,29
90,44,3,30
90,45,3,29
90,46,3,31
90,47,3,22
90,48,3,35
90,49,3,22
90,50,3,29
90,51,3,24
90,52,3,23
90,53,3,30
90,54,3,22
90,55,3,15
90,56,3,16
90,57,3,23
90,58,3,16
90,59,3,18
90,60,3,15
90,61,3,11
90,62,3,14
90,63,3,13
90,64,3,6
90,65,3,9
90,66,3,5
90,67,3,4
90,68,3,8
90,69,3,7
90,70,3,5
90,71,3,8
90,72,3,7
90,73,3,5
90,74,3,10
90,75,3,11
90,76,3,6
90,77,3,4
90,78,3,3
90,79,3,2
90,80,3,3
90,81,3,3
90,83,3,1
90,84,3,3
90,85,3,1
91,-59,2,1
91,-57,2,1
91,-55,2,1
91,-53,2,1
91,-51,2,1
91,-50,2,2
91,-49,2,1
91,-47,2,2
91,-46,2,3
91,-45,2,3
91,-44,2,1
91,-43,2,2
91,-42,2,2
91,-41,2,3
91,-40,2,1
91,-39,2,1
91,-38,2,2
91,-37,2,1
91,-36,2,3
91,-35,2,4
91,-34,2,4
91,-33,2,5
91,-32,2,5
91,-31,2,4
91,-30,2,5
91,-29,2,12
91,-28,2,13
91,-27,2,15
91,-26,2,15
91,-25,2,24
91,-24,2,23
91,-23,2,22
91,-22,2,13
91,-21,2,14
91,-20,2,24
91,-19,2,20
91,-18,2,29
91,-17,2,28
91,-16,2,24
91,-15,2,22
91,-14,2,21
91,-13,2,30
91,-12,2,28
91,-11,2,23
91,-10,2,17
91,-9,2,36
91,-8,2,39
91,-7,2,30
91,-6,2,23
91,-5,2,45
91,-4,2,37
91,-3,2,23
91,-2,2,34
91,-1,2,29
91,0,2,30
91,1,2,44
91,2,2,24
91,3,4,22
91,4,4,34
91,5,4,35
91,6,4,36
91,7,4,24
91,8,4,25
91,9,4,37
91,10,4,33
91,11,4,41
91,12,4,44
91,13,4,30
91,14,4,41
91,15,4,42
91,16,4,34
91,17,4,32
91,18,4,39
91,19,4,43
91,20,4,40
91,21,3,38
91,22,3,39
91,23,3,40
91,24,3,42
91,25,3,41
91,26,3,23
91,27,3,46
91,28,3,36
91,29,3,42
91,30,3,36
91,31,3,34
91,32,3,27
91,33,3,30
91,34,3,44
91,35,3,31
91,36,3,32
91,37,3,28
91,38,3,32
91,39,3,25
91,40,3,26
91,41,3,20
91,42,3,32
91,43,3,28
91,44,3,31
91,45,3,26
91,46,3,20
91,47,3,27
91,48,3,21
91,49,3,23
91,50,3,21
91,51,3,18
91,52,3,25
91,53,3,19
91,54,3,19
91,55,3,15
91,56,3,17
91,57,3,11
91,58,3,11
91,59,3,22
91,60,3,18
91,61,3,14
91,62,3,15
91,63,3,11
91,64,3,9
91,65,3,12
91,66,3,11
91,67,3,7
91,68,3,7
91,69,3,7
91,70,3,5
91,71,3,5
91,72,3,8
91,73,3,5
91,74,3,3
91,75,3,3
91,76,3,3
91,77,3,4
91,78,3,2
91,79,3,3
91,80,3,1
91,81,3,2
91,82,3,1
91,84,3,3
92,-58,2,1
92,-53,2,1
92,-52,2,2
92,-49,2,1
92,-48,2,2
92,-47,2,1
92,-45,2,1
92,-44,2,1
92,-43,2,1
92,-42,2,1
92,-41,2,3
92,-40,2,4
92,-39,2,3
92,-38,2,4
92,-37,2,7
92,-36,2,6
92,-35,2,3
92,-34,2,9
92,-33,2,4
92,-32,2,6
92,-31,2,10
92,-30,2,13
92,-29,2,10
92,-28,2,11
92,-27,2,14
92,-26,2,19
92,-25,2,15
92,-24,2,15
92,-23,2,18
92,-22,2,23
92,-21,2,18
92,-20,2,24
92,-19,2,26
92,-18,2,32
92,-17,2,37
92,-16,2,22
92,-15,2,33
92,-14,2,38
92,-13,2,36
92,-12,2,42
92,-11,2,38
92,-10,2,34
92,-9,2,40
92,-8,2,37
92,-7,2,34
92,-6,2,34
92,-5,2,42
92,-4,2,34
92,-3,2,36
92,-2,2,43
92,-1,2,39
92,0,2,45
92,1,2,36
92,2,2,59
92,3,4,63
92,4,4,39
92,5,4,35
92,6,4,43
92,7,4,41
92,8,4,36
92,9,4,44
92,10,4,43
92,11,4,55
92,12,4,46
92,13,4,45
92,14,4,50
92,15,4,50
92,16,4,43
92,17,4,39
92,18,4,45
92,19,4,44
92,20,4,46
92,21,3,52
92,22,3,46
92,23,3,45
92,24,3,40
92,25,3,39
92,26,3,48
92,27,3,70
92,28,3,42
92,29,3,45
92,30,3,39
92,31,3,47
92,32,3,40
92,33,3,56
92,34,3,48
92,35,3,32
92,36,3,49
92,37,3,45
92,38,3,38
92,39,3,33
92,40,3,35
92,41,3,23
92,42,3,29
92,43,3,43
92,44,3,40
92,45,3,27
92,46,3,32
92,47,3,17
92,48,3,23
92,49,3,28
92,50,3,24
92,51,3,26
92,52,3,25
92,53,3,18
92,54,3,18
92,55,3,22
92,56,3,17
92,57,3,17
92,58,3,20
92,59,3,15
92,60,3,13
92,61,3,20
92,62,3,14
92,63,3,17
92,64,3,8
92,65,3,11
92,66,3,11
92,67,3,8
92,68,3,4
92,69,3,7
92,70,3,6
92,71,3,6
92,72,3,4
92,73,3,4
92,74,3,4
92,75,3,6
92,76,3,5
92,77,3,4
92,78,3,3
92,79,3,3
92,80,3,2
92,81,3,4
92,82,3,2
92,84,3,1
93,-55,2,1
93,-53,2,1
93,-52,2,1
93,-49,2,2
93,-48,2,1
93,-43,2,1
93,-42,2,1
93,-40,2,1
93,-39,2,4
93,-38,2,2
93,-37,2,5
93,-36,2,2
93,-35,2,4
93,-33,2,2
93,-32,2,8
93,-31,2,5
93,-30,2,5
93,-29,2,9
93,-28,2,8
93,-27,2,9
93,-26,2,10
93,-25,2,9
93,-24,2,18
93,-23,2,15
93,-22,2,14
93,-21,2,22
93,-20,2,19
93,-19,2,18
93,-18,2,30
93,-17,2,23
93,-16,2,23
93,-15,2,30
93,-14,2,37
93,-13,2,22
93,-12,2,30
93,-11,2,33
93,-10,2,25
93,-9,2,24
93,-8,2,38
93,-7,2,33
93,-6,2,25
93,-5,2,26
93,-4,2,30
93,-3,2,29
93,-2,2,48
93,-1,2,34
93,0,2,27
93,1,2,28
93,2,2,45
93,3,4,18
93,4,4,41
93,5,4,39
93,6,4,29
93,7,4,49
93,8,4,52
93,9,4,29
93,10,4,35
93,11,4,39
93,12,4,40
93,13,4,25
93,14,4,37
93,15,4,45
93,16,4,32
93,17,4,48
93,18,4,38
93,19,4,58
93,20,4,47
93,21,3,40
93,22,3,51
93,23,3,47
93,24,3,38
93,25,3,36
93,26,3,39
93,27,3,34
93,28,3,34
93,29,3,46
93,30,3,41
93,31,3,41
93,32,3,44
93,33,3,38
93,34,3,39
93,35,3,31
93,36,3,30
93,37,3,30
93,38,3,23
93,39,3,39
93,40,3,35
93,41,3,33
93,42,3,24
93,43,3,31
93,44,3,22
93,45,3,28
93,46,3,21
93,47,3,29
93,48,3,25
93,49,3,21
93,50,3,21
93,51,3,27
93,52,3,15
93,53,3,12
93,54,3,11
93,55,3,12
93,56,3,16
93,57,3,11
93,58,3,9
93,59,3,13
93,60,3,9
93,61,3,12
93,62,3,12
93,63,3,7
93,64,3,11
93,65,3,5
93,66,3,10
93,67,3,3
93,68,3,5
93,69,3,6
93,70,3,3
93,71,3,8
93,72,3,1
93,73,3,6
93,74,3,1
93,75,3,2
93,76,3,1
93,77,3,2
93,80,3,2
93,81,3,1
93,82,3,3
93,85,3,1
94,-80,2,1
94,-67,2,1
94,-63,2,1
94,-58,2,1
94,-54,2,1
94,-53,2,1
94,-48,2,1
94,-47,2,1
94,-46,2,1
94,-44,2,2
94,-43,2,1
94,-42,2,3
94,-41,2,3
94,-40,2,2
94,-39,2,3
94,-38,2,2
94,-37,2,6
94,-36,2,9
94,-34,2,5
94,-33,2,7
94,-32,2,10
94,-31,2,6
94,-30,2,12
94,-29,2,11
94,-28,2,6
94,-27,2,11
94,-26,2,18
94,-25,2,12
94,-24,2,15
94,-23,2,18
94,-22,2,20
94,-21,2,25
94,-20,2,27
94,-19,2,28
94,-18,2,30
94,-17,2,30
94,-16,2,28
94,-15,2,27
94,-14,2,37
94,-13,2,36
94,-12,2,47
94,-11,2,29
94,-10,2,39
94,-9,2,44
94,-8,2,33
94,-7,2,43
94,-6,2,45
94,-5,2,57
94,-4,2,49
94,-3,2,45
94,-2,2,36
94,-1,2,46
94,0,2,42
94,1,2,44
94,2,4,39
94,3,4,34
94,4,4,51
94,5,4,57
94,6,4,59
94,7,4,37
94,8,4,59
94,9,4,45
94,10,4,48
94,11,4,38
94,12,4,50
94,13,4,48
94,14,4,41
94,15,4,55
94,16,4,63
94,17,4,51
94,18,4,59
94,19,4,59
94,20,4,57
94,21,3,57
94,22,3,57
94,23,3,49
94,24,3,64
94,25,3,45
94,26,3,58
94,27,3,55
94,28,3,51
94,29,3,41
94,30,3,51
94,31,3,51
94,32,3,48
94,33,3,46
94,34,3,34
94,35,3,39
94,36,3,43
94,37,3,49
94,38,3,48
94,39,3,34
94,40,3,39
94,41,3,28
94,42,3,28
94,43,3,31
94,44,3,31
94,45,3,36
94,46,3,23
94,47,3,28
94,48,3,28
94,49,3,15
94,50,3,23
94,51,3,18
94,52,3,16
94,53,3,18
94,54,3,16
94,55,3,12
94,56,3,23
94,57,3,13
94,58,3,17
94,59,3,11
94,60,3,13
94,61,3,11
94,62,3,7
94,63,3,10
94,64,3,7
94,65,3,10
94,66,3,8
94,67,3,6
94,68,3,11
94,69,3,7
94,70,3,4
94,71,3,4
94,72,3,8
94,73,3,4
94,74,3,3
94,75,3,3
94,77,3,3
94,78,3,3
94,80,3,1
94,82,3,1
94,83,3,1
95,-54,2,1
95,-53,2,1
95,-48,2,1
95,-46,2,1
95,-45,2,1
95,-40,2,2
95,-39,2,1
95,-38,2,1
95,-37,2,1
95,-36,2,1
95,-34,2,7
95,-33,2,2
95,-32,2,7
95,-31,2,5
95,-30,2,9
95,-29,2,13
95,-28,2,6
95,-27,2,10
95,-26,2,6
95,-25,2,15
95,-24,2,13
95,-23,2,10
95,-22,2,10
95,-21,2,20
95,-20,2,19
95,-19,2,31
95,-18,2,28
95,-17,2,27
95,-16,2,19
95,-15,2,37
95,-14,2,26
95,-13,2,40
95,-12,2,28
95,-11,2,35
95,-10,2,38
95,-9,2,25
95,-8,2,38
95,-7,2,45
95,-6,2,40
95,-5,2,37
95,-4,2,40
95,-3,2,35
95,-2,2,42
95,-1,2,43
95,0,2,33
95,1,2,45
95,2,4,52
95,3,4,33
95,4,4,34
95,5,4,34
95,6,4,44
95,7,4,46
95,8,4,28
95,9,4,51
95,10,4,40
95,11,4,34
95,12,4,48
95,13,4,45
95,14,4,42
95,15,4,46
95,16,4,54
95,17,4,37
95,18,4,51
95,19,4,60
95,20,4,40
95,21,3,47
95,22,3,48
95,23,3,47
95,24,5,48
95,25,5,48
95,26,5,48
95,27,5,43
95,28,5,43
95,29,5,49
95,30,5,48
95,31,5,36
95,32,3,40
95,33,3,43
95,34,3,38
95,35,3,33
95,36,3,40
95,37,3,31
95,38,3,32
95,39,3,29
95,40,3,25
95,41,3,18
95,42,3,22
95,43,3,26
95,44,3,23
95,45,3,20
95,46,3,17
95,47,3,21
95,48,3,24
95,49,3,16
95,50,3,21
95,51,3,13
95,52,3,17
95,53,3,7
95,54,3,11
95,55,3,9
95,56,3,18
95,57,3,7
95,58,3,7
95,59,3,8
95,60,3,10
95,61,3,6
95,62,3,8
95,63,3,7
95,64,3,12
95,65,3,1
95,66,3,5
95,67,3,2
95,68,3,3
95,69,3,4
95,70,3,5
95,71,3,7
95,72,3,7
95,73,3,1
95,75,3,1
95,76,3,1
95,77,3,4
95,79,3,2
95,83,3,1
96,-51,2,1
96,-50,2,1
96,-47,2,2
96,-44,2,1
96,-43,2,1
96,-42,2,1
96,-41,2,3
96,-40,2,3
96,-38,2,2
96,-37,2,6
96,-36,2,6
96,-35,2,2
96,-34,2,3
96,-33,2,5
96,-32,2,4
96,-31,2,7
96,-30,2,2
96,-29,2,11
96,-28,2,8
96,-27,2,13
96,-26,2,14
96,-25,2,13
96,-24,2,12
96,-23,2,17
96,-22,2,16
96,-21,2,20
96,-20,2,31
96,-19,2,26
96,-18,2,33
96,-17,2,34
96,-16,2,31
96,-15,2,24
96,-14,2,37
96,-13,2,32
96,-12,2,44
96,-11,2,45
96,-10,2,60
96,-9,2,49
96,-8,2,44
96,-7,2,58
96,-6,2,61
96,-5,2,59
96,-4,2,51
96,-3,2,45
96,-2,2,41
96,-1,2,62
96,0,2,52
96,1,4,52
96,2,4,57
96,3,4,69
96,4,4,52
96,5,4,57
96,6,4,67
96,7,4,57
96,8,4,58
96,9,4,64
96,10,4,58
96,11,4,67
96,12,4,53
96,13,4,57
96,14,4,49
96,15,4,65
96,16,4,58
96,17,4,44
96,18,4,59
96,19,4,62
96,20,4,55
96,21,3,62
96,22,3,60
96,23,5,53
96,24,5,51
96,25,5,72
96,26,5,71
96,27,5,65
96,28,5,63
96,29,5,49
96,30,5,59
96,31,5,64
96,32,5,43
96,33,5,59
96,34,3,58
96,35,3,44
96,36,3,51
96,37,3,47
96,38,3,27
96,39,3,29
96,40,3,45
96,41,3,29
96,42,3,27
96,43,3,33
96,44,3,33
96,45,3,25
96,46,3,20
96,47,3,22
96,48,3,16
96,49,3,20
96,50,3,32
96,51,3,18
96,52,3,12
96,53,3,16
96,54,3,13
96,55,3,13
96,56,3,12
96,57,3,7
96,58,3,13
96,59,3,10
96,60,3,9
96,61,3,10
96,62,3,6
96,63,3,9
96,64,3,4
96,65,3,8
96,66,3,2
96,67,3,2
96,68,3,7
96,69,3,5
96,70,3,5
96,71,3,2
96,74,3,1
96,77,3,1
96,78,3,1
96,79,3,1
96,80,3,1
97,-40,2,1
97,-39,2,1
97,-38,2,1
97,-37,2,4
97,-36,2,2
97,-35,2,1
97,-34,2,6
97,-33,2,4
97,-32,2,4
97,-31,2,7
97,-30,2,4
97,-29,2,5
97,-28,2,10
97,-27,2,12
97,-26,2,8
97,-25,2,10
97,-24,2,9
97,-23,2,8
97,-22,2,21
97,-21,2,14
97,-20,2,20
97,-19,2,25
97,-18,2,16
97,-17,2,19
97,-16,2,30
97,-15,2,31
97,-14,2,24
97,-13,2,29
97,-12,2,24
97,-11,2,41
97,-10,2,21
97,-9,2,47
97,-8,2,45
97,-7,2,43
97,-6,2,45
97,-5,2,36
97,-4,2,58
97,-3,2,44
97,-2,2,40
97,-1,2,45
97,0,2,48
97,1,4,52
97,2,4,51
97,3,4,56
97,4,4,51
97,5,4,49
97,6,4,37
97,7,4,38
97,8,4,48
97,9,4,44
97,10,4,50
97,11,4,46
97,12,4,55
97,13,4,46
97,14,4,47
97,15,4,46
97,16,4,45
97,17,4,41
97,18,4,44
97,19,4,41
97,20,4,50
97,21,4,46
97,22,5,44
97,23,5,49
97,24,5,52
97,25,5,47
97,26,5,51
97,27,5,44
97,28,5,49
97,29,5,45
97,30,5,54
97,31,5,40
97,32,5,41
97,33,5,42
97,34,5,40
97,35,3,49
97,36,3,42
97,37,3,35
97,38,3,36
97,39,3,38
97,40,3,31
97,41,3,22
97,42,3,29
97,43,3,20
97,44,3,21
97,45,3,21
97,46,3,17
97,47,3,13
97,48,3,8
97,49,3,19
97,50,3,11
97,51,3,7
97,52,3,12
97,53,3,10
97,54,3,10
97,55,3,14
97,56,3,6
97,57,3,11
97,58,3,7
97,59,3,11
97,60,3,3
97,61,3,6
97,62,3,5
97,63,3,6
97,64,3,5
97,65,3,3
97,66,3,4
97,67,3,2
97,68,3,3
97,69,3,1
97,70,3,1
97,71,3,1
97,72,3,1
97,73,3,1
97,76,3,2
97,78,3,1
97,79,3,3
97,80,3,2
97,82,3,1
98,-44,2,2
98,-42,2,1
98,-41,2,1
98,-40,2,2
98,-37,2,1
98,-36,2,3
98,-35,2,2
98,-34,2,2
98,-33,2,6
98,-32,2,7
98,-31,2,9
98,-30,2,8
98,-29,2,5
98,-28,2,2
98,-27,2,8
98,-26,2,11
98,-25,2,14
98,-24,2,11
98,-23,2,23
98,-22,2,16
98,-21,2,18
98,-20,2,22
98,-19,2,26
98,-18,2,28
98,-17,2,30
98,-16,2,22
98,-15,2,34
98,-14,2,49
98,-13,2,37
98,-12,2,32
98,-11,2,47
98,-10,2,46
98,-9,2,43
98,-8,2,51
98,-7,2,44
98,-6,2,52
98,-5,2,55
98,-4,2,49
98,-3,2,63
98,-2,2,45
98,-1,2,48
98,0,4,49
98,1,4,72
98,2,4,48
98,3,4,54
98,4,4,66
98,5,4,73
98,6,4,62
98,7,4,70
98,8,4,63
98,9,4,65
98,10,4,47
98,11,4,66
98,12,4,75
98,13,4,69
98,14,4,79
98,15,4,77
98,16,4,88
98,17,4,51
98,18,4,69
98,19,4,72
98,20,4,70
98,21,5,58
98,22,5,66
98,23,5,63
98,24,5,78
98,25,5,65
98,26,6,49
98,27,6,70
98,28,6,60
98,29,6,63
98,30,6,75
98,31,5,56
98,32,5,47
98,33,5,56
98,34,5,41
98,35,5,45
98,36,5,36
98,37,3,39
98,38,3,39
98,39,3,38
98,40,3,36
98,41,3,39
98,42,3,30
98,43,3,26
98,44,3,18
98,45,3,24
98,46,3,22
98,47,3,20
98,48,3,20
98,49,3,18
98,50,3,11
98,51,3,15
98,52,3,17
98,53,3,10
98,54,3,8
98,55,3,8
98,56,3,12
98,57,3,9
98,58,3,4
98,59,3,6
98,60,3,7
98,61,3,6
98,62,3,3
98,63,3,3
98,64,3,3
98,65,3,3
98,66,3,3
98,67,3,5
98,68,3,3
98,69,3,3
98,70,3,3
98,71,3,1
98,72,3,3
98,81,3,1
99,-50,2,1
99,-46,2,1
99,-38,2,1
99,-36,2,2
99,-35,2,7
99,-34,2,4
99,-33,2,1
99,-32,2,5
99,-31,2,3
99,-30,2,6
99,-29,2,3
99,-28,2,7
99,-27,2,7
99,-26,2,9
99,-25,2,13
99,-24,2,12
99,-23,2,12
99,-22,2,10
99,-21,2,14
99,-20,2,17
99,-19,2,18
99,-18,2,17
99,-17,2,15
99,-16,2,27
99,-15,2,24
99,-14,2,29
99,-13,2,29
99,-12,2,25
99,-11,2,28
99,-10,2,26
99,-9,2,34
99,-8,2,39
99,-7,2,34
99,-6,2,43
99,-5,2,37
99,-4,2,46
99,-3,2,43
99,-2,2,48
99,-1,2,37
99,0,4,52
99,1,4,51
99,2,4,53
99,3,4,49
99,4,4,48
99,5,4,44
99,6,4,61
99,7,4,51
99,8,4,55
99,9,4,60
99,10,4,63
99,11,4,64
99,12,4,56
99,13,4,46
99,14,4,41
99,15,4,47
99,16,4,65
99,17,4,57
99,18,4,56
99,19,4,56
99,20,5,59
99,21,5,54
99,22,5,59
99,23,5,59
99,24,5,51
99,25,6,51
99,26,6,62
99,27,6,56
99,28,6,46
99,29,6,58
99,30,6,47
99,31,6,38
99,32,5,49
99,33,5,35
99,34,5,45
99,35,5,36
99,36,5,41
99,37,5,23
99,38,3,32
99,39,3,23
99,40,3,29
99,41,3,22
99,42,3,23
99,43,3,18
99,44,3,13
99,45,3,7
99,46,3,20
99,47,3,12
99,48,3,14
99,49,3,9
99,50,3,11
99,51,3,11
99,52,3,8
99,53,3,5
99,54,3,7
99,55,3,4
99,56,3,3
99,57,3,6
99,58,3,4
99,59,3,5
99,60,3,5
99,61,3,3
99,62,3,2
99,64,3,3
99,66,3,1
99,67,3,4
99,68,3,2
99,72,3,3
99,73,3,1
99,76,3,1
99,78,3,1
100,-50,2,1
100,-48,2,2
100,-45,2,1
100,-41,2,1
100,-38,2,2
100,-37,2,3
100,-36,2,4
100,-35,2,2
100,-34,2,1
100,-33,2,4
100,-32,2,2
100,-31,2,1
100,-30,2,5
100,-29,2,5
100,-28,2,7
100,-27,2,7
100,-26,2,14
100,-25,2,11
100,-24,2,7
100,-23,2,17
100,-22,2,21
100,-21,2,14
100,-20,2,17
100,-19,2,20
100,-18,2,24
100,-17,2,22
100,-16,2,31
100,-15,2,34
100,-14,2,38
100,-13,2,37
100,-12,2,39
100,-11,2,38
100,-10,2,52
100,-9,2,51
100,-8,2,46
100,-7,2,60
100,-6,2,47
100,-5,2,47
100,-4,2,55
100,-3,2,53
100,-2,2,61
100,-1,2,59
100,0,4,79
100,1,4,71
100,2,4,78
100,3,4,69
100,4,4,75
100,5,4,49
100,6,4,59
100,7,4,69
100,8,4,74
100,9,4,71
100,10,4,75
100,11,4,71
100,12,4,77
100,13,4,60
100,14,4,64
100,15,4,77
100,16,4,83
100,17,4,68
100,18,4,76
100,19,5,69
100,20,5,64
100,21,5,82
100,22,5,56
100,23,5,72
100,24,6,55
100,25,6,67
100,26,6,69
100,27,6,61
100,28,6,62
100,29,6,67
100,30,6,61
100,31,6,62
100,32,6,48
100,33,6,51
100,34,5,48
100,35,5,50
100,36,5,36
100,37,5,28
100,38,5,35
100,39,5,33
100,40,3,33
100,41,3,33
100,42,3,22
100,43,3,17
100,44,3,22
100,45,3,13
100,46,3,15
100,47,3,13
100,48,3,10
100,49,3,12
100,50,3,11
100,51,3,7
100,52,3,12
100,53,3,3
100,54,3,6
100,55,3,7
100,56,3,4
100,57,3,5
100,58,3,4
100,59,3,6
100,60,3,6
100,61,3,2
100,62,3,1
100,64,3,2
100,65,3,3
100,66,3,2
100,69,3,1
100,72,3,1
100,75,3,1
101,-39,2,1
101,-34,2,1
101,-33,2,2
101,-32,2,7
101,-31,2,1
101,-30,2,2
101,-29,2,6
101,-28,2,3
101,-27,2,4
101,-26,2,6
101,-25,2,7
101,-24,2,14
101,-23,2,9
101,-22,2,14
101,-21,2,4
101,-20,2,16
101,-19,2,20
101,-18,2,15
101,-17,2,21
101,-16,2,25
101,-15,2,29
101,-14,2,31
101,-13,2,30
101,-12,2,30
101,-11,2,33
101,-10,2,42
101,-9,2,22
101,-8,2,32
101,-7,2,40
101,-6,2,47
101,-5,2,36
101,-4,2,46
101,-3,2,52
101,-2,2,58
101,-1,4,51
101,0,4,53
101,1,4,72
101,2,4,56
101,3,4,58
101,4,4,68
101,5,4,60
101,6,4,60
101,7,4,51
101,8,4,54
101,9,4,55
101,10,4,56
101,11,4,45
101,12,4,54
101,13,4,62
101,14,4,46
101,15,4,56
101,16,4,55
101,17,4,65
101,18,5,66
101,19,5,59
101,20,5,55
101,21,5,50
101,22,5,55
101,23,6,49
101,24,6,67
101,25,6,73
101,26,6,46
101,27,6,49
101,28,6,47
101,29,6,42
101,30,6,43
101,31,6,33
101,32,6,29
101,33,6,31
101,34,6,39
101,35,5,39
101,36,5,32
101,37,5,28
101,38,5,23
101,39,5,14
101,40,5,27
101,41,3,14
101,42,3,22
101,43,3,13
101,44,3,11
101,45,3,16
101,46,3,8
101,47,3,6
101,48,3,8
101,49,3,10
101,50,3,3
101,52,3,3
101,53,3,7
101,54,3,4
101,55,3,6
101,56,3,1
101,57,3,2
101,58,3,1
101,59,3,4
101,60,3,2
101,61,3,1
101,62,3,3
101,63,3,2
101,65,3,1
101,66,3,1
101,67,3,1
101,69,3,2
101,82,3,1
102,-43,2,1
102,-37,2,1
102,-36,2,1
102,-34,2,2
102,-33,2,2
102,-32,2,3
102,-31,2,2
102,-30,2,5
102,-29,2,5
102,-28,2,3
102,-27,2,5
102,-26,2,5
102,-25,2,12
102,-24,2,10
102,-23,2,10
102,-22,2,13
102,-21,2,10
102,-20,2,11
102,-19,2,19
102,-18,2,18
102,-17,2,18
102,-16,2,20
102,-15,2,20
102,-14,2,21
102,-13,2,35
102,-12,2,23
102,-11,2,32
102,-10,2,27
102,-9,2,33
102,-8,2,41
102,-7,2,53
102,-6,2,55
102,-5,2,49
102,-4,2,61
102,-3,2,76
102,-2,2,55
102,-1,4,67
102,0,4,63
102,1,4,64
102,2,4,77
102,3,4,78
102,4,4,79
102,5,4,71
102,6,4,73
102,7,4,54
102,8,4,75
102,9,4,94
102,10,4,69
102,11,4,97
102,12,4,56
102,13,4,73
102,14,4,75
102,15,4,76
102,16,4,72
102,17,5,59
102,18,5,69
102,19,5,66
102,20,5,64
102,21,5,87
102,22,6,66
102,23,6,68
102,24,6,64
102,25,6,78
102,26,6,61
102,27,6,57
102,28,6,56
102,29,6,49
102,30,6,51
102,31,6,44
102,32,6,49
102,33,6,37
102,34,6,40
102,35,6,34
102,36,6,39
102,37,5,36
102,38,5,20
102,39,5,25
102,40,5,24
102,41,5,19
102,42,5,17
102,43,3,14
102,44,3,16
102,45,3,8
102,46,3,9
102,47,3,10
102,48,3,15
102,49,3,7
102,50,3,5
102,51,3,2
102,52,3,5
102,54,3,2
102,55,3,1
102,56,3,4
102,57,3,4
102,58,3,2
102,59,3,2
102,60,3,3
102,61,3,1
102,62,3,3
102,63,3,1
102,64,3,2
102,65,3,4
102,66,3,1
102,67,3,1
102,71,3,1
103,-43,2,1
103,-40,2,1
103,-35,2,1
103,-34,2,1
103,-32,2,1
103,-31,2,5
103,-30,2,1
103,-29,2,4
103,-28,2,4
103,-27,2,4
103,-26,2,9
103,-25,2,7
103,-24,2,6
103,-23,2,8
103,-22,2,5
103,-21,2,10
103,-20,2,9
103,-19,2,16
103,-18,2,11
103,-17,2,16
103,-16,2,19
103,-15,2,15
103,-14,2,15
103,-13,2,26
103,-12,2,21
103,-11,2,28
103,-10,2,29
103,-9,2,26
103,-8,2,19
103,-7,2,31
103,-6,2,36
103,-5,2,42
103,-4,2,39
103,-3,2,45
103,-2,4,43
103,-1,4,45
103,0,4,51
103,1,4,57
103,2,4,46
103,3,4,56
103,4,4,58
103,5,4,54
103,6,4,55
103,7,4,60
103,8,4,75
103,9,4,75
103,10,4,56
103,11,4,50
103,12,4,63
103,13,4,47
103,14,4,61
103,15,4,67
103,16,5,58
103,17,5,58
103,18,5,48
103,19,5,48
103,20,5,76
103,21,6,70
103,22,6,46
103,23,6,56
103,24,6,47
103,25,6,49
103,26,6,66
103,27,6,45
103,28,6,42
103,29,6,46
103,30,6,43
103,31,6,38
103,32,6,37
103,33,6,44
103,34,6,17
103,35,6,32
103,36,6,24
103,37,6,31
103,38,5,16
103,39,5,12
103,40,5,12
103,41,5,10
103,42,5,5
103,43,5,12
103,44,3,9
103,45,3,7
103,46,3,5
103,47,3,4
103,48,3,5
103,49,3,3
103,50,3,2
103,51,3,1
103,52,3,2
103,53,3,1
103,54,3,5
103,55,3,1
103,57,3,1
103,58,3,3
103,59,3,1
103,60,3,1
103,61,3,2
103,66,3,1
104,-37,2,1
104,-35,2,2
104,-34,2,1
104,-33,2,2
104,-32,2,2
104,-31,2,1
104,-30,2,2
104,-29,2,3
104,-28,2,6
104,-27,2,5
104,-26,2,6
104,-25,2,4
104,-24,2,7
104,-23,2,10
104,-22,2,13
104,-21,2,8
104,-20,2,12
104,-19,2,14
104,-18,2,15
104,-17,2,8
104,-16,2,24
104,-15,2,14
104,-14,2,19
104,-13,2,27
104,-12,2,14
104,-11,2,30
104,-10,2,26
104,-9,2,32
104,-8,2,36
104,-7,2,33
104,-6,2,40
104,-5,2,49
104,-4,2,51
104,-3,2,48
104,-2,4,48
104,-1,4,52
104,0,4,57
104,1,4,52
104,2,4,77
104,3,4,66
104,4,4,65
104,5,4,77
104,6,4,69
104,7,4,68
104,8,4,68
104,9,4,78
104,10,4,80
104,11,4,67
104,12,4,69
104,13,4,72
104,14,4,71
104,15,5,62
104,16,5,65
104,17,5,64
104,18,5,75
104,19,5,76
104,20,6,57
104,21,6,63
104,22,6,48
104,23,6,59
104,24,6,63
104,25,6,57
104,26,6,40
104,27,6,45
104,28,6,43
104,29,6,50
104,30,6,35
104,31,6,26
104,32,6,36
104,33,6,27
104,34,6,27
104,35,6,29
104,36,6,22
104,37,6,14
104,38,6,16
104,39,6,18
104,40,5,12
104,41,5,21
104,42,5,10
104,43,5,9
104,44,5,5
104,45,5,4
104,46,3,5
104,47,3,5
104,48,3,7
104,49,3,7
104,50,3,1
104,51,3,4
104,52,3,2
104,53,3,2
104,54,3,3
104,55,3,2
104,56,3,1
104,57,3,1
104,59,3,3
104,60,3,1
104,62,3,2
104,63,3,1
104,64,3,1
104,66,3,1
105,-42,2,1
105,-36,2,2
105,-34,2,1
105,-33,2,1
105,-31,2,3
105,-30,2,2
105,-29,2,2
105,-28,2,1
105,-27,2,8
105,-26,2,1
105,-25,2,6
105,-24,2,4
105,-23,2,2
105,-22,2,2
105,-21,2,5
105,-20,2,7
105,-19,2,15
105,-18,2,5
105,-17,2,6
105,-16,2,12
105,-15,2,7
105,-14,2,12
105,-13,2,15
105,-12,2,11
105,-11,2,14
105,-10,2,24
105,-9,2,15
105,-8,2,31
105,-7,2,33
105,-6,2,36
105,-5,2,25
105,-4,2,30
105,-3,2,40
105,-2,4,42
105,-1,4,44
105,0,4,38
105,1,4,54
105,2,4,41
105,3,4,49
105,4,4,42
105,5,4,58
105,6,4,55
105,7,4,59
105,8,4,54
105,9,4,63
105,10,4,53
105,11,4,58
105,12,4,60
105,13,4,60
105,14,5,54
105,15,5,50
105,16,5,48
105,17,5,40
105,18,5,57
105,19,6,57
105,20,6,54
105,21,6,44
105,22,6,47
105,23,6,46
105,24,6,49
105,25,6,39
105,26,6,45
105,27,6,43
105,28,6,31
105,29,6,27
105,30,6,20
105,31,6,23
105,32,6,23
105,33,6,21
105,34,6,17
105,35,6,20
105,36,6,19
105,37,6,11
105,38,6,12
105,39,6,13
105,40,6,12
105,41,5,7
105,42,5,7
105,43,5,4
105,44,5,9
105,45,5,3
105,48,3,3
105,49,3,1
105,50,3,3
105,51,3,1
105,52,3,4
105,53,3,1
105,54,3,1
105,55,3,1
105,56,3,1
105,57,3,1
105,62,3,1
105,63,3,1
106,-61,2,1
106,-37,2,1
106,-31,2,2
106,-30,2,1
106,-29,2,2
106,-28,2,1
106,-27,2,3
106,-26,2,2
106,-25,2,3
106,-24,2,5
106,-23,2,5
106,-22,2,6
106,-21,2,9
106,-20,2,6
106,-19,2,7
106,-18,2,8
106,-17,2,9
106,-16,2,11
106,-15,2,11
106,-14,2,10
106,-13,2,10
106,-12,2,12
106,-11,2,17
106,-10,2,24
106,-9,2,26
106,-8,2,33
106,-7,2,28
106,-6,2,38
106,-5,2,34
106,-4,2,29
106,-3,4,39
106,-2,4,44
106,-1,4,37
106,0,4,51
106,1,4,59
106,2,4,53
106,3,4,57
106,4,4,46
106,5,4,53
106,6,4,69
106,7,4,74
106,8,4,57
106,9,4,53
106,10,4,60
106,11,4,66
106,12,4,62
106,13,5,55
106,14,5,62
106,15,5,45
106,16,5,63
106,17,5,57
106,18,6,65
106,19,6,57
106,20,6,58
106,21,6,46
106,22,6,44
106,23,6,44
106,24,6,51
106,25,6,47
106,26,6,42
106,27,6,42
106,28,6,32
106,29,6,28
106,30,6,22
106,31,6,37
106,32,6,32
106,33,6,14
106,34,6,18
106,35,6,12
106,36,6,17
106,37,6,15
106,38,6,8
106,39,6,5
106,40,6,8
106,41,6,8
106,42,6,5
106,43,5,4
106,44,5,1
106,45,5,4
106,46,5,4
106,47,5,1
106,48,5,2
106,49,3,1
106,52,3,1
106,54,3,2
106,55,3,1
106,57,3,1
106,62,3,1
107,-41,2,1
107,-32,2,1
107,-31,2,3
107,-29,2,1
107,-28,2,1
107,-27,2,3
107,-26,2,4
107,-25,2,3
107,-24,2,4
107,-23,2,2
107,-22,2,4
107,-21,2,3
107,-20,2,3
107,-19,2,6
107,-18,2,9
107,-17,2,5
107,-16,2,4
107,-15,2,15
107,-14,2,7
107,-13,2,12
107,-12,2,13
107,-11,2,4
107,-10,2,10
107,-9,2,10
107,-8,2,18
107,-7,2,18
107,-6,2,22
107,-5,2,22
107,-4,2,26
107,-3,4,35
107,-2,4,23
107,-1,4,32
107,0,4,29
107,1,4,35
107,2,4,39
107,3,4,36
107,4,4,39
107,5,4,49
107,6,4,64
107,7,4,32
107,8,4,28
107,9,4,34
107,10,4,33
107,11,4,37
107,12,5,42
107,13,5,46
107,14,5,46
107,15,5,50
107,16,5,43
107,17,6,47
107,18,6,53
107,19,6,45
107,20,6,41
107,21,6,30
107,22,6,26
107,23,6,31
107,24,6,32
107,25,6,37
107,26,6,32
107,27,6,22
107,28,6,28
107,29,6,22
107,30,6,27
107,31,6,15
107,32,6,18
107,33,6,19
107,34,6,9
107,35,6,11
107,36,6,9
107,37,6,6
107,38,6,5
107,39,6,5
107,40,6,5
107,41,6,4
107,42,6,4
107,43,6,2
107,45,5,1
107,46,5,2
107,47,5,2
107,48,5,1
107,49,5,1
107,50,3,1
107,51,3,1
107,52,3,1
107,57,3,1
107,61,3,1
108,-34,2,1
108,-33,2,1
108,-31,2,1
108,-28,2,7
108,-27,2,8
108,-26,2,5
108,-25,2,2
108,-24,2,3
108,-23,2,4
108,-22,2,4
108,-21,2,3
108,-20,2,10
108,-19,2,14
108,-18,2,4
108,-17,2,7
108,-16,2,4
108,-15,2,4
108,-14,2,13
108,-13,2,10
108,-12,2,10
108,-11,2,8
108,-10,2,7
108,-9,2,15
108,-8,2,10
108,-7,2,10
108,-6,2,18
108,-5,2,23
108,-4,4,19
108,-3,4,28
108,-2,4,24
108,-1,4,29
108,0,4,28
108,1,4,29
108,2,4,31
108,3,4,31
108,4,4,44
108,5,4,39
108,6,4,43
108,7,4,48
108,8,4,38
108,9,4,48
108,10,4,42
108,11,5,54
108,12,5,33
108,13,5,48
108,14,5,37
108,15,5,40
108,16,6,37
108,17,6,48
108,18,6,49
108,19,6,42
108,20,6,35
108,21,6,38
108,22,6,40
108,23,6,34
108,24,6,26
108,25,6,26
108,26,6,27
108,27,6,21
108,28,6,23
108,29,6,20
108,30,6,19
108,31,6,19
108,32,6,13
108,33,6,11
108,34,6,11
108,35,6,14
108,36,6,1
108,37,6,5
108,38,6,3
108,39,6,6
108,40,6,2
108,41,6,1
108,42,6,2
108,43,6,4
108,44,6,1
108,45,6,3
108,46,5,1
108,48,5,1
108,52,3,1
108,53,3,1
108,56,3,1
108,57,3,1
109,-34,2,1
109,-29,2,2
109,-26,2,2
109,-25,2,4
109,-24,2,5
109,-23,2,3
109,-22,2,3
109,-21,2,7
109,-20,2,5
109,-19,2,5
109,-18,2,6
109,-17,2,4
109,-16,2,5
109,-15,2,5
109,-14,2,5
109,-13,2,5
109,-12,2,3
109,-11,2,9
109,-10,2,5
109,-9,2,4
109,-8,2,4
109,-7,2,13
109,-6,2,11
109,-5,2,7
109,-4,4,8
109,-3,4,10
109,-2,4,14
109,-1,4,17
109,0,4,16
109,1,4,18
109,2,4,16
109,3,4,21
109,4,4,21
109,5,4,28
109,6,4,19
109,7,4,32
109,8,4,35
109,9,4,26
109,10,5,25
109,11,5,27
109,12,5,23
109,13,5,37
109,14,5,19
109,15,6,29
109,16,6,25
109,17,6,33
109,18,6,19
109,19,6,24
109,20,6,12
109,21,6,16
109,22,6,28
109,23,6,24
109,24,6,19
109,25,6,18
109,26,6,17
109,27,6,6
109,28,6,14
109,29,6,14
109,30,6,13
109,31,6,9
109,32,6,11
109,33,6,6
109,34,6,8
109,35,6,10
109,36,6,7
109,37,6,3
109,38,6,1
109,39,6,2
109,40,6,4
109,42,6,1
109,43,6,1
109,44,6,1
109,45,6,3
110,-35,2,1
110,-31,2,2
110,-29,2,1
110,-28,2,1
110,-27,2,2
110,-25,2,1
110,-24,2,2
110,-22,2,2
110,-21,2,4
110,-20,2,3
110,-18,2,1
110,-17,2,5
110,-16,2,2
110,-15,2,1
110,-14,2,1
110,-13,2,4
110,-12,2,6
110,-11,2,4
110,-10,2,6
110,-9,2,12
110,-8,2,8
110,-7,2,6
110,-6,2,9
110,-5,4,5
110,-4,4,9
110,-3,4,10
110,-2,4,14
110,-1,4,8
110,0,4,18
110,1,4,15
110,2,4,17
110,3,4,22
110,4,4,30
110,5,4,20
110,6,4,30
110,7,4,18
110,8,4,24
110,9,5,15
110,10,5,26
110,11,5,29
110,12,5,23
110,13,5,27
110,14,6,20
110,15,6,29
110,16,6,25
110,17,6,25
110,18,6,24
110,19,6,19
110,20,6,19
110,21,6,14
110,22,6,18
110,23,6,19
110,24,6,16
110,25,6,18
110,26,6,16
110,27,6,13
110,28,6,7
110,29,6,12
110,30,6,9
110,31,6,5
110,32,6,9
110,33,6,10
110,34,6,4
110,35,6,4
110,36,6,4
110,37,6,2
110,38,6,2
110,39,6,3
110,40,6,1
110,41,6,2
110,42,6,2
110,43,6,1
110,48,6,1
110,66,3,1
111,-39,2,1
111,-26,2,1
111,-17,2,1
111,-14,2,2
111,-13,2,1
111,-12,2,2
111,-11,2,2
111,-10,2,2
111,-9,2,3
111,-8,2,3
111,-7,2,7
111,-6,2,1
111,-5,4,4
111,-4,4,6
111,-3,4,10
111,-2,4,6
111,-1,4,8
111,0,4,15
111,1,4,7
111,2,4,12
111,3,4,10
111,4,4,21
111,5,4,13
111,6,4,14
111,7,4,11
111,8,5,14
111,9,5,25
111,10,5,15
111,11,5,9
111,12,5,20
111,13,6,16
111,14,6,10
111,15,6,19
111,16,6,14
111,17,6,20
111,18,6,17
111,19,6,19
111,20,6,23
111,21,6,8
111,22,6,8
111,23,6,10
111,24,6,9
111,25,6,8
111,26,6,9
111,27,6,5
111,28,6,3
111,29,6,5
111,30,6,6
111,31,6,2
111,32,6,2
111,33,6,3
111,34,6,6
111,35,6,2
111,36,6,1
111,39,6,3
111,45,6,1
112,-18,2,1
112,-15,2,1
112,-12,2,1
112,-11,2,3
112,-10,2,3
112,-9,2,2
112,-8,2,3
112,-7,2,3
112,-6,2,10
112,-5,4,5
112,-4,4,4
112,-3,4,2
112,-2,4,6
112,-1,4,9
112,0,4,9
112,1,4,6
112,2,4,9
112,3,4,14
112,4,4,4
112,5,4,8
112,6,4,10
112,7,5,14
112,8,5,9
112,9,5,10
112,10,5,12
112,11,5,8
112,12,6,16
112,13,6,4
112,14,6,9
112,15,6,14
112,16,6,13
112,17,6,10
112,18,6,12
112,19,6,8
112,20,6,10
112,21,6,8
112,22,6,14
112,23,6,8
112,24,6,9
112,25,6,5
112,26,6,6
112,27,6,6
112,28,6,7
112,29,6,4
112,30,6,5
112,31,6,3
112,32,6,6
112,33,6,3
112,34,6,2
112,35,6,1
112,36,6,3
112,37,6,1
112,44,6,1
113,-30,2,1
113,-12,2,1
113,-10,2,4
113,-8,2,3
113,-6,4,2
113,-5,4,3
113,-4,4,1
113,-3,4,1
113,-2,4,2
113,-1,4,1
113,0,4,2
113,1,4,5
113,2,4,1
113,3,4,7
113,4,4,5
113,5,4,3
113,6,5,6
113,7,5,6
113,8,5,5
113,9,5,6
113,10,5,6
113,11,6,10
113,12,6,2
113,13,6,2
113,14,6,12
113,15,6,8
113,16,6,8
113,17,6,6
113,18,6,9
113,19,6,4
113,20,6,5
113,21,6,5
113,22,6,1
113,23,6,1
113,24,6,3
113,25,6,4
113,26,6,2
113,27,6,2
113,28,6,1
113,29,6,2
113,30,6,1
113,31,6,1
113,33,6,2
113,34,6,2
113,37,6,1
113,47,6,1
113,73,3,1
114,-14,2,1
114,-13,2,1
114,-10,2,1
114,-8,2,1
114,-5,4,1
114,-3,4,3
114,-2,4,1
114,-1,4,2
114,0,4,1
114,1,4,3
114,3,4,4
114,4,4,1
114,5,5,3
114,6,5,4
114,7,5,7
114,8,5,8
114,9,5,3
114,10,6,6
114,11,6,4
114,12,6,2
114,13,6,1
114,14,6,4
114,15,6,4
114,16,6,3
114,17,6,3
114,18,6,2
114,19,6,3
114,20,6,3
114,21,6,1
114,22,6,5
114,23,6,3
114,24,6,3
114,25,6,2
114,26,6,2
114,27,6,5
114,29,6,3
114,30,6,1
114,31,6,2
114,33,6,2
114,35,6,1
115,-25,2,1
115,-9,2,2
115,-7,4,1
115,-3,4,2
115,-1,4,3
115,0,4,1
115,1,4,1
115,2,4,1
115,4,5,1
115,5,5,2
115,6,5,2
115,7,5,1
115,8,5,2
115,9,6,3
115,10,6,4
115,11,6,2
115,12,6,2
115,13,6,1
115,14,6,2
115,15,6,2
115,16,6,4
115,17,6,2
115,18,6,2
115,19,6,2
115,21,6,2
115,22,6,1
115,23,6,1
115,24,6,1
115,25,6,2
115,26,6,2
115,27,6,1
115,28,6,2
115,31,6,1
115,32,6,1
116,-9,2,2
116,-1,4,1
116,2,4,2
116,4,5,1
116,5,5,1
116,6,5,2
116,7,6,2
116,8,6,2
116,10,6,1
116,11,6,1
116,12,6,4
116,13,6,2
116,14,6,1
116,15,6,2
116,16,6,3
116,17,6,3
116,18,6,1
116,20,6,1
116,21,6,2
116,22,6,1
116,27,6,1
116,28,6,1
116,30,6,1
116,31,6,1
116,37,6,1
117,-5,4,1
117,0,4,1
117,7,6,1
117,8,6,3
117,9,6,1
117,11,6,2
117,14,6,1
117,16,6,1
117,19,6,1
117,22,6,1
117,25,6,1
118,-7,4,1
118,3,5,1
118,7,6,1
118,9,6,1
118,12,6,1
118,20,6,1
118,28,6,1
119,11,6,1
119,29,6,1
120,13,6,1
