"last_name, first_name","player_id","team_name_alt","pitch_type","pitch_name","run_value_per_100","run_value","pitches","pitch_usage","pa","ba","slg","woba","whiff_percent","k_percent","put_away","est_ba","est_slg","est_woba","hard_hit_percent"
"Gausman, Kevin",592332,"TOR","FF","4-Seam Fastball",1.3,20,"1627",53.7,"437","0.23","0.38","0.306",16.9,19,17.7,"0.259","0.465","0.342",46.6
"Parker, Mitchell",680730,"WSH","FF","4-Seam Fastball",-0.4,-6,"1501",55.5,"417","0.269","0.447","0.358",10.7,8.9,10.1,"0.306","0.529","0.394",54.2
"Ray, Robbie",592662,"SF","FF","4-Seam Fastball",0.6,9,"1593",51.9,"415","0.208","0.357","0.3",23.5,26,20.7,"0.209","0.387","0.303",44.6
"Soriano, José",667755,"LAA","SI","Sinker",0.1,2,"1368",49.1,"412","0.29","0.38","0.357",16.1,7.8,13.3,"0.286","0.413","0.353",54.7
"Nelson, Ryne",669194,"AZ","FF","4-Seam Fastball",1.5,23,"1526",61.9,"405","0.207","0.36","0.281",19.1,22.7,17.4,"0.244","0.411","0.313",45.4
"Peralta, Freddy",642547,"MIL","FF","4-Seam Fastball",0.6,9,"1651",53.5,"395","0.209","0.381","0.314",22.8,23.5,17.6,"0.237","0.46","0.348",41.8
"Valdez, Framber",664285,"HOU","SI","Sinker",1.2,16,"1321",45.7,"383","0.276","0.376","0.332",13,8.4,19.8,"0.303","0.455","0.362",50.6
"Sánchez, Cristopher",650911,"PHI","SI","Sinker",1.4,19,"1332",46,"375","0.269","0.342","0.313",14.5,14.9,23.1,"0.259","0.411","0.322",50.5
"Senzatela, Antonio",622608,"COL","FF","4-Seam Fastball",-1.6,-21,"1299",56.9,"370","0.352","0.538","0.434",12.9,10.5,12,"0.326","0.531","0.41",49.8
"Pivetta, Nick",601713,"SD","FF","4-Seam Fastball",1.4,19,"1350",47.4,"359","0.187","0.333","0.266",25.3,30.9,25.9,"0.213","0.44","0.322",54.7
"Gallen, Zac",668678,"AZ","FF","4-Seam Fastball",0.3,4,"1410",45,"354","0.247","0.418","0.326",12.9,17.8,16.3,"0.264","0.499","0.357",52.5
"Ryan, Joe",657746,"MIN","FF","4-Seam Fastball",1.2,17,"1404",50.3,"354","0.208","0.392","0.284",26.8,29.9,22.9,"0.195","0.406","0.279",44.7
"Pallante, Andre",669467,"STL","FF","4-Seam Fastball",-0.8,-10,"1199",44.1,"345","0.33","0.528","0.417",14.1,9,12.7,"0.304","0.478","0.371",45.9
"Castillo, Luis",622491,"SEA","FF","4-Seam Fastball",0.8,11,"1383",46.3,"344","0.203","0.411","0.294",26.5,26.5,17.7,"0.194","0.409","0.287",49.6
"Abbott, Andrew",671096,"CIN","FF","4-Seam Fastball",1.2,15,"1263",47.2,"330","0.232","0.365","0.302",19.9,23,18.5,"0.224","0.384","0.303",40.7
"Boyd, Matthew",571510,"CHC","FF","4-Seam Fastball",0.8,10,"1294",47.1,"327","0.25","0.401","0.3",15.6,16.2,14.1,"0.272","0.468","0.336",45.7
"Rodriguez, Eduardo",593958,"AZ","FF","4-Seam Fastball",-0.5,-7,"1207",46.6,"326","0.287","0.486","0.372",22.1,25.5,23.4,"0.253","0.449","0.34",42
"Flaherty, Jack",656427,"DET","FF","4-Seam Fastball",0.2,3,"1327",46.9,"323","0.264","0.444","0.348",17,22.9,19.2,"0.264","0.477","0.352",47.7
"Bassitt, Chris",605135,"TOR","SI","Sinker",0.2,2,"1179",41.7,"322","0.297","0.431","0.371",14.4,14.6,18.7,"0.291","0.45","0.356",44.4
"Sánchez, Cristopher",650911,"PHI","CH","Changeup",1.7,18,"1084",37.4,"318","0.17","0.243","0.207",45.1,40.9,29.8,"0.182","0.235","0.203",25.7
"Cease, Dylan",656302,"SD","FF","4-Seam Fastball",0,0,"1283",42.1,"314","0.241","0.417","0.341",25.7,23.6,18.7,"0.215","0.385","0.316",40.3
"Holmes, Clay",605280,"NYM","SI","Sinker",0.8,10,"1129",40.8,"314","0.287","0.391","0.363",16.4,10.8,19.2,"0.273","0.404","0.362",51.3
"deGrom, Jacob",594798,"TEX","FF","4-Seam Fastball",1.7,21,"1203",46,"310","0.189","0.393","0.275",21.5,24.5,20.5,"0.216","0.422","0.3",43.9
"Gore, MacKenzie",669022,"WSH","FF","4-Seam Fastball",0,0,"1388",49.3,"309","0.294","0.483","0.371",20.7,16.5,15.6,"0.29","0.504","0.379",47.8
"Cease, Dylan",656302,"SD","SL","Slider",0.3,4,"1243",40.8,"308","0.228","0.374","0.301",42.9,37.7,23,"0.201","0.32","0.262",35.3
"Giolito, Lucas",608337,"BOS","FF","4-Seam Fastball",0.4,5,"1145",48.4,"303","0.267","0.389","0.343",16,15.2,16.8,"0.299","0.523","0.389",48.6
"Woo, Bryan",693433,"SEA","FF","4-Seam Fastball",1.7,21,"1284",47.3,"299","0.153","0.332","0.241",28.7,31.8,22.2,"0.176","0.356","0.259",37.4
"Rodón, Carlos",607074,"NYY","FF","4-Seam Fastball",0.5,7,"1343",41.8,"299","0.224","0.429","0.342",21.5,18.7,17.4,"0.23","0.436","0.342",42.5
"Hendricks, Kyle",543294,"LAA","CH","Changeup",0.6,6,"987",38.4,"299","0.223","0.364","0.268",25.3,17.7,14.5,"0.227","0.363","0.27",26.4
"Webb, Logan",657277,"SF","SI","Sinker",0.7,8,"1104",33.6,"298","0.294","0.438","0.348",13,15.8,22.4,"0.275","0.428","0.329",45.9
"Singer, Brady",663903,"CIN","SI","Sinker",-0.5,-6,"1157",40.6,"297","0.269","0.469","0.37",17.1,23.9,21.3,"0.253","0.443","0.357",49.4
"Pepiot, Ryan",686752,"TB","FF","4-Seam Fastball",-0.2,-2,"1213",45,"296","0.235","0.444","0.361",25.4,25,19.3,"0.211","0.381","0.33",46.5
"Kikuchi, Yusei",579328,"LAA","SL","Slider",0.4,4,"1121",36.2,"295","0.254","0.443","0.366",25,20,20.1,"0.263","0.475","0.378",44.4
"Gausman, Kevin",592332,"TOR","FS","Split-Finger",0.8,9,"1134",37.4,"295","0.181","0.295","0.233",38.5,34.2,21.4,"0.193","0.295","0.229",29.7
"Skenes, Paul",694973,"PIT","FF","4-Seam Fastball",1.7,20,"1167",38.9,"294","0.205","0.347","0.28",29.6,34.7,26.2,"0.2","0.368","0.28",53.3
"Warren, Will",701542,"NYY","FF","4-Seam Fastball",1,11,"1165",41.6,"291","0.216","0.384","0.31",23.2,24.7,21.9,"0.236","0.443","0.342",45.9
"Strider, Spencer",675911,"ATL","FF","4-Seam Fastball",-0.6,-6,"1081",51.2,"290","0.294","0.472","0.374",15.3,13.8,18.1,"0.3","0.533","0.392",43.3
"Smith, Shane",681343,"CWS","FF","4-Seam Fastball",1.8,20,"1089",45,"285","0.192","0.304","0.275",25.3,26,23.6,"0.199","0.344","0.286",39.9
"Priester, Quinn",682990,"MIL","SI","Sinker",0.6,6,"1029",41.7,"284","0.269","0.375","0.334",13.6,13.4,18.5,"0.272","0.386","0.327",41.5
"Rea, Colin",607067,"CHC","FF","4-Seam Fastball",0.1,1,"1051",41.5,"282","0.281","0.474","0.36",17,16.7,17.1,"0.276","0.492","0.357",49.1
"deGrom, Jacob",594798,"TEX","SL","Slider",1.2,12,"983",37.6,"281","0.201","0.326","0.254",39,30.6,25.9,"0.224","0.357","0.274",38.9
"Bello, Brayan",678394,"BOS","SI","Sinker",0.8,7,"943",35,"280","0.251","0.305","0.337",10.8,14.3,19.1,"0.27","0.361","0.335",39.8
"Verlander, Justin",434378,"SF","FF","4-Seam Fastball",-0.1,-1,"1182",45.3,"280","0.279","0.48","0.375",18.8,15,13.4,"0.293","0.528","0.383",41.5
"Hendricks, Kyle",543294,"LAA","SI","Sinker",-0.8,-8,"987",38.4,"277","0.3","0.482","0.38",9.7,11.9,14.3,"0.269","0.422","0.329",39.6
"Paddack, Chris",663978,"DET","FF","4-Seam Fastball",0.3,3,"1109",43.2,"275","0.261","0.434","0.324",18.5,18.9,13.4,"0.26","0.469","0.332",47.8
"Morton, Charlie",450203,"ATL","CU","Curveball",-0.1,-1,"976",38.3,"275","0.228","0.386","0.318",37.9,32.4,23.2,"0.207","0.353","0.291",35.1
"Springs, Jeffrey",605488,"ATH","FF","4-Seam Fastball",-0.6,-7,"1211",42.5,"275","0.265","0.457","0.34",15.4,17.8,14.2,"0.27","0.483","0.357",44.5
"Falter, Bailey",663559,"KC","FF","4-Seam Fastball",0.2,2,"992",50.8,"272","0.253","0.44","0.338",15.8,13.6,12.9,"0.26","0.453","0.341",44.9
"Elder, Bryce",693821,"ATL","SI","Sinker",-0.7,-7,"1059",42.1,"272","0.28","0.477","0.365",15.2,18,22.2,"0.255","0.463","0.344",49.2
"Valdez, Framber",664285,"HOU","CU","Curveball",-0.2,-2,"957",33.1,"271","0.193","0.298","0.273",43.7,44.6,29.9,"0.163","0.24","0.235",39
"Kochanowicz, Jack",686799,"LAA","SI","Sinker",-1,-9,"874",47,"270","0.328","0.457","0.384",14.5,8.5,13.3,"0.296","0.436","0.366",53.7
"Skubal, Tarik",669373,"DET","CH","Changeup",2.8,25,"895",31.4,"265","0.154","0.227","0.176",46.8,41.5,29.5,"0.166","0.252","0.188",27.8
"Leiter, Jack",683004,"TEX","FF","4-Seam Fastball",1.1,11,"1001",38.8,"265","0.189","0.293","0.288",22,25.7,18,"0.214","0.404","0.331",48.7
"Burke, Sean",680732,"CWS","FF","4-Seam Fastball",-0.2,-2,"1023",43.1,"265","0.239","0.385","0.339",24.7,29.1,21.4,"0.204","0.382","0.311",43
"Imanaga, Shota",684007,"CHC","FF","4-Seam Fastball",-0.9,-10,"1059",48.7,"262","0.227","0.567","0.356",15.9,12.2,11.3,"0.247","0.594","0.375",51.2
"Baz, Shane",669358,"TB","FF","4-Seam Fastball",0.4,5,"1194",43.9,"261","0.244","0.406","0.35",23.5,23.8,20.6,"0.236","0.395","0.339",42.9
"Crochet, Garrett",676979,"BOS","FF","4-Seam Fastball",-0.7,-8,"1132",35.9,"259","0.258","0.485","0.36",30.5,38.2,26.1,"0.203","0.417","0.304",50.7
"Elder, Bryce",693821,"ATL","SL","Slider",0.1,1,"883",35.1,"257","0.259","0.427","0.326",31.8,21.8,20.1,"0.263","0.421","0.318",40.2
"Sale, Chris",519242,"ATL","SL","Slider",2.4,23,"960",47.3,"257","0.143","0.218","0.191",39.8,44,28.3,"0.147","0.226","0.195",25.2
"Sears, JP",676664,"SD","FF","4-Seam Fastball",-1.2,-12,"949",40.1,"256","0.289","0.534","0.386",20.3,22.3,16.3,"0.257","0.493","0.35",46
"Houser, Adrian",605288,"TB","SI","Sinker",0.7,6,"868",45.9,"255","0.293","0.427","0.348",10.6,12.2,17.4,"0.275","0.414","0.332",52.7
"Fried, Max",608331,"NYY","FC","Cutter",1.5,13,"890",28.6,"251","0.233","0.35","0.308",18.8,13.5,15.7,"0.265","0.383","0.322",32.5
"Rodón, Carlos",607074,"NYY","SL","Slider",1.3,12,"912",28.4,"250","0.133","0.231","0.219",40.3,39.2,23.9,"0.159","0.256","0.228",35.7
"Irvin, Jake",663623,"WSH","FF","4-Seam Fastball",-1.7,-16,"941",32,"248","0.261","0.514","0.377",17.5,16.5,13.3,"0.295","0.597","0.411",56.2
"Williams, Gavin",668909,"CLE","FF","4-Seam Fastball",-0.8,-8,"1094",37.4,"247","0.268","0.498","0.383",23.3,18.6,14.5,"0.272","0.521","0.384",50.9
"Berríos, José",621244,"TOR","SI","Sinker",0.3,2,"867",33.6,"246","0.252","0.432","0.33",9.4,14.6,21.2,"0.285","0.522","0.377",52.4
"Freeland, Kyle",607536,"COL","FF","4-Seam Fastball",-1.3,-10,"828",33.4,"245","0.339","0.589","0.418",11.6,10.6,12.9,"0.319","0.573","0.397",49.5
"Corbin, Patrick",571578,"TEX","SI","Sinker",0.1,1,"748",28.9,"245","0.266","0.407","0.332",12.7,19.2,18.7,"0.289","0.484","0.374",50.9
"Greene, Hunter",668881,"CIN","FF","4-Seam Fastball",2.2,20,"947",54.2,"245","0.199","0.332","0.263",23,30.2,21.1,"0.205","0.378","0.28",50.3
"Quintana, Jose",500779,"MIL","SI","Sinker",-0.3,-3,"953",43.8,"245","0.264","0.458","0.37",12.2,17.1,17.1,"0.275","0.481","0.37",51.5
"Baz, Shane",669358,"TB","CU","Curveball",0,0,"731",26.9,"244","0.214","0.321","0.276",29.5,35.2,26.8,"0.192","0.306","0.248",43.6
"Keller, Mitch",656605,"PIT","FF","4-Seam Fastball",0.2,2,"999",34.8,"243","0.252","0.393","0.328",17.1,18.5,17.3,"0.286","0.449","0.36",42
"Luzardo, Jesús",666200,"PHI","FF","4-Seam Fastball",0,0,"1002",33.3,"242","0.269","0.421","0.345",19.8,21.9,17.2,"0.263","0.451","0.346",45.4
"Horton, Cade",690990,"CHC","FF","4-Seam Fastball",1.2,10,"899",50.3,"241","0.258","0.355","0.308",14.7,15.8,19.5,"0.282","0.481","0.356",50.8
"Lord, Brad",695418,"WSH","FF","4-Seam Fastball",-0.3,-3,"1032",48.5,"239","0.273","0.463","0.37",24.2,25.5,17.9,"0.266","0.432","0.35",43.5
"Anderson, Tyler",542881,"LAA","FF","4-Seam Fastball",-0.6,-6,"892",38.1,"239","0.259","0.491","0.373",15.5,12.6,11.7,"0.266","0.554","0.383",43.7
"Webb, Logan",657277,"SF","CH","Changeup",1.3,10,"792",24.1,"238","0.207","0.308","0.253",31.8,34,24.5,"0.225","0.326","0.258",44.5
"Kelly, Merrill",518876,"TEX","CH","Changeup",0.7,6,"767",27.1,"238","0.205","0.327","0.276",34.2,28.6,24,"0.221","0.338","0.273",35.3
"Brown, Ben",676962,"CHC","FF","4-Seam Fastball",-1.2,-11,"978",55.6,"237","0.315","0.526","0.406",14.8,14.3,16.6,"0.293","0.565","0.394",51.1
"Heaney, Andrew",571760,"LAD","FF","4-Seam Fastball",-1.2,-11,"909",43.7,"234","0.275","0.545","0.394",17.4,16.2,13.1,"0.288","0.541","0.397",53
"Springs, Jeffrey",605488,"ATH","CH","Changeup",-0.3,-2,"720",25.3,"232","0.218","0.38","0.298",41.3,25.4,18.9,"0.22","0.35","0.266",23.6
"Kikuchi, Yusei",579328,"LAA","FF","4-Seam Fastball",-1.2,-13,"1081",34.9,"231","0.31","0.498","0.38",21.2,24.2,16,"0.275","0.47","0.342",50.3
"Crochet, Garrett",676979,"BOS","FC","Cutter",1.1,10,"874",27.7,"231","0.249","0.387","0.304",24.3,17.3,21.5,"0.248","0.384","0.296",36.3
"Márquez, Germán",608566,"COL","FF","4-Seam Fastball",-3.3,-24,"737",35.3,"231","0.358","0.642","0.464",9,9.5,11.2,"0.315","0.607","0.427",53.4
"Singer, Brady",663903,"CIN","SL","Slider",1,8,"809",28.4,"231","0.195","0.321","0.254",27.7,22.9,17.5,"0.23","0.365","0.278",35.2
"Ober, Bailey",641927,"MIN","FF","4-Seam Fastball",0.1,1,"846",35.9,"231","0.273","0.483","0.346",18.3,14.7,14.8,"0.269","0.54","0.363",46.2
"Skubal, Tarik",669373,"DET","FF","4-Seam Fastball",1.5,12,"835",29.3,"229","0.189","0.316","0.259",28.7,32.8,21.4,"0.201","0.396","0.294",34.8
"Woo, Bryan",693433,"SEA","SI","Sinker",1.2,8,"693",25.5,"229","0.258","0.369","0.304",10.8,14.8,22.7,"0.271","0.408","0.31",48.6
"Bradley, Taj",671737,"MIN","FF","4-Seam Fastball",-0.5,-5,"877",38.6,"227","0.292","0.535","0.411",19.3,13.2,13.7,"0.275","0.474","0.385",47.8
"Rogers, Tyler",643511,"NYM","SI","Sinker",2.5,18,"729",74.5,"225","0.247","0.302","0.254",12.4,10.2,13.7,"0.266","0.328","0.276",36.1
"Woods Richardson, Simeon",680573,"MIN","FF","4-Seam Fastball",0.2,2,"856",45.6,"225","0.25","0.394","0.345",21.8,22.2,21.5,"0.22","0.433","0.338",46.8
"Ginn, J.T.",669372,"ATH","SI","Sinker",0.4,3,"811",51.5,"225","0.254","0.426","0.346",21.7,24,23.9,"0.231","0.372","0.312",48.3
"Kahnle, Tommy",592454,"DET","CH","Changeup",0.4,4,"886",85.6,"225","0.217","0.374","0.301",26.4,18.2,18.5,"0.248","0.42","0.325",37
"Littell, Zack",641793,"CIN","FS","Split-Finger",-0.6,-5,"762",27.3,"225","0.248","0.392","0.29",24.5,19.6,15,"0.238","0.374","0.268",35.4
"Hill, Tim",657612,"NYY","SI","Sinker",0.7,5,"739",82.2,"223","0.252","0.367","0.308",14.8,10.8,14.9,"0.253","0.376","0.295",47.3
"May, Dustin",669160,"BOS","SI","Sinker",-1,-7,"727",33.5,"222","0.294","0.567","0.422",10.5,9.9,21.6,"0.329","0.609","0.439",55
"Brown, Hunter",686613,"HOU","FF","4-Seam Fastball",1.5,16,"1110",37.5,"221","0.178","0.264","0.247",29.8,37.1,22.7,"0.183","0.3","0.256",42.2
"Peterson, David",656849,"NYM","SI","Sinker",0.7,6,"798",29.6,"221","0.306","0.382","0.36",10.6,6.8,14.2,"0.292","0.391","0.354",48
"Brown, Ben",676962,"CHC","CU","Curveball",-0.5,-3,"701",39.9,"220","0.252","0.413","0.305",43.1,37.7,27.4,"0.217","0.338","0.263",41.6
"Pérez, Eury",691587,"MIA","FF","4-Seam Fastball",1.1,10,"859",51.3,"218","0.202","0.389","0.302",21.5,22.5,16.3,"0.224","0.425","0.319",52.4
"Alcantara, Sandy",645261,"MIA","SI","Sinker",1.8,13,"747",25.8,"218","0.268","0.389","0.333",12.5,6.9,11.9,"0.297","0.467","0.366",49.2
"Pfaadt, Brandon",694297,"AZ","SI","Sinker",0.6,4,"685",23.5,"217","0.291","0.437","0.339",10.7,17.5,22,"0.308","0.449","0.343",57.4
"Imanaga, Shota",684007,"CHC","FS","Split-Finger",0.9,6,"684",31.4,"217","0.225","0.366","0.27",32.3,25.3,20.1,"0.217","0.385","0.264",36.7
"Wacha, Michael",608379,"KC","CH","Changeup",2.6,18,"677",25.4,"216","0.172","0.232","0.218",26.6,20.4,15.8,"0.21","0.328","0.266",25.8
"Gray, Sonny",543243,"STL","ST","Sweeper",1.3,7,"523",19.2,"216","0.151","0.241","0.183",42.4,51.4,28.2,"0.153","0.259","0.183",37.3
"Kershaw, Clayton",477132,"LAD","SL","Slider",1,7,"732",41.4,"216","0.26","0.391","0.326",27.2,18.1,18,"0.255","0.4","0.319",47.1
"Luzardo, Jesús",666200,"PHI","ST","Sweeper",1.4,14,"968",32.1,"214","0.18","0.265","0.231",44.1,45.3,29,"0.162","0.233","0.205",27.2
"Rasmussen, Drew",656876,"TB","FF","4-Seam Fastball",1.4,11,"816",35.2,"214","0.235","0.357","0.297",23.2,24.8,19.4,"0.229","0.361","0.29",44.1
"Cecconi, Slade",677944,"CLE","FF","4-Seam Fastball",0,0,"900",43.6,"214","0.289","0.497","0.362",18.4,17.3,15.9,"0.307","0.56","0.389",59.3
"Anderson, Tyler",542881,"LAA","CH","Changeup",0,0,"795",34,"213","0.22","0.387","0.302",38.5,26.3,20.1,"0.222","0.389","0.301",26.3
"Irvin, Jake",663623,"WSH","CU","Curveball",-1.2,-10,"872",29.6,"212","0.269","0.543","0.391",25.1,22.6,17.6,"0.251","0.487","0.339",41.6
"Littell, Zack",641793,"CIN","SL","Slider",-0.6,-4,"768",27.5,"212","0.29","0.549","0.383",19,11.3,17.6,"0.303","0.584","0.399",46.8
"Wheeler, Zack",554430,"PHI","FF","4-Seam Fastball",1.2,12,"979",40.9,"211","0.201","0.397","0.292",30.5,33.6,25.4,"0.19","0.354","0.271",40.8
"Pepiot, Ryan",686752,"TB","CH","Changeup",0.6,4,"676",25.1,"209","0.2","0.345","0.256",30,30.6,20.5,"0.215","0.358","0.264",39.1
"Fedde, Erick",607200,"MIL","SI","Sinker",-0.5,-4,"788",33.3,"209","0.313","0.458","0.394",9.5,11,13.7,"0.315","0.483","0.39",48.7
"Dollander, Chase",801403,"COL","FF","4-Seam Fastball",-1.3,-11,"867",48.8,"209","0.286","0.548","0.426",19.9,17.7,14.9,"0.253","0.508","0.39",46.3
"May, Dustin",669160,"BOS","ST","Sweeper",0.3,3,"853",39.3,"208","0.239","0.335","0.274",27,32.7,23.2,"0.214","0.327","0.257",34.4
"Yamamoto, Yoshinobu",808967,"LAD","FS","Split-Finger",1.4,10,"710",25.5,"207","0.132","0.239","0.188",42.1,43,25.6,"0.14","0.219","0.18",41.7
"Patrick, Chad",694477,"MIL","FC","Cutter",0.4,3,"829",41.2,"207","0.259","0.443","0.332",27.1,25.6,21.1,"0.245","0.436","0.323",39.7
"Ferrer, José A.",678606,"WSH","SI","Sinker",1,8,"747",61.8,"206","0.288","0.391","0.333",16.1,12.6,17.8,"0.275","0.384","0.319",44.5
"Boyd, Matthew",571510,"CHC","CH","Changeup",1.4,9,"650",23.7,"206","0.205","0.337","0.281",32.3,22.3,19.9,"0.201","0.356","0.27",31
"Mize, Casey",663554,"DET","FF","4-Seam Fastball",-0.3,-2,"790",33.6,"203","0.254","0.425","0.324",20.6,21.2,18.7,"0.241","0.456","0.328",52.5
"Lauer, Eric",641778,"TOR","FF","4-Seam Fastball",1.1,9,"783",46.6,"202","0.194","0.366","0.263",20.6,24.8,18.2,"0.216","0.406","0.287",41.8
"Allen, Logan",671106,"CLE","FF","4-Seam Fastball",-0.4,-4,"900",33.2,"202","0.276","0.466","0.372",21.9,18.3,15.4,"0.253","0.43","0.346",43.2
"Castillo, Luis",622491,"SEA","SI","Sinker",0,0,"656",22,"201","0.306","0.432","0.353",11,9,13.6,"0.309","0.454","0.364",50.6
"Smith, Cade",671922,"CLE","FF","4-Seam Fastball",1.9,16,"826",69.9,"201","0.17","0.302","0.247",32.2,37.3,32.2,"0.18","0.293","0.246",37.6
"Santillan, Tony",663574,"CIN","FF","4-Seam Fastball",1.1,9,"799",65,"200","0.182","0.318","0.285",21.9,22.5,17.2,"0.259","0.441","0.345",49.6
"Pallante, Andre",669467,"STL","SL","Slider",0.5,4,"774",28.5,"200","0.201","0.333","0.288",33.9,21.5,16.5,"0.227","0.343","0.296",38.3
"Webb, Logan",657277,"SF","ST","Sweeper",-0.2,-2,"873",26.6,"198","0.286","0.401","0.337",29,25.8,20.9,"0.257","0.437","0.318",32.1
"Holmes, Grant",656550,"ATL","SL","Slider",1.3,9,"702",35.7,"198","0.183","0.267","0.232",42.8,34.8,26.7,"0.191","0.33","0.258",43.9
"Yamamoto, Yoshinobu",808967,"LAD","FF","4-Seam Fastball",2,19,"982",35.2,"198","0.187","0.257","0.263",19.2,27.8,22.7,"0.208","0.332","0.29",50
"Wentz, Joey",666214,"ATL","FF","4-Seam Fastball",-0.6,-4,"800",44.1,"196","0.282","0.436","0.373",17.9,16.3,14.1,"0.279","0.483","0.387",49.3
"Ober, Bailey",641927,"MIN","CH","Changeup",0.5,4,"681",28.9,"195","0.216","0.351","0.263",29.5,26.2,17.3,"0.203","0.329","0.248",24.4
"Roupp, Landen",694738,"SF","SI","Sinker",-0.8,-6,"739",39.9,"194","0.355","0.479","0.416",10.5,13.4,20.2,"0.304","0.459","0.369",45.5
"Sale, Chris",519242,"ATL","FF","4-Seam Fastball",-0.5,-4,"846",41.7,"194","0.32","0.503","0.393",21.1,23.2,20.3,"0.275","0.433","0.348",45.2
"Gallen, Zac",668678,"AZ","CU","Curveball",-0.6,-4,"736",23.5,"193","0.219","0.438","0.325",38.9,40.4,27.1,"0.187","0.333","0.26",44.6
"Strider, Spencer",675911,"ATL","SL","Slider",-0.4,-3,"744",35.3,"192","0.225","0.428","0.314",48.3,38.5,28,"0.203","0.363","0.281",48
"Suarez, Ranger",624133,"PHI","SI","Sinker",0.3,2,"696",28.6,"192","0.31","0.402","0.345",7.4,18.2,20.8,"0.265","0.38","0.316",44.3
"Irvin, Jake",663623,"WSH","SI","Sinker",0.8,5,"652",22.1,"192","0.291","0.377","0.349",10.5,10.4,16.9,"0.276","0.445","0.343",41.3
"Corbin, Patrick",571578,"TEX","SL","Slider",-0.9,-8,"868",33.5,"191","0.264","0.445","0.317",39.3,25.7,16.6,"0.248","0.407","0.295",37
"Gilbert, Logan",669302,"SEA","FF","4-Seam Fastball",0.9,7,"791",36.7,"191","0.24","0.398","0.317",20.4,15.7,18.9,"0.251","0.433","0.328",51
"Kinley, Tyler",641755,"ATL","SL","Slider",1.7,13,"783",63.9,"190","0.191","0.277","0.249",33.3,21.6,19.4,"0.224","0.361","0.286",25.4
"Priester, Quinn",682990,"MIL","SL","Slider",0.2,1,"664",26.9,"189","0.216","0.42","0.304",35,22.8,17.5,"0.197","0.341","0.261",35.1
"Severino, Luis",622663,"ATH","SI","Sinker",0.4,2,"551",20.2,"189","0.251","0.389","0.336",10.2,12.7,17.6,"0.258","0.376","0.321",39.6
"Vargas, Carlos",672841,"SEA","SI","Sinker",0.8,6,"678",61.9,"188","0.284","0.355","0.346",14.8,10.1,20.2,"0.266","0.369","0.315",38.4
"Bibee, Tanner",676440,"CLE","FF","4-Seam Fastball",-0.2,-2,"827",27.9,"188","0.301","0.497","0.372",13.2,12.2,11.3,"0.296","0.522","0.374",46.4
"Morejon, Adrian",670970,"SD","SI","Sinker",2.6,16,"617",61.8,"188","0.218","0.241","0.247",15.4,18.6,23.2,"0.233","0.295","0.267",31.7
"Liberatore, Matthew",669461,"STL","FF","4-Seam Fastball",-0.3,-2,"684",28.7,"188","0.287","0.494","0.364",12.5,12.8,13.3,"0.294","0.535","0.37",43.8
"Gusto, Ryan",687473,"MIA","FF","4-Seam Fastball",0.3,2,"769",43.7,"187","0.217","0.385","0.322",27.6,28.3,19.7,"0.207","0.379","0.305",48.2
"Williams, Trevor",592866,"WSH","FF","4-Seam Fastball",-1.3,-8,"613",42.3,"185","0.347","0.559","0.412",15.1,17.3,16.4,"0.285","0.448","0.342",46.1
"Freeland, Kyle",607536,"COL","CU","Curveball",0.8,5,"648",26.1,"184","0.183","0.237","0.232",37.1,31,20.3,"0.197","0.281","0.243",44.2
"Hicks, Jordan",663855,"BOS","SI","Sinker",-0.5,-3,"652",54.4,"183","0.303","0.426","0.382",9.6,12.6,19.2,"0.276","0.38","0.339",48.1
"Ray, Robbie",592662,"SF","SL","Slider",0.6,4,"693",22.6,"182","0.206","0.382","0.281",29.1,24.2,19.1,"0.211","0.362","0.27",51.2
"Brown, Hunter",686613,"HOU","SI","Sinker",0.9,6,"672",22.7,"181","0.268","0.369","0.334",17.7,12.7,19.3,"0.252","0.336","0.31",19.9
"Fedde, Erick",607200,"MIL","FC","Cutter",-1.3,-9,"664",28,"181","0.315","0.57","0.402",20.8,14.4,14.9,"0.267","0.5","0.349",42.3
"Gore, MacKenzie",669022,"WSH","CU","Curveball",0.1,1,"675",24,"181","0.217","0.312","0.287",35.7,38.1,22.5,"0.205","0.354","0.294",45.6
"Verlander, Justin",434378,"SF","SL","Slider",-0.6,-4,"607",23.3,"181","0.266","0.432","0.331",31.7,28.2,19,"0.216","0.358","0.271",36.1
"Paddack, Chris",663978,"DET","CH","Changeup",-1.2,-8,"604",23.5,"180","0.263","0.491","0.346",25.2,16.7,13.6,"0.26","0.471","0.339",46.8
"Eovaldi, Nathan",543135,"TEX","FS","Split-Finger",1.8,11,"603",31.4,"180","0.196","0.298","0.241",36,31.1,26.4,"0.22","0.331","0.263",40.7
"Johnson, Pierce",572955,"ATL","CU","Curveball",0.3,2,"698",72.1,"179","0.238","0.417","0.293",27.4,24,19.3,"0.231","0.417","0.293",46.1
"Mize, Casey",663554,"DET","FS","Split-Finger",-1.9,-11,"569",24.2,"178","0.297","0.494","0.371",33.2,28.7,22,"0.249","0.418","0.297",41.3
"Bubic, Kris",663460,"KC","FF","4-Seam Fastball",0.7,5,"684",38.1,"178","0.241","0.37","0.312",27.2,25.3,24.1,"0.223","0.356","0.288",35.9
"Crochet, Garrett",676979,"BOS","ST","Sweeper",3,15,"504",16,"177","0.126","0.207","0.152",40.5,50.3,29.6,"0.132","0.199","0.152",25.9
"Vasil, Mike",678024,"CWS","SI","Sinker",1.1,7,"657",39.9,"177","0.238","0.344","0.326",14.6,12.4,19.6,"0.245","0.381","0.332",34.9
"Estrada, Jeremiah",669093,"SD","FF","4-Seam Fastball",0.3,2,"702",56.8,"177","0.248","0.438","0.337",29.1,31.1,23.9,"0.206","0.38","0.297",44.7
"Wacha, Michael",608379,"KC","FF","4-Seam Fastball",0.5,3,"719",27,"177","0.267","0.379","0.324",17.1,22.6,19.1,"0.252","0.413","0.321",41.3
"Sugano, Tomoyuki",608372,"BAL","FS","Split-Finger",0.3,2,"602",23.5,"177","0.218","0.324","0.258",28.4,28.2,21.7,"0.248","0.398","0.292",27.5
"Flaherty, Jack",656427,"DET","CU","Curveball",-0.3,-2,"718",25.4,"177","0.205","0.38","0.281",42.3,40.7,24.2,"0.177","0.301","0.234",35.1
"Jansen, Kenley",445276,"LAA","FC","Cutter",1.8,13,"707",81.4,"176","0.164","0.302","0.255",25.2,21,22.3,"0.217","0.453","0.316",46.8
"Povich, Cade",700249,"BAL","FF","4-Seam Fastball",0.1,1,"733",37.2,"175","0.268","0.444","0.352",18.6,22.9,21.9,"0.283","0.578","0.403",52.2
"Mejia, Juan",675848,"COL","FF","4-Seam Fastball",0.6,5,"721",67.1,"175","0.219","0.322","0.315",28.6,22.9,20.1,"0.187","0.266","0.277",32.4
"Severino, Luis",622663,"ATH","ST","Sweeper",0,0,"677",24.8,"175","0.187","0.323","0.273",22.7,28,18.1,"0.207","0.359","0.292",36.1
"Hanifee, Brenan",669724,"DET","SI","Sinker",-0.2,-1,"592",62.6,"174","0.278","0.42","0.357",10.9,10.9,16.8,"0.277","0.437","0.329",45.1
"Alcantara, Sandy",645261,"MIA","CH","Changeup",0.1,1,"672",23.2,"174","0.228","0.323","0.282",27.9,19,14.9,"0.23","0.322","0.28",30.2
"Severino, Luis",622663,"ATH","FF","4-Seam Fastball",-0.3,-2,"766",28,"174","0.281","0.438","0.334",21.9,22.4,15.4,"0.288","0.479","0.354",54.8
"King, Bryan",687911,"HOU","FF","4-Seam Fastball",0.4,3,"656",62.7,"174","0.23","0.4","0.303",24.1,25.3,22,"0.227","0.383","0.282",34.4
"Francis, Bowden",670102,"TOR","FF","4-Seam Fastball",-0.6,-4,"639",56,"174","0.282","0.5","0.364",15.1,14.4,14,"0.279","0.468","0.353",54.5
"Cantillo, Joey",676282,"CLE","FF","4-Seam Fastball",-0.5,-3,"687",42,"173","0.238","0.463","0.367",14.9,20.2,21.9,"0.275","0.519","0.39",57.1
"Matz, Steven",571927,"BOS","SI","Sinker",1.2,8,"677",58.4,"173","0.264","0.393","0.312",16.4,19.1,18,"0.248","0.4","0.298",44.3
"Rasmussen, Drew",656876,"TB","FC","Cutter",2,15,"728",31.4,"173","0.169","0.294","0.228",26.9,19.1,14.9,"0.218","0.344","0.268",41.9
"Martin, Davis",663436,"CWS","CH","Changeup",0,0,"563",24.4,"173","0.229","0.319","0.288",17.9,15.6,14.3,"0.306","0.423","0.331",53.2
"Senga, Kodai",673540,"NYM","FS","Split-Finger",1.5,8,"542",28.5,"173","0.13","0.188","0.211",41.8,41,24.9,"0.141","0.205","0.21",21.7
"Gordon, Tanner",685299,"COL","FF","4-Seam Fastball",-0.9,-6,"657",52.8,"171","0.297","0.516","0.386",14.1,22.2,20.4,"0.29","0.551","0.382",52.5
"Suarez, Robert",663158,"SD","FF","4-Seam Fastball",2.2,15,"682",63.4,"171","0.155","0.239","0.218",24,30.4,23,"0.211","0.382","0.288",45.7
"Flaherty, Jack",656427,"DET","SL","Slider",0.1,1,"669",23.6,"170","0.23","0.349","0.306",29.5,24.7,19.7,"0.232","0.372","0.302",45
"Márquez, Germán",608566,"COL","CU","Curveball",-0.8,-5,"666",31.9,"170","0.205","0.416","0.316",36.4,33.5,20.4,"0.213","0.38","0.275",43.3
"Lodolo, Nick",666157,"CIN","CU","Curveball",0.2,1,"711",28.7,"170","0.195","0.325","0.262",40.3,38.2,22.3,"0.138","0.257","0.212",33
"Gilbert, Logan",669302,"SEA","SL","Slider",-0.2,-1,"760",35.3,"170","0.255","0.51","0.354",34.5,22.9,19.9,"0.251","0.484","0.337",37
"Junk, Janson",676083,"MIA","FF","4-Seam Fastball",0.1,1,"611",37.7,"170","0.28","0.452","0.334",14.6,17.6,14.7,"0.271","0.456","0.328",53.4
"Gray, Sonny",543243,"STL","SI","Sinker",0.1,1,"490",18,"169","0.277","0.477","0.357",14.6,26.6,28.1,"0.241","0.4","0.306",43.2
"Taillon, Jameson",592791,"CHC","FF","4-Seam Fastball",0.4,3,"753",38,"169","0.213","0.458","0.314",17.9,16.6,12.9,"0.266","0.517","0.361",51.2
"Weaver, Luke",596133,"NYY","FF","4-Seam Fastball",0.5,3,"621",59.2,"169","0.219","0.424","0.312",24.5,26,23.9,"0.201","0.375","0.285",45.5
"Latz, Jacob",656641,"TEX","FF","4-Seam Fastball",1.6,11,"685",49.4,"169","0.193","0.327","0.272",23.8,21.9,16.1,"0.248","0.434","0.331",52.6
"Peterson, David",656849,"NYM","SL","Slider",0.1,0,"516",19.1,"169","0.228","0.37","0.284",38,40.2,28.7,"0.226","0.387","0.279",51.1
"Hancock, Emerson",676106,"SEA","SI","Sinker",-0.2,-1,"541",38,"168","0.297","0.441","0.373",10,7.7,14.1,"0.316","0.459","0.382",48.9
"Roupp, Landen",694738,"SF","CU","Curveball",0.1,1,"660",35.7,"168","0.197","0.354","0.291",35.8,29.2,23.7,"0.186","0.32","0.272",19.8
"Liberatore, Matthew",669461,"STL","SL","Slider",0.6,3,"506",21.2,"167","0.244","0.34","0.282",31.9,31.1,22.5,"0.245","0.387","0.296",35.8
"Corbin, Patrick",571578,"TEX","FC","Cutter",0.9,6,"648",25,"167","0.257","0.439","0.34",23.3,15.6,18.8,"0.263","0.42","0.34",36.6
"Pagán, Emilio",641941,"CIN","FF","4-Seam Fastball",1.3,9,"654",61.2,"167","0.171","0.336","0.272",24.6,25.7,21.1,"0.169","0.366","0.28",43.8
"Spence, Mitch",687765,"ATH","FC","Cutter",-0.8,-5,"610",45.1,"167","0.315","0.53","0.414",19.3,12,15.2,"0.304","0.54","0.39",48.9
"Warren, Will",701542,"NYY","SI","Sinker",0.9,5,"588",21,"166","0.263","0.368","0.323",13.6,19.3,29.6,"0.263","0.391","0.314",52.9
"Cabrera, Edward",665795,"MIA","CH","Changeup",0.8,5,"580",25.8,"166","0.203","0.266","0.249",27.3,28.9,23,"0.237","0.312","0.265",44.5
"Okert, Steven",595345,"HOU","SL","Slider",2.4,14,"608",57.8,"165","0.147","0.263","0.188",40.7,38.8,30.9,"0.159","0.286","0.206",29.2
"Berríos, José",621244,"TOR","SV","Slurve",-0.8,-5,"670",25.9,"165","0.232","0.411","0.323",33.3,27.3,20.3,"0.239","0.412","0.313",34.9
"Harris, Hogan",663687,"ATH","FF","4-Seam Fastball",-0.2,-1,"639",56.8,"165","0.277","0.394","0.355",22.4,23,18.4,"0.27","0.393","0.348",39.2
"Keller, Mitch",656605,"PIT","ST","Sweeper",0.6,3,"547",19.1,"165","0.219","0.369","0.27",27,29.7,20.2,"0.214","0.416","0.278",45.9
"Schlittler, Cam",693645,"NYY","FF","4-Seam Fastball",1.4,9,"700",55.9,"165","0.173","0.273","0.273",27.9,31.5,23.1,"0.208","0.358","0.313",47.1
"Soroka, Michael",647336,"CHC","FF","4-Seam Fastball",-0.5,-4,"694",45.4,"165","0.281","0.527","0.389",20.1,20,17.9,"0.255","0.468","0.351",47.8
"Allen, Logan",671106,"CLE","ST","Sweeper",-1,-7,"636",23.5,"164","0.215","0.375","0.312",27,28.7,19.7,"0.185","0.353","0.279",31.3
"Ashcraft, Graham",668933,"CIN","FC","Cutter",-1.3,-8,"562",54.1,"164","0.328","0.438","0.401",18.2,10.4,15.3,"0.309","0.442","0.379",34.7
"Kremer, Dean",665152,"BAL","FF","4-Seam Fastball",-0.4,-3,"715",26.6,"163","0.278","0.486","0.363",15.9,13.5,11.2,"0.268","0.493","0.36",50.8
"Mlodzinski, Carmen",669387,"PIT","FF","4-Seam Fastball",0.2,1,"596",36.2,"162","0.241","0.401","0.336",17.9,17.9,16,"0.234","0.391","0.328",43.6
"Abreu, Bryan",650556,"HOU","SL","Slider",1.8,10,"576",48.4,"162","0.193","0.29","0.276",46.1,37.7,34.1,"0.211","0.338","0.279",42.4
"Walker, Ryan",676254,"SF","SI","Sinker",1,6,"630",61.9,"162","0.277","0.345","0.311",17.1,22.8,21.6,"0.269","0.359","0.307",41.1
"Pivetta, Nick",601713,"SD","CU","Curveball",0.8,5,"638",22.4,"161","0.216","0.353","0.275",16.2,21.1,16.4,"0.279","0.488","0.342",43.3
"Lodolo, Nick",666157,"CIN","SI","Sinker",-0.2,-1,"540",21.8,"161","0.336","0.486","0.399",13.4,9.9,14,"0.312","0.49","0.387",46.4
"Martin, Davis",663436,"CWS","FF","4-Seam Fastball",0.2,2,"755",32.7,"160","0.225","0.391","0.319",21.5,21.3,15,"0.233","0.442","0.333",41.5
"Kremer, Dean",665152,"BAL","FS","Split-Finger",0.6,3,"567",21.1,"160","0.206","0.329","0.245",39.2,31.9,20.6,"0.183","0.29","0.218",24
"Scherzer, Max",453286,"TOR","FF","4-Seam Fastball",0.5,4,"674",48.5,"160","0.248","0.49","0.343",18.9,19.4,20.4,"0.245","0.545","0.359",42.6
"Mikolas, Miles",571945,"STL","FF","4-Seam Fastball",-1.2,-8,"687",27.7,"159","0.311","0.655","0.425",18.3,13.8,11,"0.28","0.657","0.412",50
"Manaea, Sean",640455,"NYM","FF","4-Seam Fastball",0.4,3,"663",60.5,"159","0.264","0.446","0.334",23.2,27,18.9,"0.244","0.419","0.308",43.4
"Kirby, George",669923,"SEA","SI","Sinker",-0.7,-4,"559",26.8,"159","0.309","0.496","0.383",11.5,17,22,"0.292","0.446","0.357",42.6
"Gordon, Colton",676467,"HOU","FF","4-Seam Fastball",-1.7,-10,"595",41,"158","0.298","0.645","0.418",15.7,20.3,17.4,"0.297","0.582","0.394",47.8
"Rasmussen, Drew",656876,"TB","SI","Sinker",0.8,4,"531",22.9,"158","0.226","0.315","0.288",13.5,19.6,17.8,"0.258","0.382","0.307",40
"Burrows, Mike",681347,"PIT","FF","4-Seam Fastball",-1,-6,"602",39.2,"158","0.326","0.529","0.391",16.8,12.7,15.5,"0.298","0.54","0.388",49.2
"Martinez, Nick",607259,"CIN","FC","Cutter",0.3,2,"541",21,"158","0.263","0.474","0.361",19.4,13.3,19.1,"0.297","0.48","0.379",34.5
"Littell, Zack",641793,"CIN","FF","4-Seam Fastball",0.2,2,"667",23.9,"157","0.212","0.452","0.3",22.4,26.8,21.3,"0.224","0.462","0.313",48.6
"Pomeranz, Drew",519141,"CHC","FF","4-Seam Fastball",1.6,10,"614",76.8,"157","0.207","0.286","0.266",24.1,24.8,22.5,"0.233","0.389","0.309",42.7
"Hurter, Brant",676428,"DET","SI","Sinker",0.6,3,"552",52.5,"157","0.281","0.359","0.361",13.4,13.4,18.8,"0.272","0.399","0.356",42.7
"Doval, Camilo",666808,"NYY","SL","Slider",1,5,"529",48,"156","0.2","0.279","0.264",41.1,37.8,28.2,"0.19","0.271","0.25",35.8
"Williams, Gavin",668909,"CLE","CU","Curveball",0.9,6,"644",22,"156","0.116","0.181","0.201",34.4,37.2,18.9,"0.17","0.256","0.238",33.3
"Allen, Logan",671106,"CLE","CH","Changeup",-1.2,-6,"497",18.3,"156","0.283","0.408","0.313",18.3,13.5,10.7,"0.271","0.436","0.311",37.1
"Pfaadt, Brandon",694297,"AZ","FF","4-Seam Fastball",-0.4,-3,"682",23.4,"155","0.27","0.46","0.345",20.7,19.4,14.4,"0.317","0.667","0.432",55.5
"Mikolas, Miles",571945,"STL","SL","Slider",-0.2,-1,"580",23.4,"155","0.25","0.472","0.329",17.8,11,13.9,"0.287","0.536","0.367",38.5
"Rodón, Carlos",607074,"NYY","CH","Changeup",1.2,6,"519",16.2,"155","0.197","0.286","0.233",35,22.6,18.1,"0.219","0.331","0.258",36.8
"Uribe, Abner",682842,"MIL","SI","Sinker",1.5,9,"603",51.8,"155","0.248","0.307","0.302",20.1,14.8,20.7,"0.273","0.381","0.326",42.2
"Luzardo, Jesús",666200,"PHI","CH","Changeup",1.2,6,"521",17.3,"155","0.224","0.315","0.278",36.2,20.6,19,"0.24","0.345","0.287",27
"Lodolo, Nick",666157,"CIN","FF","4-Seam Fastball",-0.3,-2,"689",27.8,"155","0.209","0.418","0.273",24.9,35.5,21.5,"0.214","0.419","0.27",49.5
"Skubal, Tarik",669373,"DET","SI","Sinker",1.3,9,"681",23.9,"155","0.289","0.456","0.333",18.3,20,27.9,"0.271","0.437","0.316",37.8
"Dreyer, Jack",676263,"LAD","SL","Slider",1.9,10,"529",46.2,"154","0.193","0.269","0.224",30.1,27.9,22.4,"0.186","0.279","0.221",39
"Lodolo, Nick",666157,"CIN","CH","Changeup",1.3,7,"538",21.7,"154","0.201","0.326","0.269",27.5,12.3,15.8,"0.257","0.401","0.304",33.1
"Miller, Bryce",682243,"SEA","FF","4-Seam Fastball",-1.2,-8,"638",41.4,"154","0.237","0.556","0.368",23.3,18.2,15.6,"0.247","0.509","0.357",45.5
"Abbott, Andrew",671096,"CIN","CH","Changeup",0.7,3,"526",19.6,"154","0.215","0.349","0.274",25.2,16.9,16.1,"0.258","0.432","0.307",22.8
"Rogers, Trevor",669432,"BAL","FF","4-Seam Fastball",2.4,16,"665",40.9,"153","0.158","0.252","0.222",24.1,29.4,23.3,"0.197","0.375","0.276",47.9
"Civale, Aaron",650644,"CHC","FC","Cutter",-0.3,-2,"611",35,"153","0.252","0.467","0.358",24.9,21.6,18.9,"0.241","0.443","0.334",40.8
"Kirby, George",669923,"SEA","FF","4-Seam Fastball",1.1,7,"601",28.8,"153","0.188","0.341","0.272",30.7,33.3,23.3,"0.209","0.374","0.292",42.5
"Burke, Sean",680732,"CWS","SL","Slider",-1.3,-7,"520",21.9,"153","0.264","0.543","0.381",26.4,14.4,16.3,"0.285","0.562","0.376",43.3
"Lopez, Jacob",682052,"ATH","SL","Slider",1.1,6,"509",30.6,"153","0.201","0.324","0.272",32.7,30.7,21.8,"0.195","0.299","0.254",28
"Leasure, Jordan",673929,"CWS","FF","4-Seam Fastball",-1.1,-6,"605",53.5,"152","0.227","0.485","0.352",25.6,29.6,22.2,"0.202","0.4","0.308",45.5
"Giolito, Lucas",608337,"BOS","SL","Slider",0.2,1,"606",25.6,"152","0.234","0.333","0.276",32.1,25.7,20.2,"0.251","0.413","0.31",35.6
"Gray, Sonny",543243,"STL","FF","4-Seam Fastball",-0.6,-4,"589",21.7,"151","0.376","0.594","0.446",19.1,4.6,11.7,"0.356","0.578","0.431",40.9
"Stanek, Ryne",592773,"NYM","FF","4-Seam Fastball",0.3,2,"607",57.1,"150","0.268","0.394","0.351",24.4,21.3,16.6,"0.261","0.458","0.361",44.8
"Leiter, Jack",683004,"TEX","SL","Slider",0.3,2,"602",23.3,"150","0.239","0.399","0.313",26.3,17.3,15.1,"0.224","0.4","0.299",35.7
"Peralta, Freddy",642547,"MIL","CH","Changeup",1.3,9,"655",21.2,"150","0.173","0.271","0.25",35.2,25.3,20.9,"0.192","0.304","0.268",32.3
"Fedde, Erick",607200,"MIL","ST","Sweeper",-0.4,-2,"615",26,"150","0.191","0.344","0.288",26,18.7,13.2,"0.224","0.422","0.322",36.2
"Mikolas, Miles",571945,"STL","SI","Sinker",-0.4,-2,"421",17,"149","0.272","0.426","0.343",10,16.8,17.2,"0.269","0.445","0.335",43.8
"Wilson, Steven",621051,"CWS","ST","Sweeper",0.9,5,"568",58.3,"149","0.215","0.338","0.28",26.6,17.4,16.6,"0.237","0.391","0.307",27.3
"Vásquez, Randy",681190,"SD","FC","Cutter",-1,-5,"535",24.9,"149","0.268","0.447","0.365",17.7,11.4,13.2,"0.261","0.493","0.377",29.6
"Peralta, Wandy",593974,"SD","SI","Sinker",0.7,3,"518",45.5,"148","0.242","0.331","0.335",17,14.9,19,"0.287","0.441","0.363",43.8
"Palencia, Daniel",694037,"CHC","FF","4-Seam Fastball",0.9,5,"602",71.6,"148","0.216","0.366","0.293",23.3,25.7,21.6,"0.233","0.392","0.302",55.7
"Morton, Charlie",450203,"ATL","FF","4-Seam Fastball",-1.9,-14,"702",27.6,"148","0.262","0.533","0.387",21.2,22.3,13.7,"0.223","0.439","0.341",50
"Soriano, José",667755,"LAA","CU","Curveball",0.1,1,"743",26.7,"148","0.187","0.336","0.282",42.9,37.2,26.8,"0.168","0.294","0.241",25
"Koenig, Jared",657649,"MIL","SI","Sinker",1.5,9,"591",56.7,"147","0.206","0.298","0.269",19.3,26.5,21.9,"0.189","0.306","0.257",37.2
"Kremer, Dean",665152,"BAL","FC","Cutter",0.1,1,"543",20.2,"147","0.219","0.394","0.296",24.2,19.7,19,"0.217","0.387","0.287",30.6
"Díaz, Edwin",621242,"NYM","SL","Slider",1.7,9,"505",47.3,"147","0.179","0.269","0.244",44,40.1,32.2,"0.158","0.238","0.216",34.7
"Fried, Max",608331,"NYY","SI","Sinker",0.7,4,"549",17.7,"146","0.256","0.376","0.343",25,17.8,23.9,"0.227","0.331","0.283",49.5
"Rodriguez, Eduardo",593958,"AZ","CH","Changeup",-1.8,-10,"531",20.5,"146","0.304","0.481","0.362",28.6,14.4,16.3,"0.272","0.401","0.315",22.4
"Mahle, Tyler",641816,"TEX","FF","4-Seam Fastball",0.5,3,"684",49.5,"146","0.211","0.344","0.295",23.5,23.3,14.7,"0.244","0.453","0.343",48.9
"Martinez, Nick",607259,"CIN","FF","4-Seam Fastball",-1.3,-7,"540",21,"146","0.313","0.552","0.379",11.2,15.1,12,"0.298","0.516","0.363",47.4
"Estévez, Carlos",608032,"KC","FF","4-Seam Fastball",1.2,7,"558",53.5,"146","0.202","0.364","0.289",19.2,24.7,18.9,"0.221","0.445","0.323",44.7
"Alexander, Jason",669920,"HOU","SI","Sinker",-0.1,-1,"500",39.9,"146","0.336","0.458","0.413",5.3,3.4,9.3,"0.35","0.5","0.4",51.6
"Cameron, Noah",702070,"KC","FF","4-Seam Fastball",-0.3,-2,"571",26.4,"145","0.233","0.473","0.353",12.6,9,9.8,"0.285","0.55","0.39",44.8
"Alcantara, Sandy",645261,"MIA","FF","4-Seam Fastball",-1.2,-6,"495",17.1,"145","0.236","0.465","0.341",17,29.7,15.8,"0.226","0.432","0.326",60.5
"Pfaadt, Brandon",694297,"AZ","ST","Sweeper",-1.6,-9,"542",18.6,"145","0.276","0.522","0.361",33.6,29,18.7,"0.25","0.447","0.32",35.1
"Senga, Kodai",673540,"NYM","FF","4-Seam Fastball",-1,-6,"597",31.4,"145","0.281","0.547","0.396",19.9,20.7,19.9,"0.264","0.491","0.363",55.1
"Chivilli, Angel",683409,"COL","FF","4-Seam Fastball",-3.1,-15,"469",45.9,"145","0.366","0.585","0.459",11,6.2,9.7,"0.337","0.573","0.434",57
"Greene, Hunter",668881,"CIN","SL","Slider",0.7,5,"611",35,"145","0.156","0.37","0.256",46.9,37.2,23.4,"0.175","0.344","0.256",33.3
"Schwellenbach, Spencer",680885,"ATL","FF","4-Seam Fastball",1.8,10,"555",35.3,"144","0.217","0.341","0.261",27.1,23.6,21.4,"0.279","0.464","0.328",56.2
"Sterner, Justin",686993,"ATH","FF","4-Seam Fastball",1,6,"570",52.2,"144","0.171","0.35","0.292",24.7,21.5,16.6,"0.199","0.413","0.312",42.6
"Parker, Mitchell",680730,"WSH","CU","Curveball",-1.4,-9,"594",22,"144","0.296","0.504","0.365",29,19.4,16.2,"0.311","0.509","0.366",48.1
"Lee, Dylan",669276,"ATL","SL","Slider",1.7,10,"612",55.5,"143","0.164","0.358","0.252",41.9,32.2,22.9,"0.178","0.335","0.243",30.3
"Suarez, Ranger",624133,"PHI","CH","Changeup",1.2,6,"464",19.1,"143","0.203","0.268","0.23",33,25.2,18.1,"0.207","0.316","0.242",22.5
"Kelly, Merrill",518876,"TEX","FF","4-Seam Fastball",0.3,2,"658",23.2,"143","0.211","0.496","0.321",24.9,24.5,19.1,"0.232","0.515","0.339",54.1
"Bibee, Tanner",676440,"CLE","SI","Sinker",-0.4,-2,"450",15.2,"143","0.285","0.415","0.348",10.4,19.6,22.4,"0.209","0.309","0.267",36.3
"Berríos, José",621244,"TOR","CH","Changeup",0,0,"434",16.8,"142","0.22","0.409","0.304",34.8,28.9,23.8,"0.209","0.399","0.288",31.9
"Martin, Davis",663436,"CWS","SL","Slider",-1.1,-5,"497",21.5,"142","0.22","0.472","0.344",30.1,21.8,20.8,"0.228","0.477","0.334",33
"Little, Brendon",663893,"TOR","CU","Curveball",1.3,7,"571",46,"141","0.145","0.185","0.211",55.6,53.2,27.2,"0.127","0.196","0.208",48.1
"Giolito, Lucas",608337,"BOS","CH","Changeup",0,0,"534",22.6,"141","0.194","0.411","0.293",26.7,22.7,19.3,"0.214","0.42","0.302",29.6
"Williams, Devin",642207,"NYY","CH","Changeup",1.3,7,"584",52.4,"141","0.194","0.341","0.273",37.3,31.2,21.4,"0.208","0.352","0.279",29.9
"Gilbert, Logan",669302,"SEA","FS","Split-Finger",0.8,3,"423",19.6,"141","0.119","0.2","0.172",50.4,63.8,27.5,"0.099","0.164","0.142",26.7
"Gaddis, Hunter",683769,"CLE","SL","Slider",1.5,9,"563",53.7,"140","0.225","0.302","0.254",36,31.4,22.4,"0.228","0.353","0.286",38.6
"Uceta, Edwin",670955,"TB","CH","Changeup",1,5,"472",38.9,"140","0.216","0.344","0.281",36,31.4,26.2,"0.244","0.412","0.318",38.1
"Gallen, Zac",668678,"AZ","CH","Changeup",0.9,5,"501",16,"140","0.202","0.282","0.269",30.2,16.4,15.1,"0.212","0.328","0.281",30.4
"Glasnow, Tyler",607192,"LAD","FF","4-Seam Fastball",0.8,4,"537",36.3,"140","0.207","0.405","0.336",18.3,16.4,19.5,"0.213","0.362","0.323",38.7
"Blalock, Bradley",687134,"COL","FF","4-Seam Fastball",-4.2,-20,"479",46.4,"140","0.379","0.702","0.481",8.8,6.4,7.3,"0.352","0.711","0.47",52.6
"Brown, Hunter",686613,"HOU","CU","Curveball",1.7,9,"530",17.9,"140","0.15","0.218","0.188",39.2,42.1,28.8,"0.203","0.301","0.237",44
"Walker, Taijuan",592836,"PHI","FC","Cutter",0.1,1,"621",30.1,"140","0.25","0.508","0.367",19.5,15,19.6,"0.214","0.442","0.321",36.5
"Vest, Will",676684,"DET","FF","4-Seam Fastball",0.5,3,"596",52.4,"140","0.248","0.368","0.308",22.7,28.6,20.3,"0.249","0.382","0.314",55.8
"Soto, Gregory",642397,"NYM","SI","Sinker",-0.4,-2,"542",52.6,"139","0.314","0.39","0.389",16.2,12.9,18.6,"0.276","0.405","0.352",41.6
"Sugano, Tomoyuki",608372,"BAL","ST","Sweeper",-0.5,-2,"509",19.8,"139","0.289","0.467","0.335",21.9,11.5,10.1,"0.261","0.416","0.296",36.7
"Williams, Gavin",668909,"CLE","ST","Sweeper",0.9,5,"583",19.9,"139","0.181","0.283","0.242",44,42.4,25.9,"0.179","0.319","0.251",38.6
"King, John",667463,"STL","SI","Sinker",-0.2,-1,"463",59.2,"139","0.318","0.419","0.368",15.7,9.4,14,"0.304","0.432","0.345",49.1
"Junk, Janson",676083,"MIA","SL","Slider",1,4,"447",27.6,"139","0.246","0.369","0.284",22.8,17.3,15.5,"0.298","0.494","0.353",39.8
"Clase, Emmanuel",661403,"CLE","FC","Cutter",1.1,6,"514",68.9,"138","0.266","0.347","0.3",29.9,21.7,22.7,"0.243","0.349","0.291",41.8
"Kershaw, Clayton",477132,"LAD","FF","4-Seam Fastball",-0.1,-1,"612",34.6,"138","0.27","0.385","0.341",7,7.2,11.4,"0.282","0.383","0.334",41.6
"Mattson, Isaac",676755,"PIT","FF","4-Seam Fastball",1.3,8,"610",78.5,"138","0.191","0.287","0.267",23.1,25.4,19.1,"0.205","0.337","0.288",40
"Henry, Cole",669371,"WSH","FF","4-Seam Fastball",0.9,4,"489",50.6,"138","0.191","0.327","0.316",29.3,26.1,22.5,"0.181","0.33","0.311",38.7
"Holmes, Grant",656550,"ATL","FF","4-Seam Fastball",-2.1,-14,"641",32.6,"137","0.327","0.645","0.462",16.7,16.8,15.5,"0.302","0.604","0.439",47.7
"Vesia, Alex",681911,"LAD","FF","4-Seam Fastball",1.4,8,"588",57.5,"137","0.169","0.331","0.262",27.7,36.5,23.3,"0.169","0.342","0.266",38.9
"Muñoz, Andrés",662253,"SEA","SL","Slider",2.8,15,"522",50.4,"137","0.109","0.133","0.156",51,43.8,30.8,"0.154","0.218","0.192",25.7
"Scott, Tanner",656945,"LAD","FF","4-Seam Fastball",-0.8,-4,"479",52.6,"137","0.244","0.52","0.337",22.6,24.1,20.5,"0.25","0.477","0.331",46.9
"Kremer, Dean",665152,"BAL","SI","Sinker",0.9,5,"520",19.3,"136","0.285","0.382","0.343",10.3,17.6,18,"0.268","0.428","0.335",37.4
"Bassitt, Chris",605135,"TOR","FC","Cutter",-0.3,-1,"476",16.8,"136","0.206","0.421","0.286",28.8,35.3,23.2,"0.205","0.392","0.284",31.6
"Ashby, Aaron",676879,"MIL","SI","Sinker",1.5,8,"530",51.3,"136","0.244","0.328","0.306",16.4,15.4,22.8,"0.259","0.354","0.312",46.5
"Keller, Mitch",656605,"PIT","SI","Sinker",0.6,3,"510",17.8,"136","0.262","0.418","0.338",13.5,15.4,19.6,"0.245","0.388","0.31",49
"Birdsong, Hayden",806185,"SF","FF","4-Seam Fastball",-0.1,0,"527",44.1,"135","0.204","0.466","0.362",21.1,17,16.4,"0.198","0.433","0.358",44.6
"Sheehan, Emmet",686218,"LAD","FF","4-Seam Fastball",-0.3,-2,"536",46.8,"135","0.214","0.436","0.332",26.5,23.7,23.4,"0.242","0.477","0.349",52.9
"Santana, Dennis",642701,"PIT","SL","Slider",1.5,7,"466",46.5,"135","0.157","0.283","0.221",36,33.3,23.6,"0.171","0.324","0.236",32.5
"Bergert, Ryan",686701,"KC","FF","4-Seam Fastball",0.6,4,"558",42.5,"135","0.196","0.321","0.303",16.8,20.7,17.6,"0.228","0.448","0.355",51.2
"Springs, Jeffrey",605488,"ATH","SL","Slider",0.8,4,"575",20.2,"135","0.25","0.475","0.351",21.2,11.9,15,"0.279","0.494","0.364",46.7
"Kikuchi, Yusei",579328,"LAA","CU","Curveball",0.5,2,"476",15.4,"135","0.23","0.357","0.292",24.2,20.7,19.6,"0.206","0.335","0.256",30
"De Los Santos, Enyel",660853,"HOU","FF","4-Seam Fastball",-0.2,-1,"540",48.9,"134","0.292","0.483","0.374",25.4,24.6,20.5,"0.288","0.495","0.368",50
"Cannon, Jonathan",686563,"CWS","SI","Sinker",-2.7,-11,"393",21.9,"134","0.339","0.576","0.441",10.7,11.2,16.3,"0.32","0.559","0.407",55.2
"Peterson, David",656849,"NYM","FF","4-Seam Fastball",-1.2,-7,"603",22.3,"134","0.311","0.479","0.376",21.6,21.6,15.1,"0.321","0.543","0.4",46.7
"Sears, JP",676664,"SD","ST","Sweeper",0.7,5,"640",27,"134","0.218","0.427","0.306",26.1,24.6,19.1,"0.2","0.376","0.272",31.5
"Dreyer, Jack",676263,"LAD","FF","4-Seam Fastball",2.3,12,"517",45.1,"134","0.197","0.325","0.268",22.6,20.9,21.2,"0.211","0.38","0.297",40.9
"Kittredge, Andrew",552640,"CHC","SL","Slider",2.8,11,"406",52.9,"134","0.16","0.272","0.205",40.3,43.3,30.2,"0.155","0.259","0.201",42.9
"Uribe, Abner",682842,"MIL","SL","Slider",1.3,7,"536",46,"133","0.134","0.202","0.211",46.6,48.1,28.8,"0.127","0.172","0.19",18.2
"Montero, Rafael",606160,"DET","FS","Split-Finger",0.8,4,"511",47,"133","0.168","0.292","0.274",36.1,26.3,18.9,"0.172","0.256","0.262",28.2
"Montgomery, Mason",682254,"TB","FF","4-Seam Fastball",-1.3,-8,"569",66.2,"133","0.311","0.466","0.42",31.4,25.6,20.2,"0.263","0.424","0.381",46.5
"Bibee, Tanner",676440,"CLE","CH","Changeup",-0.8,-4,"450",15.2,"132","0.22","0.415","0.301",38.7,35.6,22.3,"0.175","0.325","0.25",23
"Martinez, Nick",607259,"CIN","CH","Changeup",-0.3,-2,"510",19.8,"132","0.192","0.384","0.263",29.6,23.5,15.7,"0.191","0.323","0.24",24.2
"Kolek, Stephen",663568,"KC","SI","Sinker",0.8,3,"407",24.1,"132","0.267","0.31","0.328",13.1,9.8,15.3,"0.272","0.363","0.327",51.5
"Bradley, Taj",671737,"MIN","FC","Cutter",0.6,3,"514",22.6,"132","0.231","0.355","0.285",31.9,18.9,21.2,"0.249","0.439","0.32",37.1
"Eisert, Brandon",685126,"CWS","SL","Slider",-1.4,-6,"434",35.7,"131","0.298","0.512","0.37",28.6,22.1,21.3,"0.248","0.447","0.322",38.3
"Misiorowski, Jacob",694819,"MIL","FF","4-Seam Fastball",0.5,3,"642",55.2,"131","0.193","0.312","0.298",32.5,34.4,23,"0.183","0.331","0.299",40.6
"Rodríguez, Yariel",684320,"TOR","SL","Slider",2.3,11,"478",41.3,"131","0.134","0.252","0.211",37.2,34.4,26.2,"0.174","0.308","0.247",27.6
"Fluharty, Mason",689254,"TOR","FC","Cutter",1,5,"500",58.2,"131","0.182","0.282","0.285",27.9,26,22.2,"0.216","0.345","0.307",37.2
"Kirby, George",669923,"SEA","ST","Sweeper",0.5,3,"588",28.2,"130","0.276","0.39","0.287",31.1,25.4,17.9,"0.248","0.403","0.287",44.2
"Woods Richardson, Simeon",680573,"MIN","SL","Slider",0.2,1,"510",27.2,"130","0.21","0.378","0.283",27.4,26.2,17.6,"0.19","0.349","0.262",36
"Vásquez, Randy",681190,"SD","SI","Sinker",2.2,9,"409",19,"130","0.242","0.292","0.271",6.4,6.9,11.1,"0.306","0.507","0.372",47.7
"Suter, Brent",608718,"CIN","FF","4-Seam Fastball",0.4,2,"471",42.2,"130","0.271","0.466","0.369",18.3,17.7,15.1,"0.256","0.461","0.338",38.5
"Bazardo, Eduard",660825,"SEA","SI","Sinker",2.7,13,"497",40.6,"130","0.151","0.202","0.214",18,33.1,29.3,"0.17","0.278","0.234",39.5
"Walker, Taijuan",592836,"PHI","FS","Split-Finger",-1.8,-8,"463",22.5,"130","0.283","0.475","0.355",20.4,13.1,10.9,"0.292","0.441","0.339",45.2
"Littell, Zack",641793,"CIN","SI","Sinker",0.7,3,"441",15.8,"130","0.248","0.453","0.347",12.6,9.2,12.2,"0.271","0.444","0.344",37.1
"Fairbanks, Pete",664126,"TB","FF","4-Seam Fastball",0.7,4,"504",51.1,"129","0.221","0.319","0.326",21.9,17.8,15.9,"0.247","0.36","0.313",48.4
"Abreu, Bryan",650556,"HOU","FF","4-Seam Fastball",0.8,5,"594",50,"129","0.196","0.259","0.265",36.4,33.3,26.7,"0.21","0.34","0.296",49.3
"Bibee, Tanner",676440,"CLE","FC","Cutter",0.7,4,"615",20.7,"129","0.22","0.424","0.323",29.4,16.3,17.2,"0.214","0.383","0.291",37.1
"Warren, Will",701542,"NYY","ST","Sweeper",-1.7,-10,"578",20.6,"129","0.336","0.569","0.421",33,24,19.3,"0.291","0.478","0.361",41.4
"Kerkering, Orion",689147,"PHI","ST","Sweeper",-0.4,-2,"515",48,"128","0.235","0.387","0.305",23.6,21.9,18.3,"0.231","0.386","0.285",26.9
"Uceta, Edwin",670955,"TB","FF","4-Seam Fastball",0.6,3,"493",40.6,"128","0.155","0.355","0.277",38.7,41.4,30.8,"0.15","0.331","0.267",36.2
"Cruz, Fernando",518585,"NYY","FS","Split-Finger",1.3,6,"479",60.5,"128","0.178","0.28","0.243",56.6,49.2,35.2,"0.15","0.26","0.216",38.2
"Martinez, Nick",607259,"CIN","SI","Sinker",1,4,"435",16.9,"128","0.239","0.389","0.315",13.4,14.8,19.4,"0.235","0.331","0.282",28.6
"Márquez, Germán",608566,"COL","SI","Sinker",-1.2,-5,"413",19.8,"128","0.35","0.545","0.404",4.3,0,0,"0.328","0.52","0.375",49.6
"López, Pablo",641154,"MIN","FF","4-Seam Fastball",1.5,8,"518",41.2,"128","0.274","0.35","0.317",22.3,18.8,17.6,"0.305","0.443","0.355",44.1
"Castillo, Luis",622491,"SEA","SL","Slider",0.1,1,"609",20.4,"128","0.23","0.336","0.268",36.5,34.4,20.1,"0.232","0.354","0.271",41.8
"Romano, Jordan",605447,"PHI","SL","Slider",-0.2,-1,"443",63.2,"128","0.263","0.483","0.336",29.5,25.8,23.7,"0.204","0.387","0.28",37.9
"Beeks, Jalen",656222,"AZ","FF","4-Seam Fastball",0.2,1,"480",52.4,"128","0.272","0.465","0.364",21.3,16.4,18.6,"0.277","0.491","0.366",49.5
"Gil, Luis",661563,"NYY","FF","4-Seam Fastball",0.3,2,"491",50.6,"128","0.25","0.393","0.331",18.8,14.1,15.5,"0.282","0.465","0.361",49.5
"Finnegan, Kyle",640448,"DET","FF","4-Seam Fastball",1.1,5,"493",58.3,"128","0.232","0.384","0.318",15.8,18,17.6,"0.243","0.392","0.319",46.7
"Patrick, Chad",694477,"MIL","SI","Sinker",0.8,4,"462",23,"127","0.232","0.357","0.314",12.1,17.3,18.6,"0.243","0.377","0.318",51.1
"Vodnik, Victor",680767,"COL","FF","4-Seam Fastball",-0.1,0,"511",55.6,"127","0.277","0.429","0.367",17.2,15.7,15,"0.271","0.477","0.363",55.4
"Cantillo, Joey",676282,"CLE","CH","Changeup",0.8,4,"500",30.5,"127","0.165","0.27","0.243",49.4,36.2,28.4,"0.169","0.226","0.216",21.4
"Kelly, Merrill",518876,"TEX","SI","Sinker",-3.4,-12,"365",12.9,"127","0.333","0.505","0.413",7.5,15,15.4,"0.291","0.483","0.372",46.2
"Baker, Bryan",641329,"TB","FF","4-Seam Fastball",0.2,1,"520",47.2,"127","0.272","0.482","0.364",27.8,30.7,24.5,"0.256","0.512","0.358",61.8
"Bido, Osvaldo",674370,"ATH","FF","4-Seam Fastball",-2.4,-12,"523",38,"127","0.33","0.631","0.445",21.8,15.7,12.3,"0.287","0.61","0.43",52.3
"Little, Brendon",663893,"TOR","SI","Sinker",-0.2,-1,"572",46.1,"127","0.248","0.366","0.4",31.9,9.4,20,"0.266","0.397","0.37",49.4
"Bibee, Tanner",676440,"CLE","ST","Sweeper",1,5,"475",16,"127","0.168","0.292","0.264",31.4,26.8,17.3,"0.189","0.344","0.275",30
"Nola, Aaron",605400,"PHI","CU","Curveball",-0.6,-3,"457",29.1,"126","0.274","0.462","0.349",39.1,34.1,25.4,"0.237","0.369","0.291",36.5
"Yamamoto, Yoshinobu",808967,"LAD","CU","Curveball",1,5,"491",17.6,"126","0.195","0.257","0.256",36.7,28.6,25.2,"0.217","0.32","0.279",31.2
"Keller, Mitch",656605,"PIT","SL","Slider",-0.8,-3,"401",14,"126","0.278","0.452","0.354",27.1,18.3,17.3,"0.265","0.413","0.326",43.5
"Varland, Louis",686973,"TOR","CU","Curveball",0.7,3,"400",37.5,"126","0.21","0.328","0.261",38.8,35.7,27.6,"0.214","0.291","0.241",35.1
"Megill, Tylor",656731,"NYM","FF","4-Seam Fastball",0.8,4,"522",42.3,"125","0.226","0.377","0.32",29.6,35.2,27.3,"0.221","0.369","0.328",50.8
"Soroka, Michael",647336,"CHC","SV","Slurve",1.3,7,"531",34.8,"125","0.118","0.245","0.212",38.3,44,28.5,"0.131","0.211","0.21",28.6
"Miller, Mason",695243,"SD","FF","4-Seam Fastball",0.2,1,"507",52.2,"125","0.163","0.388","0.331",37.5,38.4,27.7,"0.168","0.362","0.323",49.1
"Pivetta, Nick",601713,"SD","ST","Sweeper",1.4,7,"529",18.6,"125","0.185","0.261","0.229",37.4,32,22.2,"0.177","0.271","0.212",22.5
"Maton, Phil",664208,"TEX","CU","Curveball",2.5,10,"385",38.2,"125","0.136","0.227","0.209",41.6,42.4,29.8,"0.156","0.206","0.216",15.3
"Bellozo, Valente",678368,"MIA","FC","Cutter",-0.2,-1,"463",35,"125","0.324","0.505","0.402",17.8,11.2,16.7,"0.288","0.526","0.376",46.5
"Quantrill, Cal",615698,"ATL","FC","Cutter",0.7,3,"432",21.6,"125","0.278","0.539","0.376",21.2,19.2,23.5,"0.295","0.593","0.4",51.6
"Varland, Louis",686973,"TOR","FF","4-Seam Fastball",0.6,3,"483",45.3,"124","0.26","0.356","0.329",17.2,21,22.6,"0.274","0.435","0.356",50.6
"Detmers, Reid",672282,"LAA","FF","4-Seam Fastball",1.4,7,"492",45.4,"124","0.239","0.33","0.297",30.9,33.9,24.9,"0.215","0.353","0.301",44.1
"Lugo, Seth",607625,"KC","CU","Curveball",0.4,2,"547",23,"124","0.214","0.325","0.259",25.9,29,19.6,"0.235","0.358","0.279",44.4
"Abbott, Andrew",671096,"CIN","ST","Sweeper",0.8,4,"465",17.4,"124","0.203","0.339","0.249",32.6,29,17.7,"0.201","0.315","0.248",30.1
"Crochet, Garrett",676979,"BOS","SI","Sinker",2.9,15,"505",16,"124","0.233","0.293","0.269",19.6,15.3,25,"0.273","0.384","0.31",34
"Cabrera, Edward",665795,"MIA","SI","Sinker",-1,-5,"460",20.4,"124","0.37","0.583","0.443",9.2,2.4,6.1,"0.352","0.605","0.444",46.7
"Ferguson, Tyler",621053,"ATH","FF","4-Seam Fastball",-0.1,0,"380",38.4,"123","0.219","0.406","0.34",22.9,21.1,20.3,"0.208","0.396","0.332",33.8
"Herget, Jimmy",623474,"COL","ST","Sweeper",-0.1,0,"395",30.8,"123","0.216","0.333","0.278",33.6,29.3,20.5,"0.16","0.263","0.221",31.2
"Bivens, Spencer",702352,"SF","SI","Sinker",0.1,0,"486",37.6,"123","0.291","0.4","0.354",7.5,16.3,19.4,"0.25","0.382","0.316",37.8
"Svanson, Matt",694335,"STL","SI","Sinker",2.4,11,"457",47.4,"123","0.157","0.25","0.237",19.2,26,21.5,"0.212","0.355","0.289",33.3
"Matthews, Zebby",805673,"MIN","FF","4-Seam Fastball",-1.4,-8,"557",41.2,"123","0.357","0.616","0.431",22.4,24.4,19.4,"0.303","0.571","0.394",49.4
"Alexander, Jason",669920,"HOU","CH","Changeup",-0.9,-4,"410",32.7,"123","0.193","0.456","0.302",41.7,36.6,24.7,"0.173","0.341","0.249",35.7
"Mears, Nick",683232,"MIL","FF","4-Seam Fastball",-0.1,0,"452",53.5,"123","0.269","0.417","0.323",14.6,13.8,11.6,"0.315","0.537","0.376",49.5
"Cabrera, Edward",665795,"MIA","CU","Curveball",1.3,7,"531",23.6,"122","0.142","0.245","0.23",45.2,44.3,26.6,"0.126","0.204","0.209",40.7
"Zerpa, Angel",672582,"KC","SI","Sinker",0.7,3,"483",43.9,"122","0.301","0.417","0.368",8.6,16.4,14.3,"0.232","0.341","0.31",42.4
"Bednar, David",670280,"NYY","FF","4-Seam Fastball",0.4,2,"451",44,"122","0.229","0.413","0.307",22.2,26.2,20.6,"0.244","0.492","0.345",51.3
"Jax, Griffin",643377,"TB","ST","Sweeper",0.8,4,"481",44,"121","0.23","0.301","0.278",46.3,48.8,32.1,"0.196","0.298","0.245",40.7
"Helsley, Ryan",664854,"NYM","FF","4-Seam Fastball",-3.4,-15,"445",45.5,"121","0.422","0.667","0.506",17.8,14.9,15.5,"0.317","0.524","0.411",52.9
"Meyer, Max",676974,"MIA","SL","Slider",0.5,2,"367",35.3,"121","0.211","0.385","0.286",42.7,42.1,32.5,"0.217","0.382","0.298",55
"Walker, Taijuan",592836,"PHI","SI","Sinker",0.5,2,"416",20.2,"121","0.231","0.343","0.304",10.9,18.2,18.8,"0.247","0.382","0.316",38.4
"Lorenzen, Michael",547179,"KC","FF","4-Seam Fastball",-1.5,-8,"511",22,"121","0.282","0.545","0.375",16.6,22.3,17.4,"0.256","0.544","0.367",53.6
"Lugo, Seth",607625,"KC","FF","4-Seam Fastball",-0.4,-2,"501",21.1,"121","0.238","0.495","0.357",14,14,13.1,"0.265","0.542","0.383",49.4
"Duran, Jhoan",661395,"PHI","FS","Split-Finger",2.9,12,"428",39.9,"121","0.237","0.298","0.256",23.2,12.4,19.5,"0.231","0.33","0.264",43
"Burnes, Corbin",669203,"AZ","FC","Cutter",0.3,2,"555",55,"121","0.257","0.446","0.367",21.7,14,14.8,"0.249","0.399","0.341",42.4
"Casparius, Ben",676508,"LAD","ST","Sweeper",0.1,1,"406",32.2,"121","0.248","0.376","0.287",25.9,26.4,18.2,"0.227","0.359","0.262",29.1
"Priester, Quinn",682990,"MIL","FC","Cutter",-0.3,-2,"508",20.6,"120","0.28","0.43","0.348",22.6,24.2,18.1,"0.24","0.368","0.309",39.7
"Fried, Max",608331,"NYY","CU","Curveball",0.5,3,"537",17.3,"120","0.19","0.293","0.234",42,40.8,24.7,"0.203","0.33","0.237",35.3
"Mahle, Tyler",641816,"TEX","FS","Split-Finger",1.4,5,"383",27.7,"120","0.196","0.295","0.246",24,20.8,18.8,"0.249","0.395","0.304",29.5
"Rogers, Trevor",669432,"BAL","CH","Changeup",1.6,7,"407",25,"120","0.202","0.272","0.235",26.9,16.7,14.8,"0.259","0.391","0.296",50.5
"Bazardo, Eduard",660825,"SEA","ST","Sweeper",1.6,8,"524",42.8,"120","0.177","0.292","0.218",21.4,18.3,13.5,"0.224","0.372","0.285",29
"Whitlock, Garrett",676477,"BOS","SI","Sinker",1.7,10,"556",47.1,"120","0.212","0.279","0.28",31.1,29.2,21.1,"0.2","0.344","0.287",42.9
"Megill, Trevor",656730,"MIL","FF","4-Seam Fastball",0.3,1,"456",60.6,"120","0.264","0.406","0.332",20.6,25.8,21.4,"0.255","0.449","0.337",42.9
"Morton, Charlie",450203,"ATL","SI","Sinker",-1.7,-7,"385",15.1,"120","0.298","0.49","0.419",14.5,15,28.6,"0.274","0.441","0.359",54.7
"Ashcraft, Graham",668933,"CIN","SL","Slider",1.5,7,"477",45.9,"120","0.197","0.274","0.228",41.8,39.2,26.6,"0.165","0.215","0.173",28.2
"Montero, Keider",672456,"DET","FF","4-Seam Fastball",-0.3,-2,"453",30.8,"120","0.295","0.41","0.356",14.2,17.5,16.8,"0.292","0.49","0.379",38.1
"Valdez, Framber",664285,"HOU","CH","Changeup",-0.8,-4,"517",17.9,"119","0.23","0.425","0.319",28.6,21,19.4,"0.211","0.372","0.277",44.3
"Jackson, Luke",592426,"SEA","SL","Slider",-0.1,0,"382",48.8,"119","0.252","0.369","0.331",26.2,19.3,19.5,"0.233","0.375","0.314",46.3
"Holmes, Clay",605280,"NYM","ST","Sweeper",-0.7,-4,"526",19,"119","0.218","0.327","0.3",25.5,26.1,18.6,"0.207","0.321","0.262",30.4
"Rutledge, Jackson",671131,"WSH","SI","Sinker",-1,-4,"437",32.6,"119","0.343","0.559","0.423",11.2,8.4,12.8,"0.296","0.501","0.376",59.4
"Ober, Bailey",641927,"MIN","SL","Slider",-1.9,-8,"418",17.7,"119","0.321","0.606","0.431",21.3,12.6,14,"0.279","0.505","0.36",43.2
"Akin, Keegan",669211,"BAL","FF","4-Seam Fastball",-0.9,-5,"543",51.3,"119","0.323","0.566","0.433",25.2,19.3,13.6,"0.303","0.56","0.421",53.9
"Peralta, Wandy",593974,"SD","CH","Changeup",0.3,1,"393",34.5,"119","0.216","0.333","0.274",36.9,26.9,25.2,"0.218","0.352","0.27",30
"Kelly, Merrill",518876,"TEX","FC","Cutter",1.9,11,"571",20.2,"118","0.177","0.354","0.252",16.3,22.9,27.3,"0.245","0.495","0.327",45.3
"Bachar, Lake",669199,"MIA","FF","4-Seam Fastball",0.2,1,"425",37.2,"118","0.227","0.515","0.37",25.2,23.7,27.7,"0.236","0.552","0.39",53.5
"Quintana, Jose",500779,"MIL","CH","Changeup",-0.5,-2,"482",22.2,"118","0.281","0.36","0.295",20.2,11,10.2,"0.286","0.443","0.326",33.7
"Ragans, Cole",666142,"KC","FF","4-Seam Fastball",0.2,1,"534",49.5,"118","0.225","0.422","0.317",28.6,33.9,23.1,"0.188","0.383","0.287",41.5
"Burrows, Mike",681347,"PIT","CH","Changeup",2.4,9,"365",23.7,"118","0.147","0.22","0.2",43.1,42.4,31.4,"0.164","0.253","0.219",33.9
"Peralta, Freddy",642547,"MIL","CU","Curveball",0.9,4,"465",15.1,"118","0.186","0.292","0.234",34.3,40.7,21.9,"0.164","0.216","0.187",18.5
"Bello, Brayan",678394,"BOS","ST","Sweeper",-0.3,-2,"513",19,"117","0.202","0.356","0.283",26.6,29.1,17.4,"0.251","0.492","0.336",37.8
"Schmidt, Clarke",657376,"NYY","FC","Cutter",0.9,5,"501",40.9,"117","0.24","0.42","0.332",24.3,15.4,15,"0.22","0.373","0.307",35.7
"Brazobán, Huascar",623211,"NYM","CH","Changeup",-1.1,-4,"385",38.1,"117","0.235","0.402","0.331",31.2,29.9,20.1,"0.21","0.364","0.298",36.8
"Williams, Devin",642207,"NYY","FF","4-Seam Fastball",0.5,3,"529",47.4,"117","0.202","0.293","0.288",38,39.3,28.4,"0.171","0.265","0.266",45.3
"Banda, Anthony",607455,"LAD","SL","Slider",0.9,5,"524",49.2,"116","0.144","0.269","0.225",37.9,31.9,21.1,"0.162","0.311","0.246",35.3
"Milner, Hoby",571948,"TEX","SI","Sinker",0.1,0,"386",33.4,"116","0.299","0.43","0.361",9.7,15.5,16.8,"0.284","0.454","0.345",40.4
"Sugano, Tomoyuki",608372,"BAL","FF","4-Seam Fastball",-1,-5,"485",18.9,"116","0.279","0.577","0.403",13.9,19.8,15.9,"0.295","0.629","0.419",49.4
"Sugano, Tomoyuki",608372,"BAL","SI","Sinker",0.2,1,"412",16.1,"116","0.31","0.49","0.383",9.9,10.3,12.2,"0.294","0.56","0.398",47.3
"Canning, Griffin",656288,"NYM","SL","Slider",-0.4,-2,"410",30.5,"116","0.286","0.429","0.357",34.1,21.6,18,"0.271","0.453","0.347",46.3
"Fried, Max",608331,"NYY","FF","4-Seam Fastball",-0.2,-1,"380",12.2,"116","0.213","0.352","0.289",24.4,35.3,19.7,"0.199","0.361","0.269",43.3
"Lorenzen, Michael",547179,"KC","CH","Changeup",0.6,2,"401",17.3,"115","0.178","0.297","0.257",42.4,30.4,21.6,"0.169","0.262","0.241",20.9
"Quantrill, Cal",615698,"ATL","FS","Split-Finger",-1.9,-8,"419",20.9,"115","0.268","0.455","0.324",23.9,18.3,11.5,"0.272","0.427","0.31",41.8
"Speier, Gabe",642100,"SEA","FF","4-Seam Fastball",2.1,9,"412",44.7,"115","0.164","0.309","0.216",33.3,43.5,28.4,"0.181","0.35","0.241",52.5
"Rogers, Taylor",573124,"CHC","SI","Sinker",-2.4,-11,"439",49.1,"115","0.326","0.537","0.426",10.2,14.8,12.1,"0.312","0.573","0.416",53.7
"Burke, Sean",680732,"CWS","CU","Curveball",0.5,3,"563",23.7,"115","0.21","0.343","0.306",27.1,28.7,19.5,"0.257","0.435","0.335",45.8
"Helsley, Ryan",664854,"NYM","SL","Slider",2.5,12,"464",47.4,"115","0.14","0.206","0.179",41.6,37.4,24.9,"0.161","0.235","0.191",26.9
"Cecconi, Slade",677944,"CLE","SL","Slider",-1.5,-6,"375",18.2,"115","0.239","0.477","0.313",35.7,27,25.2,"0.215","0.461","0.299",45
"Lorenzen, Michael",547179,"KC","SI","Sinker",0.1,1,"418",18,"115","0.262","0.477","0.343",10.8,20,22.1,"0.276","0.447","0.336",42.9
"Matthews, Zebby",805673,"MIN","SL","Slider",0.3,1,"342",25.3,"114","0.148","0.25","0.214",38.6,43.9,24.4,"0.183","0.326","0.243",30.5
"Ortiz, Luis",682847,"CLE","FF","4-Seam Fastball",-0.3,-1,"441",29.4,"114","0.242","0.4","0.354",32.3,31.6,25.4,"0.225","0.44","0.35",50.8
"Hader, Josh",623352,"HOU","SI","Sinker",0.7,3,"459",54.2,"114","0.163","0.429","0.298",30.6,29.8,21.8,"0.154","0.323","0.261",36.4
"Cameron, Noah",702070,"KC","CU","Curveball",2.1,9,"417",19.3,"114","0.155","0.191","0.179",29.7,36.8,24,"0.18","0.247","0.203",33.8
"Young, Brandon",687064,"BAL","FF","4-Seam Fastball",0.4,2,"411",43.8,"114","0.277","0.396","0.323",18.8,17.5,18.7,"0.233","0.387","0.298",42.9
"Bido, Osvaldo",674370,"ATH","SL","Slider",-0.6,-3,"411",29.8,"114","0.252","0.553","0.36",34.1,30.7,22,"0.226","0.508","0.335",45.7
"Wentz, Joey",666214,"ATL","SL","Slider",-0.2,-1,"462",25.5,"114","0.279","0.413","0.322",29.6,24.6,18.1,"0.249","0.421","0.311",44.9
"Buehler, Walker",621111,"PHI","FF","4-Seam Fastball",-1.5,-8,"554",25.3,"114","0.274","0.547","0.399",14.8,12.3,10.4,"0.294","0.632","0.436",53.7
"Sánchez, Cristopher",650911,"PHI","SL","Slider",0.1,0,"480",16.6,"114","0.252","0.477","0.323",33.6,22.8,19.4,"0.237","0.448","0.306",32.5
"Horton, Cade",690990,"CHC","ST","Sweeper",0.8,3,"387",21.6,"113","0.171","0.343","0.267",37.6,25.7,18,"0.166","0.326","0.242",35.5
"Keller, Brad",641745,"CHC","FF","4-Seam Fastball",1.7,8,"470",42.2,"113","0.211","0.295","0.296",17.1,20.4,19.8,"0.217","0.36","0.318",36.1
"Heaney, Andrew",571760,"LAD","CH","Changeup",0,0,"361",17.3,"113","0.212","0.337","0.261",19.3,12.4,13.7,"0.274","0.412","0.314",34.4
"Skenes, Paul",694973,"PIT","ST","Sweeper",1.9,9,"475",15.8,"113","0.15","0.215","0.195",32.9,30.1,20.7,"0.167","0.254","0.209",19.2
"García, Luis",472610,"LAA","SI","Sinker",0,0,"377",42.1,"113","0.35","0.5","0.405",14,10.6,17.4,"0.303","0.466","0.365",52.2
"McGreevy, Michael",700241,"STL","SI","Sinker",3.1,10,"325",22.2,"113","0.234","0.318","0.277",7.4,8,16.7,"0.246","0.343","0.274",38.4
"Webb, Jacob",657097,"TEX","FF","4-Seam Fastball",1.7,7,"435",44.5,"113","0.186","0.289","0.281",22.8,23,19.4,"0.205","0.345","0.297",43.1
"Pfaadt, Brandon",694297,"AZ","CH","Changeup",-0.4,-2,"457",15.7,"112","0.278","0.435","0.321",28,12.5,11.7,"0.285","0.47","0.336",34
"Lord, Brad",695418,"WSH","SI","Sinker",1.5,6,"384",18.1,"112","0.255","0.321","0.271",9.7,8.9,13.7,"0.3","0.395","0.316",43.4
"Sousa, Bennett",656986,"HOU","SL","Slider",1.9,8,"418",57.4,"112","0.151","0.283","0.211",50,43.8,33.6,"0.132","0.263","0.194",40.4
"Legumina, Casey",668984,"SEA","FF","4-Seam Fastball",0.6,3,"424",49.2,"112","0.191","0.309","0.282",28.4,32.1,21.7,"0.192","0.331","0.29",41.7
"Ashcraft, Braxton",677952,"PIT","SL","Slider",1.1,4,"344",31.2,"112","0.225","0.333","0.278",32.4,26.8,23.6,"0.213","0.298","0.257",30.1
"Topa, Justin",623437,"MIN","SI","Sinker",-0.1,0,"349",35.6,"112","0.32","0.43","0.355",6.7,8,12,"0.315","0.42","0.354",45.7
"Williams, Gavin",668909,"CLE","FC","Cutter",0.4,2,"410",14,"112","0.233","0.433","0.381",18.1,6.3,10,"0.267","0.441","0.38",49.4
"Cano, Yennier",666974,"BAL","SI","Sinker",1,4,"452",45.8,"112","0.245","0.351","0.325",20.2,15.2,19.8,"0.218","0.345","0.304",41.3
"Morales, Luis",806960,"ATH","FF","4-Seam Fastball",-0.2,-1,"423",51.5,"111","0.274","0.442","0.357",15.7,17.1,18.1,"0.284","0.501","0.38",51.9
"Hernández, Carlos",672578,"CLE","FF","4-Seam Fastball",-0.3,-1,"394",51.9,"111","0.315","0.391","0.368",19,13.5,15,"0.295","0.459","0.38",43
"Bassitt, Chris",605135,"TOR","CU","Curveball",1.1,5,"458",16.2,"111","0.172","0.293","0.246",31.3,25.2,18.9,"0.182","0.264","0.244",18.1
"Palmquist, Carson",687223,"COL","FF","4-Seam Fastball",-3.1,-12,"370",52.5,"111","0.382","0.719","0.493",14,13.5,16.5,"0.307","0.61","0.434",51.9
"Rodríguez, Randy",678495,"SF","SL","Slider",1,4,"360",44.6,"110","0.206","0.333","0.282",33.5,33.6,28.7,"0.195","0.33","0.258",35.4
"Phillips, Tyler",663969,"MIA","SI","Sinker",1.3,5,"350",31.4,"110","0.287","0.406","0.334",11.4,7.3,17,"0.255","0.383","0.309",49.5
"Díaz, Edwin",621242,"NYM","FF","4-Seam Fastball",1.6,9,"561",52.6,"110","0.133","0.2","0.224",39.4,35.5,25.3,"0.179","0.293","0.283",45.5
"Buehler, Walker",621111,"PHI","SI","Sinker",1.6,6,"359",16.4,"110","0.205","0.227","0.302",7.5,20.9,24.5,"0.265","0.352","0.353",47.7
"Junis, Jakob",596001,"CLE","ST","Sweeper",0.7,3,"459",44.5,"110","0.238","0.362","0.273",31.4,28.2,20.3,"0.222","0.365","0.266",33.3
"Kolek, Stephen",663568,"KC","FF","4-Seam Fastball",0.6,3,"433",25.6,"110","0.2","0.389","0.297",15.4,22.7,16.8,"0.245","0.47","0.35",51.4
"Brash, Matt",666374,"SEA","SL","Slider",1,5,"498",60.6,"110","0.224","0.286","0.272",36,31.8,25.7,"0.202","0.282","0.25",22.7
"Quantrill, Cal",615698,"ATL","SI","Sinker",-0.1,0,"442",22.1,"110","0.29","0.473","0.378",14.6,14.5,16,"0.276","0.482","0.377",34.6
"Weissert, Greg",669711,"BOS","FF","4-Seam Fastball",1.5,5,"357",33.4,"109","0.19","0.33","0.269",22,24.8,19.9,"0.16","0.327","0.245",39.7
"Bello, Brayan",678394,"BOS","CH","Changeup",-0.3,-1,"410",15.2,"109","0.219","0.324","0.252",32.8,20.2,17.2,"0.279","0.394","0.305",27.7
"Cameron, Noah",702070,"KC","FC","Cutter",-0.8,-4,"468",21.6,"109","0.283","0.489","0.384",22.7,5.5,10.3,"0.296","0.487","0.389",29.9
"Holmes, Clay",605280,"NYM","CH","Changeup",0.5,2,"434",15.7,"109","0.202","0.231","0.232",30.2,28.4,15.4,"0.219","0.32","0.254",30.1
"Whitlock, Garrett",676477,"BOS","SL","Slider",2.1,8,"365",30.9,"109","0.162","0.192","0.208",35.9,38.5,27.3,"0.184","0.285","0.241",29.3
"Dobbins, Hunter",690928,"BOS","FF","4-Seam Fastball",-0.4,-1,"377",40.5,"108","0.316","0.453","0.398",11.9,12,15.3,"0.277","0.48","0.366",46.3
"O'Brien, Riley",676617,"STL","SI","Sinker",1.6,6,"366",48.3,"108","0.228","0.272","0.289",10.8,12,16.7,"0.287","0.362","0.346",34.2
"Suarez, Ranger",624133,"PHI","CU","Curveball",1.9,7,"391",16.1,"108","0.192","0.273","0.241",24.5,25,17.9,"0.163","0.224","0.207",17.8
"Boyd, Matthew",571510,"CHC","SL","Slider",-0.1,0,"408",14.9,"108","0.208","0.292","0.269",34.9,35.2,19.2,"0.213","0.263","0.252",30
"Wheeler, Zack",554430,"PHI","SI","Sinker",0.2,1,"409",17.1,"108","0.252","0.437","0.341",15.8,21.3,22.5,"0.219","0.346","0.264",31.3
"Domínguez, Seranthony",622554,"TOR","FF","4-Seam Fastball",0.4,2,"476",43.2,"108","0.209","0.349","0.35",26.8,26.9,24.2,"0.215","0.356","0.336",38.6
"Gallen, Zac",668678,"AZ","SL","Slider",-2.8,-11,"406",13,"108","0.294","0.608","0.413",19.7,9.3,11.8,"0.298","0.532","0.371",32.6
"Alcala, Jorge",660896,"STL","FF","4-Seam Fastball",-0.6,-3,"491",46.4,"108","0.247","0.573","0.391",28.9,22.2,16.3,"0.203","0.426","0.328",44.8
"Burke, Brock",656271,"LAA","FF","4-Seam Fastball",0.5,2,"430",42.4,"108","0.274","0.421","0.334",20.4,23.1,15.7,"0.266","0.45","0.341",46.6
"Okert, Steven",595345,"HOU","FF","4-Seam Fastball",1,4,"435",41.4,"107","0.247","0.337","0.316",20.9,17.8,20.7,"0.235","0.404","0.334",37
"Smith, Shane",681343,"CWS","CH","Changeup",-0.4,-2,"406",16.8,"107","0.2","0.337","0.29",31.8,21.5,16.3,"0.256","0.397","0.325",50
"Bernardino, Brennan",657514,"BOS","SI","Sinker",1.6,6,"371",44.5,"107","0.253","0.299","0.322",8.8,15.9,20.5,"0.243","0.363","0.335",44.4
"Kelly, Kevin",687330,"TB","SI","Sinker",-1.7,-6,"347",59,"107","0.309","0.577","0.413",13.3,10.3,18.6,"0.334","0.621","0.426",55.7
"Berríos, José",621244,"TOR","FF","4-Seam Fastball",-0.5,-2,"463",17.9,"107","0.304","0.467","0.391",15.3,14,11.4,"0.26","0.457","0.359",45.6
"Miller, Shelby",571946,"MIL","FF","4-Seam Fastball",1.7,8,"436",61.8,"107","0.24","0.302","0.266",26.3,28,26.1,"0.229","0.362","0.283",44.9
"Alcantara, Sandy",645261,"MIA","SL","Slider",-1,-5,"495",17.1,"107","0.262","0.495","0.328",21.7,23.4,16.3,"0.279","0.528","0.349",40.5
"Green, Chad",643338,"TOR","FF","4-Seam Fastball",-2.5,-9,"356",50.2,"107","0.31","0.63","0.411",21.9,20.6,20,"0.266","0.607","0.386",61.5
"Leiter, Jack",683004,"TEX","CH","Changeup",-0.6,-3,"426",16.5,"106","0.186","0.32","0.265",32.2,33,25.7,"0.223","0.39","0.298",43.5
"Patrick, Chad",694477,"MIL","FF","4-Seam Fastball",0.9,4,"447",22.2,"106","0.224","0.316","0.278",25.5,34.9,18.9,"0.195","0.322","0.256",36.1
"Anderson, Tyler",542881,"LAA","FC","Cutter",-1.7,-8,"480",20.5,"106","0.316","0.531","0.375",18.7,8.5,8.4,"0.287","0.448","0.328",31.5
"Romero, JoJo",668941,"STL","ST","Sweeper",2.5,9,"375",37.9,"106","0.181","0.223","0.219",33.8,31.1,23.2,"0.184","0.26","0.242",27
"Povich, Cade",700249,"BAL","CU","Curveball",-1.5,-7,"430",21.8,"106","0.309","0.485","0.394",29,24.5,16.7,"0.234","0.407","0.302",37.5
"Pallante, Andre",669467,"STL","SI","Sinker",0.4,1,"363",13.3,"106","0.245","0.34","0.303",14.1,8.5,8.8,"0.22","0.329","0.28",20.7
"Severino, Luis",622663,"ATH","FC","Cutter",0.8,4,"481",17.6,"106","0.297","0.385","0.354",16,2.8,5.9,"0.314","0.469","0.374",33.3
"Snell, Blake",605483,"LAD","FF","4-Seam Fastball",0.1,0,"448",43.6,"106","0.309","0.426","0.362",22.1,20.8,20.4,"0.288","0.408","0.338",33.8
"Kelly, Michael",547184,"ATH","ST","Sweeper",-0.1,0,"332",50.5,"106","0.277","0.457","0.357",20.6,16,17.3,"0.287","0.5","0.37",34.2
"Lopez, Jacob",682052,"ATH","FF","4-Seam Fastball",0,0,"587",35.2,"106","0.209","0.407","0.34",28.7,38.7,22.5,"0.169","0.352","0.305",34.8
"Myers, Tobias",668964,"MIL","FF","4-Seam Fastball",-0.6,-2,"373",45.2,"106","0.313","0.49","0.374",14.7,16,15.9,"0.314","0.532","0.379",50.6
"Lazar, Max",676661,"PHI","FF","4-Seam Fastball",-0.3,-1,"357",55.3,"105","0.239","0.522","0.359",15.7,11.4,14,"0.296","0.556","0.399",58
"Miller, Mason",695243,"SD","SL","Slider",3.7,16,"443",45.6,"105","0.108","0.108","0.114",54.6,52.4,37.4,"0.142","0.198","0.163",25.5
"Matsui, Yuki",673513,"SD","FF","4-Seam Fastball",-1.1,-5,"420",39.5,"105","0.235","0.529","0.393",17.9,14.3,15.6,"0.231","0.486","0.369",46.5
"Cameron, Noah",702070,"KC","CH","Changeup",-0.2,-1,"402",18.6,"105","0.202","0.374","0.279",41.7,28.6,24.4,"0.236","0.405","0.297",34.8
"Peterson, David",656849,"NYM","CH","Changeup",0.5,2,"412",15.3,"105","0.223","0.298","0.294",24.1,12.4,11.4,"0.274","0.346","0.314",37
"Leasure, Jordan",673929,"CWS","SL","Slider",1.5,7,"480",42.5,"105","0.147","0.263","0.241",40.8,32.4,27,"0.173","0.262","0.236",26.2
"Alexander, Tyler",641302,"CWS","FF","4-Seam Fastball",0.1,0,"414",26.1,"105","0.227","0.392","0.3",20.1,26.7,17.6,"0.235","0.478","0.33",50.7
"Freeland, Kyle",607536,"COL","ST","Sweeper",-0.6,-2,"319",12.9,"104","0.242","0.333","0.299",25.6,32.7,22.4,"0.221","0.321","0.256",43.1
"Eovaldi, Nathan",543135,"TEX","FF","4-Seam Fastball",0,0,"432",22.5,"104","0.266","0.457","0.332",14,18.3,12.5,"0.255","0.438","0.325",48.7
"Wacha, Michael",608379,"KC","SI","Sinker",-2.2,-7,"338",12.7,"104","0.365","0.51","0.396",11.2,14.4,14.7,"0.312","0.474","0.356",37.3
"Bubic, Kris",663460,"KC","CH","Changeup",0.6,2,"378",21.1,"104","0.198","0.242","0.27",38.4,25,20.6,"0.185","0.247","0.254",37.9
"Rogers, Taylor",573124,"CHC","ST","Sweeper",1,5,"455",50.9,"104","0.168","0.337","0.265",33.6,34.6,22.8,"0.15","0.241","0.208",31.7
"Bellozo, Valente",678368,"MIA","FF","4-Seam Fastball",-1.2,-5,"380",28.7,"104","0.272","0.565","0.386",15.5,16.3,12.1,"0.285","0.639","0.422",46.7
"Faucher, Calvin",676534,"MIA","FC","Cutter",1,4,"390",37,"104","0.269","0.441","0.348",18.4,16.3,18.5,"0.29","0.42","0.345",36.4
"Sheehan, Emmet",686218,"LAD","SL","Slider",3.2,11,"348",30.4,"104","0.162","0.212","0.189",43.6,39.4,33.1,"0.174","0.23","0.2",25.9
"Garcia, Robert",676395,"TEX","FF","4-Seam Fastball",1,5,"436",44.9,"104","0.227","0.375","0.315",30.3,32.7,23.4,"0.198","0.37","0.299",42.1
"Wacha, Michael",608379,"KC","FC","Cutter",0.2,1,"401",15,"104","0.29","0.484","0.365",17.1,5.8,11.3,"0.3","0.505","0.375",41.1
"Allard, Kolby",663465,"CLE","FF","4-Seam Fastball",1.3,5,"389",38.9,"104","0.26","0.365","0.28",27.5,27.9,22.5,"0.215","0.365","0.259",45.1
"Vásquez, Randy",681190,"SD","FF","4-Seam Fastball",1.5,7,"452",21,"103","0.221","0.326","0.299",16,20.4,16,"0.22","0.424","0.33",44.8
"Ort, Kaleb",672391,"HOU","FF","4-Seam Fastball",0.3,1,"428",54.3,"103","0.195","0.354","0.322",26.4,21.4,17.3,"0.173","0.325","0.303",34.4
"Lugo, Seth",607625,"KC","SI","Sinker",-0.5,-2,"348",14.6,"103","0.22","0.418","0.355",13.7,17.5,18.8,"0.269","0.538","0.381",42.5
"Lord, Brad",695418,"WSH","SL","Slider",-1.8,-8,"430",20.2,"103","0.255","0.469","0.327",26.7,20.4,14.5,"0.258","0.498","0.337",42.9
"Cannon, Jonathan",686563,"CWS","CH","Changeup",-0.7,-3,"383",21.4,"103","0.247","0.433","0.325",23.6,23.3,16,"0.228","0.381","0.284",32.9
"Anderson, Grant",681982,"MIL","ST","Sweeper",0.9,4,"438",37.8,"103","0.177","0.313","0.266",36.7,25.2,21.8,"0.21","0.315","0.247",27.8
"Ureña, José",570632,"LAA","SI","Sinker",0.3,1,"339",36.3,"103","0.276","0.414","0.368",11.5,4.9,8.1,"0.31","0.546","0.412",51.2
"Senga, Kodai",673540,"NYM","FC","Cutter",0,0,"389",20.5,"103","0.281","0.483","0.389",16.5,1.9,5.4,"0.296","0.481","0.38",48.3
"Matsui, Yuki",673513,"SD","FS","Split-Finger",-0.2,-1,"342",32.2,"102","0.223","0.394","0.29",44.9,35.3,26.5,"0.194","0.312","0.248",32.2
"Burns, Chase",695505,"CIN","FF","4-Seam Fastball",0.9,4,"442",57.9,"102","0.25","0.341","0.314",25.2,29.4,21.7,"0.242","0.38","0.322",50.8
"Buttó, José",676130,"SF","SL","Slider",-0.4,-1,"328",30,"102","0.226","0.376","0.287",37,28.4,24.6,"0.231","0.371","0.28",34.3
"Senzatela, Antonio",622608,"COL","SL","Slider",-1.5,-6,"412",18,"102","0.33","0.585","0.395",26.6,11.8,11.3,"0.306","0.573","0.377",39.5
"Woodruff, Brandon",605540,"MIL","FF","4-Seam Fastball",0.3,1,"296",30.7,"101","0.181","0.34","0.253",32.1,50.5,32.7,"0.15","0.284","0.219",55.8
"Nicolas, Kyle",693312,"PIT","FF","4-Seam Fastball",0.4,1,"330",50.6,"101","0.279","0.43","0.357",14.9,10.9,14.7,"0.272","0.442","0.361",39.5
"Bummer, Aaron",607481,"ATL","CU","Curveball",0,0,"327",35.1,"101","0.211","0.333","0.286",31,28.7,20.7,"0.258","0.373","0.311",37.1
"Canning, Griffin",656288,"NYM","CH","Changeup",1.8,6,"312",23.2,"101","0.196","0.239","0.258",22.1,16.8,16,"0.252","0.355","0.301",42.7
"Webb, Jacob",657097,"TEX","CH","Changeup",1.2,4,"339",34.7,"101","0.208","0.375","0.271",35.4,21.8,19.6,"0.228","0.367","0.269",23.7
"Alcantara, Sandy",645261,"MIA","FC","Cutter",-0.1,0,"482",16.7,"101","0.231","0.385","0.3",27.9,25.7,18.1,"0.272","0.476","0.349",47
"Skenes, Paul",694973,"PIT","FS","Split-Finger",0.4,2,"405",13.5,"101","0.269","0.366","0.326",22.8,12.9,18.6,"0.264","0.374","0.309",43.8
"Bird, Jake",656234,"NYY","SI","Sinker",-2.2,-7,"328",34.3,"101","0.345","0.56","0.443",16.2,8.9,13.8,"0.323","0.512","0.419",50
"Adam, Jason",592094,"SD","CH","Changeup",0.9,3,"363",33.4,"101","0.191","0.281","0.265",34.2,28.7,21.3,"0.162","0.272","0.239",39.3
"Bubic, Kris",663460,"KC","ST","Sweeper",1.6,6,"373",20.8,"101","0.194","0.286","0.231",26.7,30.7,26.5,"0.201","0.258","0.215",32.8
"Thielbar, Caleb",573204,"CHC","FF","4-Seam Fastball",1.3,5,"351",41.8,"101","0.226","0.398","0.3",22.2,19.8,22.7,"0.214","0.374","0.284",37
"Iglesias, Raisel",628452,"ATL","FF","4-Seam Fastball",3.6,14,"387",40.1,"100","0.122","0.178","0.182",28.4,32,25.8,"0.167","0.31","0.245",39
"Walker, Ryan",676254,"SF","SL","Slider",-0.2,-1,"382",37.5,"100","0.207","0.414","0.3",28,23,17.8,"0.217","0.381","0.294",26.9
"De Los Santos, Enyel",660853,"HOU","SL","Slider",0.9,3,"397",35.9,"100","0.204","0.312","0.265",36.3,22,17.7,"0.211","0.34","0.268",33.8
"Kikuchi, Yusei",579328,"LAA","CH","Changeup",0,0,"376",12.2,"100","0.222","0.293","0.23",25.1,29,18.1,"0.225","0.356","0.253",35.7
"Thompson, Ryan",657044,"AZ","SI","Sinker",0.1,0,"334",51.4,"99","0.341","0.418","0.372",18.8,10.1,14.1,"0.285","0.398","0.328",48.1
"Baz, Shane",669358,"TB","FC","Cutter",-1.2,-5,"400",14.7,"99","0.337","0.598","0.412",26.4,16.2,23.2,"0.292","0.46","0.343",32.5
"Gray, Sonny",543243,"STL","CU","Curveball",1.1,5,"500",18.4,"99","0.213","0.362","0.268",33.7,29.3,35.4,"0.241","0.43","0.305",44.6
"Newcomb, Sean",656794,"ATH","SV","Slurve",1.5,5,"346",22.4,"99","0.172","0.237","0.205",31.6,45.5,25.9,"0.166","0.255","0.212",30.6
"Spence, Mitch",687765,"ATH","SL","Slider",-1.2,-4,"362",26.8,"99","0.253","0.505","0.349",32.5,22.2,19.5,"0.265","0.513","0.358",31.9
"Hoffman, Jeff",656546,"TOR","FF","4-Seam Fastball",-1.4,-6,"422",37.4,"99","0.222","0.642","0.413",24.2,25.3,20,"0.241","0.644","0.423",52.6
"Ryan, Joe",657746,"MIN","SI","Sinker",-0.4,-1,"346",12.4,"99","0.263","0.438","0.378",15.1,22.2,23.7,"0.221","0.376","0.334",40.7
"Orze, Eric",679358,"TB","FS","Split-Finger",0.6,2,"330",48.5,"98","0.242","0.319","0.28",31.8,30.6,22.9,"0.194","0.274","0.237",27.9
"Evans, Logan",688138,"SEA","FC","Cutter",1.6,6,"356",26.6,"98","0.198","0.346","0.308",24.1,17.3,23.6,"0.243","0.404","0.345",40
"Newcomb, Sean",656794,"ATH","SI","Sinker",1,3,"339",21.9,"98","0.302","0.337","0.354",10.1,8.2,15.4,"0.285","0.371","0.332",39.2
"Bello, Brayan",678394,"BOS","FF","4-Seam Fastball",-0.3,-1,"408",15.1,"98","0.271","0.447","0.344",13.7,13.3,9.2,"0.202","0.361","0.29",41.9
"Sasaki, Roki",808963,"LAD","FF","4-Seam Fastball",0.3,1,"310",49.9,"98","0.256","0.5","0.386",11.1,10.2,17.5,"0.281","0.62","0.43",52.8
"Scherzer, Max",453286,"TOR","SL","Slider",-0.9,-3,"332",23.9,"98","0.24","0.479","0.311",32.8,31.6,23.1,"0.215","0.411","0.273",30.8
"Scott, Tanner",656945,"LAD","SL","Slider",0.5,2,"430",47.2,"98","0.267","0.372","0.326",37.8,27.6,18.1,"0.241","0.331","0.298",35
"Mikolas, Miles",571945,"STL","CU","Curveball",-1.6,-7,"436",17.6,"98","0.228","0.435","0.301",22.7,29.6,15.3,"0.193","0.356","0.251",30.8
"Lugo, Seth",607625,"KC","FC","Cutter",-2.3,-8,"336",14.1,"98","0.333","0.543","0.424",24.5,29.6,27.4,"0.262","0.448","0.358",45.5
"Boyle, Joe",671212,"TB","SL","Slider",-0.3,-1,"328",35.1,"97","0.232","0.39","0.352",31.1,33,29.6,"0.199","0.306","0.291",38
"King, Michael",650633,"SD","SI","Sinker",0.8,3,"360",29.5,"97","0.209","0.341","0.292",15.3,29.9,29,"0.226","0.401","0.293",40.3
"Gaddis, Hunter",683769,"CLE","FF","4-Seam Fastball",0.6,2,"347",33.1,"97","0.231","0.495","0.324",23.5,15.5,17.4,"0.234","0.471","0.318",42.9
"Newcomb, Sean",656794,"ATH","FF","4-Seam Fastball",1.5,7,"459",29.7,"97","0.207","0.322","0.281",23.7,30.9,21.6,"0.233","0.391","0.306",41.4
"Eisert, Brandon",685126,"CWS","CH","Changeup",-0.4,-2,"356",29.3,"97","0.258","0.473","0.329",42,30.9,26.1,"0.211","0.302","0.241",33.3
"Schwellenbach, Spencer",680885,"ATL","SL","Slider",-1.9,-5,"285",18.1,"97","0.253","0.451","0.321",34.4,28.9,23.5,"0.226","0.351","0.266",40
"Buehler, Walker",621111,"PHI","FC","Cutter",-0.6,-2,"370",16.9,"97","0.357","0.619","0.454",19.4,7.2,11.7,"0.337","0.559","0.425",36.4
"Rodríguez, Yariel",684320,"TOR","FF","4-Seam Fastball",0.2,1,"473",40.8,"97","0.266","0.38","0.355",18.8,8.2,11.6,"0.277","0.44","0.375",40.3
"Hernández, Daysbel",678226,"ATL","SL","Slider",-0.9,-3,"402",56.1,"96","0.237","0.35","0.338",33,16.7,11.9,"0.221","0.356","0.322",34.4
"Yates, Kirby",489446,"LAD","FF","4-Seam Fastball",0.2,1,"440",57.7,"96","0.214","0.512","0.344",35.3,30.2,22,"0.195","0.442","0.313",41.1
"Blewett, Scott",656240,"BAL","SL","Slider",-2,-6,"314",44.2,"96","0.302","0.5","0.383",34.3,19.8,21.8,"0.239","0.392","0.31",42.6
"Bello, Brayan",678394,"BOS","FC","Cutter",0.2,1,"423",15.7,"96","0.23","0.437","0.331",24.6,15.6,19.7,"0.261","0.506","0.359",50
"Gómez, Yoendrys",672782,"CWS","FF","4-Seam Fastball",-0.3,-1,"368",33.5,"96","0.21","0.432","0.322",27,32.3,23.3,"0.229","0.515","0.364",36.5
"Harrison, Kyle",690986,"BOS","FF","4-Seam Fastball",1.9,6,"345",58.8,"96","0.195","0.31","0.263",26.2,31.3,22.7,"0.209","0.353","0.282",43.9
"McCullers Jr., Lance",621121,"HOU","ST","Sweeper",-0.7,-3,"367",32,"96","0.241","0.405","0.36",24.7,26,21.4,"0.188","0.339","0.307",40.7
"Williams, Trevor",592866,"WSH","ST","Sweeper",0.3,1,"398",27.5,"96","0.247","0.371","0.284",28.3,25,17.5,"0.209","0.307","0.251",25.4
"Suarez, Ranger",624133,"PHI","FC","Cutter",0.2,1,"427",17.6,"95","0.319","0.604","0.396",19.8,13.7,21,"0.268","0.464","0.321",27.8
"Bivens, Spencer",702352,"SF","FC","Cutter",0.6,2,"352",27.2,"95","0.244","0.354","0.307",17.5,17.9,17.7,"0.264","0.379","0.338",28.4
"Nola, Aaron",605400,"PHI","FF","4-Seam Fastball",-0.3,-2,"475",30.3,"95","0.23","0.529","0.344",13.9,14.7,11.6,"0.228","0.506","0.335",45.9
"Graceffo, Gordon",700669,"STL","FF","4-Seam Fastball",-0.3,-1,"329",43.5,"95","0.321","0.5","0.381",17.9,22.1,20.6,"0.295","0.462","0.347",62.1
"Soto, Gregory",642397,"NYM","SL","Slider",1.1,4,"335",32.5,"95","0.155","0.262","0.224",45.1,38.9,25.9,"0.188","0.271","0.243",36.7
"Brown, Hunter",686613,"HOU","CH","Changeup",0.6,2,"356",12,"95","0.186","0.349","0.274",27.2,21.1,18.2,"0.211","0.333","0.278",22.7
"Herget, Jimmy",623474,"COL","SL","Slider",1.4,5,"362",28.3,"95","0.253","0.368","0.286",27.5,20,31.1,"0.251","0.397","0.3",40.8
"Detmers, Reid",672282,"LAA","SL","Slider",0.8,3,"338",31.2,"95","0.233","0.344","0.281",40.8,34.7,24.8,"0.248","0.39","0.302",49.1
"Allen, Logan",671106,"CLE","SI","Sinker",0.8,3,"366",13.5,"95","0.266","0.278","0.351",9.9,11.6,15.9,"0.258","0.355","0.336",43.5
"Pepiot, Ryan",686752,"TB","SL","Slider",-1.2,-6,"479",17.8,"95","0.283","0.576","0.381",23.4,11.6,9.6,"0.302","0.603","0.39",39.5
"Dollander, Chase",801403,"COL","CU","Curveball",0.9,4,"379",21.3,"95","0.161","0.207","0.207",35.7,30.5,18.6,"0.176","0.294","0.243",24.1
"Cecconi, Slade",677944,"CLE","CU","Curveball",1.1,4,"340",16.5,"95","0.141","0.272","0.198",32,28.4,17.9,"0.186","0.312","0.235",33.8
"Cabrera, Edward",665795,"MIA","SL","Slider",0.8,3,"389",17.3,"95","0.207","0.345","0.268",43.7,29.5,26.2,"0.196","0.331","0.266",40
"Falter, Bailey",663559,"KC","SL","Slider",-1.2,-4,"354",18.1,"94","0.239","0.443","0.325",23,20.2,17.9,"0.266","0.492","0.345",43.5
"Freeland, Kyle",607536,"COL","FC","Cutter",-1,-4,"388",15.6,"94","0.363","0.582","0.418",19.7,6.4,14,"0.343","0.637","0.417",48.8
"Boyle, Joe",671212,"TB","FF","4-Seam Fastball",-0.5,-2,"453",48.5,"94","0.241","0.43","0.37",26.8,14.9,13.2,"0.25","0.509","0.379",49.2
"Gordon, Colton",676467,"HOU","ST","Sweeper",-1.6,-6,"396",27.3,"94","0.27","0.528","0.348",22.9,27.7,14.4,"0.201","0.383","0.273",34.4
"Strahm, Matt",621381,"PHI","FF","4-Seam Fastball",-0.9,-3,"373",37.6,"94","0.2","0.412","0.3",24.5,38.3,23.4,"0.176","0.362","0.277",45.8
"Casparius, Ben",676508,"LAD","FF","4-Seam Fastball",-0.7,-3,"382",30.3,"94","0.259","0.543","0.379",33.5,23.4,19.5,"0.241","0.523","0.366",41.7
"Mize, Casey",663554,"DET","SI","Sinker",0.5,1,"297",12.6,"94","0.264","0.437","0.331",11.8,9.6,18.4,"0.264","0.452","0.317",43.2
"Gomber, Austin",596295,"COL","FF","4-Seam Fastball",-4.2,-14,"340",34,"94","0.395","0.826","0.535",8,5.3,6.2,"0.311","0.695","0.439",45.1
"Peterson, David",656849,"NYM","CU","Curveball",1.3,5,"370",13.7,"93","0.171","0.268","0.261",30.5,26.9,22.9,"0.226","0.356","0.299",43.1
"Mears, Nick",683232,"MIL","SL","Slider",2.1,8,"358",42.4,"93","0.141","0.282","0.203",38.4,31.2,24.8,"0.18","0.348","0.246",30.5
"Leahy, Kyle",681517,"STL","FF","4-Seam Fastball",0.9,4,"408",30.2,"93","0.237","0.388","0.32",22,25.8,23.8,"0.243","0.451","0.344",52.6
"Alexander, Tyler",641302,"CWS","ST","Sweeper",-0.5,-2,"355",22.4,"93","0.315","0.393","0.33",25.6,16.1,13.4,"0.311","0.43","0.33",30.7
"Bradley, Taj",671737,"MIN","FS","Split-Finger",-1.1,-4,"344",15.1,"93","0.259","0.412","0.32",23.4,18.3,16,"0.216","0.374","0.269",33.8
"Latz, Jacob",656641,"TEX","CH","Changeup",-1.3,-4,"324",23.3,"93","0.306","0.471","0.37",41,22.6,21.6,"0.287","0.432","0.343",37.5
"Smith-Shawver, AJ",700363,"ATL","FF","4-Seam Fastball",0.4,1,"332",46.7,"92","0.278","0.392","0.359",17,8.7,13.8,"0.387","0.667","0.481",63.9
"Ortiz, Luis",682847,"CLE","SL","Slider",-0.6,-3,"389",25.9,"92","0.205","0.398","0.304",39.5,31.5,19.1,"0.21","0.434","0.304",47.3
"May, Dustin",669160,"BOS","FF","4-Seam Fastball",-0.3,-1,"361",16.6,"92","0.165","0.354","0.285",25,29.3,16.9,"0.185","0.369","0.298",44.2
"Wheeler, Zack",554430,"PHI","ST","Sweeper",2.6,9,"356",14.9,"92","0.146","0.225","0.177",42.2,40.2,28.5,"0.182","0.292","0.219",26.9
"Taillon, Jameson",592791,"CHC","ST","Sweeper",-2.8,-9,"308",15.6,"92","0.273","0.557","0.37",30.3,22.8,14.2,"0.207","0.368","0.259",20.6
"Alvarado, Elvis",665660,"ATH","FF","4-Seam Fastball",0.5,2,"372",48.6,"91","0.164","0.301","0.307",39.7,34.1,25.6,"0.173","0.304","0.301",38.1
"Holton, Tyler",663947,"DET","FC","Cutter",1.1,4,"350",30.2,"91","0.259","0.444","0.331",17.5,14.3,16.9,"0.272","0.453","0.329",41.7
"Wilson, Justin",458677,"BOS","SL","Slider",-0.5,-1,"272",33.3,"91","0.264","0.333","0.302",34.5,31.9,23.2,"0.237","0.305","0.254",36.2
"Doval, Camilo",666808,"NYY","FC","Cutter",0.2,1,"439",39.8,"91","0.236","0.347","0.344",16.5,11,11.8,"0.271","0.444","0.377",43.8
"Cannon, Jonathan",686563,"CWS","FF","4-Seam Fastball",-0.5,-2,"325",18.1,"91","0.228","0.354","0.312",24.7,27.5,15.9,"0.215","0.343","0.292",40
"Banks, Tanner",621383,"PHI","SL","Slider",1.9,7,"386",35.6,"91","0.216","0.341","0.264",22.6,22,20,"0.262","0.406","0.3",33.8
"Rolison, Ryan",669020,"COL","FF","4-Seam Fastball",-2.3,-7,"315",46.6,"91","0.307","0.56","0.439",16.8,12.1,15.5,"0.284","0.504","0.396",41.5
"Festa, Matt",670036,"CLE","FF","4-Seam Fastball",-0.6,-2,"323",39.5,"91","0.266","0.367","0.34",28.7,19.8,24,"0.278","0.409","0.346",41.3
"Duran, Jhoan",661395,"PHI","FF","4-Seam Fastball",1.6,6,"377",35.1,"90","0.225","0.3","0.274",32.9,32.2,26.1,"0.23","0.317","0.282",46.2
"Schreiber, John",670167,"KC","FF","4-Seam Fastball",-0.1,0,"331",31.6,"90","0.238","0.429","0.311",35.5,40,24.8,"0.218","0.397","0.29",43.8
"Bender, Anthony",669622,"MIA","ST","Sweeper",3,11,"360",46,"90","0.093","0.14","0.147",27.2,28.9,22.8,"0.145","0.255","0.193",40
"Parker, Mitchell",680730,"WSH","SL","Slider",-0.4,-1,"326",12.1,"90","0.258","0.449","0.301",35.3,30,20.8,"0.231","0.36","0.251",36.5
"Seymour, Ian",693855,"TB","CH","Changeup",1.2,4,"314",31.6,"90","0.186","0.244","0.223",35.3,35.6,23.7,"0.222","0.342","0.272",32.7
"Molina, Anthony",683627,"COL","FF","4-Seam Fastball",-4,-11,"270",44.4,"90","0.393","0.726","0.482",13.6,12.2,15.5,"0.348","0.674","0.442",59.5
"King, Michael",650633,"SD","CH","Changeup",2.3,6,"261",21.4,"90","0.181","0.229","0.213",28.7,21.1,24.1,"0.201","0.313","0.252",27.7
"Hoffman, Jeff",656546,"TOR","FS","Split-Finger",-0.3,-1,"268",23.8,"90","0.235","0.365","0.293",31.8,27.8,22.3,"0.179","0.268","0.219",26.7
"Brazobán, Huascar",623211,"NYM","SI","Sinker",1.7,6,"378",37.4,"90","0.263","0.303","0.316",13.3,10,17,"0.27","0.34","0.33",36.6
"Ortiz, Luis",682847,"CLE","SI","Sinker",2.4,7,"293",19.5,"90","0.241","0.277","0.3",12.8,14.4,28.3,"0.272","0.364","0.309",50
"Finnegan, Kyle",640448,"DET","FS","Split-Finger",1,3,"314",37.1,"90","0.217","0.325","0.257",37.3,34.4,28.2,"0.216","0.287","0.243",42.6
"Knack, Landon",689017,"LAD","FF","4-Seam Fastball",-0.5,-2,"375",48.5,"90","0.276","0.579","0.412",15.4,17.8,15.5,"0.268","0.579","0.407",51.7
"Lord, Brad",695418,"WSH","CH","Changeup",0.2,0,"278",13.1,"90","0.212","0.353","0.277",19,17.8,15.5,"0.254","0.43","0.314",34.8
"Suarez, Ranger",624133,"PHI","FF","4-Seam Fastball",-0.4,-1,"352",14.5,"90","0.278","0.392","0.33",20.8,28.9,21.8,"0.236","0.406","0.314",36.4
"Zerpa, Angel",672582,"KC","SL","Slider",-1,-3,"351",31.9,"90","0.217","0.434","0.315",21.1,25.6,18.9,"0.235","0.443","0.307",43.5
"Herrin, Tim",682120,"CLE","CU","Curveball",1.2,4,"295",39.3,"89","0.137","0.205","0.239",43.2,38.2,25.4,"0.121","0.196","0.233",22.5
"Kershaw, Clayton",477132,"LAD","CU","Curveball",0.3,1,"317",17.9,"89","0.163","0.256","0.19",38.4,34.8,21.7,"0.198","0.336","0.238",32.1
"Wrobleski, Justin",680736,"LAD","FF","4-Seam Fastball",0.1,0,"312",28.6,"89","0.218","0.321","0.267",35.2,44.9,26.3,"0.204","0.333","0.27",41.5
"Eovaldi, Nathan",543135,"TEX","FC","Cutter",3.4,13,"385",20.1,"89","0.174","0.256","0.203",20,23.6,26.3,"0.219","0.387","0.273",38.5
"Enns, Dietrich",608650,"BAL","FF","4-Seam Fastball",1.3,4,"340",45.9,"89","0.22","0.39","0.299",30.5,36,29.6,"0.199","0.334","0.26",35.3
"Zeferjahn, Ryan",666171,"LAA","FF","4-Seam Fastball",-1,-3,"324",31.5,"89","0.273","0.442","0.356",23.2,30.3,20.6,"0.204","0.369","0.299",33.3
"Leiter Jr., Mark",643410,"NYY","FS","Split-Finger",-1.4,-4,"254",30.5,"89","0.232","0.329","0.3",42.8,40.4,23.2,"0.178","0.296","0.241",34.8
"Rodriguez, Eduardo",593958,"AZ","FC","Cutter",1,4,"403",15.6,"88","0.259","0.444","0.339",21.7,17,23.1,"0.263","0.473","0.338",29.9
"Rodríguez, Randy",678495,"SF","FF","4-Seam Fastball",1.3,6,"448",55.4,"88","0.163","0.225","0.222",28.6,34.1,22.4,"0.18","0.28","0.242",37.3
"Bergert, Ryan",686701,"KC","SL","Slider",0.5,2,"325",24.8,"88","0.222","0.346","0.291",33.6,27.3,20.9,"0.234","0.385","0.299",28.1
"Liberatore, Matthew",669461,"STL","SI","Sinker",-1,-3,"281",11.8,"88","0.303","0.513","0.386",6.4,12.5,15.5,"0.315","0.591","0.418",58.2
"Skenes, Paul",694973,"PIT","CH","Changeup",2.8,9,"326",10.9,"88","0.103","0.126","0.108",43.9,50,21.7,"0.116","0.153","0.123",11.6
"McGreevy, Michael",700241,"STL","FF","4-Seam Fastball",-1,-4,"373",25.5,"88","0.311","0.514","0.401",23.8,19.3,17.5,"0.302","0.556","0.408",56.9
"Cannon, Jonathan",686563,"CWS","FC","Cutter",-0.3,-1,"418",23.3,"88","0.263","0.513","0.378",26.1,18.2,25.4,"0.283","0.541","0.395",46.7
"Sands, Cole",663485,"MIN","FF","4-Seam Fastball",-1.4,-4,"304",26.6,"87","0.286","0.545","0.382",22.1,31,25.7,"0.228","0.459","0.327",49.1
"Hendricks, Kyle",543294,"LAA","FF","4-Seam Fastball",0.2,1,"385",15,"87","0.216","0.459","0.337",21.5,26.4,19,"0.201","0.419","0.32",36.5
"Miller, Bryce",682243,"SEA","FS","Split-Finger",-0.7,-2,"289",18.7,"87","0.241","0.434","0.305",28.3,26.4,16.9,"0.256","0.393","0.297",43.3
"Henriquez, Ronny",678692,"MIA","ST","Sweeper",2.1,7,"328",28.3,"87","0.181","0.277","0.209",47.3,37.9,29.2,"0.176","0.328","0.215",39.6
"Waldrep, Hurston",694462,"ATL","FS","Split-Finger",0.9,3,"279",32.4,"87","0.15","0.225","0.205",45.4,48.3,26.4,"0.162","0.259","0.222",31.6
"Anderson, Grant",681982,"MIL","FF","4-Seam Fastball",1.1,4,"382",33,"87","0.133","0.28","0.246",38.5,47.1,24.4,"0.128","0.226","0.226",32.4
"Brogdon, Connor",641401,"LAA","CH","Changeup",-1,-4,"352",41.9,"87","0.28","0.488","0.348",32.5,23,14.7,"0.22","0.391","0.284",35.5
"Rocker, Kumar",677958,"TEX","SI","Sinker",-0.2,0,"293",26,"87","0.247","0.342","0.338",11.1,8,10.9,"0.316","0.487","0.402",51.5
"Houser, Adrian",605288,"TB","CH","Changeup",-0.7,-2,"289",15.3,"87","0.234","0.351","0.298",35.1,27.6,22.4,"0.276","0.405","0.331",30.9
"Montero, Rafael",606160,"DET","FF","4-Seam Fastball",0.1,0,"442",40.6,"87","0.239","0.394","0.352",24.4,19.5,12.8,"0.253","0.47","0.379",61.8
"Manaea, Sean",640455,"NYM","ST","Sweeper",-1.1,-4,"371",33.9,"87","0.211","0.461","0.328",35.3,32.2,21.1,"0.2","0.352","0.289",38
"Kerkering, Orion",689147,"PHI","FF","4-Seam Fastball",0.9,3,"356",33.2,"87","0.197","0.296","0.286",27.3,31,19.6,"0.193","0.271","0.287",32.6
"Buehler, Walker",621111,"PHI","SL","Slider",-0.5,-2,"323",14.8,"87","0.299","0.403","0.356",21.2,11.5,9.1,"0.285","0.447","0.359",32.8
"Fried, Max",608331,"NYY","CH","Changeup",0.6,2,"340",10.9,"87","0.207","0.268","0.25",28.8,18.4,14.5,"0.23","0.324","0.267",28.8
"Olson, Reese",681857,"DET","SI","Sinker",-0.4,-1,"315",27.2,"86","0.31","0.366","0.379",2.6,7,9.7,"0.294","0.438","0.38",49.2
"Rea, Colin",607067,"CHC","CH","Changeup",-2.2,-7,"306",12.1,"86","0.297","0.459","0.375",32.5,24.4,17.6,"0.276","0.459","0.364",40.7
"Kremer, Dean",665152,"BAL","CU","Curveball",-0.6,-2,"344",12.8,"86","0.284","0.519","0.345",23.6,12.8,13.1,"0.296","0.557","0.37",33.3
"Lauer, Eric",641778,"TOR","FC","Cutter",-0.7,-3,"352",20.9,"86","0.282","0.603","0.401",25.7,22.1,21.3,"0.304","0.568","0.4",44.1
"Weathers, Ryan",677960,"MIA","FF","4-Seam Fastball",-0.9,-3,"291",45.3,"86","0.253","0.44","0.367",18.4,15.1,15.7,"0.253","0.446","0.336",45.3
"Gore, MacKenzie",669022,"WSH","SL","Slider",1.4,5,"338",12,"86","0.19","0.298","0.221",40.3,37.2,24.2,"0.199","0.324","0.235",32.7
"Garcia, Robert",676395,"TEX","SL","Slider",0.1,0,"261",26.9,"86","0.287","0.438","0.34",21.8,18.6,21.3,"0.291","0.505","0.363",29.7
"Enright, Nic",663671,"CLE","FF","4-Seam Fastball",1,4,"353",66.4,"86","0.227","0.307","0.293",18.8,16.3,14,"0.263","0.434","0.348",44.3
"Baz, Shane",669358,"TB","CH","Changeup",-0.2,-1,"311",11.4,"86","0.215","0.405","0.301",27.8,12.8,13.6,"0.204","0.331","0.259",23.2
"Hader, Josh",623352,"HOU","SL","Slider",2.4,9,"351",41.4,"86","0.16","0.259","0.204",55.2,47.7,30.6,"0.139","0.208","0.175",29.3
"Chivilli, Angel",683409,"COL","CH","Changeup",-0.7,-3,"374",36.6,"86","0.225","0.4","0.307",42.6,25.6,17.9,"0.204","0.368","0.274",27.6
"Kochanowicz, Jack",686799,"LAA","FF","4-Seam Fastball",-0.9,-3,"347",18.7,"86","0.23","0.392","0.337",25.3,23.3,16,"0.264","0.525","0.383",51.9
"Pérez, Eury",691587,"MIA","SL","Slider",0.5,2,"366",21.9,"86","0.169","0.286","0.268",41,32.6,22.2,"0.169","0.257","0.245",40.8
"Ferguson, Caleb",657571,"SEA","FF","4-Seam Fastball",-0.2,-1,"325",31.2,"86","0.284","0.419","0.342",21.6,23.3,17.7,"0.214","0.344","0.286",31.6
"Santana, Dennis",642701,"PIT","FF","4-Seam Fastball",3,9,"287",28.6,"86","0.151","0.274","0.234",14.9,11.6,14.7,"0.243","0.541","0.361",39.4
"Skenes, Paul",694973,"PIT","SI","Sinker",1.8,6,"312",10.4,"85","0.22","0.293","0.254",16.7,14.1,14.8,"0.262","0.359","0.284",48.6
"Alexander, Tyler",641302,"CWS","SI","Sinker",2,6,"291",18.4,"85","0.234","0.403","0.298",12.9,20,27,"0.224","0.32","0.27",29
"Houck, Tanner",656557,"BOS","SI","Sinker",-0.1,0,"298",39.8,"85","0.253","0.533","0.376",15.3,11.8,19.2,"0.261","0.534","0.373",47
"Mejia, Juan",675848,"COL","ST","Sweeper",-1.3,-5,"352",32.8,"85","0.25","0.5","0.321",34.3,32.9,21.4,"0.22","0.351","0.259",38.9
"Festa, Matt",670036,"CLE","ST","Sweeper",1.5,5,"312",38.2,"85","0.145","0.237","0.207",27,27.1,21.1,"0.168","0.26","0.222",22.4
"Anderson, Grant",681982,"MIL","SI","Sinker",-1.5,-4,"290",25,"85","0.342","0.452","0.423",10.7,5.9,11.4,"0.375","0.521","0.424",45.7
"Fairbanks, Pete",664126,"TB","SL","Slider",0,0,"394",39.9,"85","0.173","0.432","0.292",30.8,30.6,19.5,"0.193","0.352","0.252",29.1
"Cleavinger, Garrett",664076,"TB","SL","Slider",0.9,3,"339",38.8,"85","0.195","0.364","0.283",36.7,30.6,24.8,"0.215","0.37","0.291",39.2
"Mikolas, Miles",571945,"STL","CH","Changeup",0.1,0,"285",11.5,"85","0.259","0.407","0.316",13.1,3.5,5.3,"0.297","0.503","0.355",39.7
"Armstrong, Shawn",542888,"TEX","SI","Sinker",2.6,7,"264",23.6,"84","0.176","0.23","0.226",9.8,21.4,19.8,"0.238","0.358","0.295",34.5
"Coulombe, Danny",543056,"TEX","FC","Cutter",2,6,"285",39.6,"84","0.203","0.311","0.273",36.3,32.1,26.7,"0.218","0.347","0.292",35.4
"Iglesias, Raisel",628452,"ATL","CH","Changeup",-0.8,-2,"267",27.7,"84","0.28","0.415","0.313",41.3,29.8,25.3,"0.213","0.319","0.24",28.1
"Ginn, J.T.",669372,"ATH","SL","Slider",-1.2,-5,"406",25.8,"84","0.25","0.537","0.349",38.3,36.9,23.7,"0.202","0.399","0.266",40
"Stewart, Brock",592779,"LAD","FF","4-Seam Fastball",2.1,7,"332",54.4,"84","0.221","0.325","0.27",33,34.5,28.2,"0.203","0.346","0.268",40.8
"Gordon, Tanner",685299,"COL","SL","Slider",-2.7,-9,"319",25.6,"84","0.321","0.519","0.387",19.2,11.9,9.4,"0.306","0.483","0.35",26.8
"Luzardo, Jesús",666200,"PHI","SI","Sinker",-0.3,-1,"325",10.8,"84","0.397","0.577","0.455",18.2,4.8,14.8,"0.331","0.514","0.379",49.3
"Peralta, Luis",678821,"COL","FF","4-Seam Fastball",-2.5,-8,"308",70.6,"84","0.323","0.631","0.483",15.8,15.5,12.9,"0.32","0.607","0.461",50.9
"Martin, Davis",663436,"CWS","SI","Sinker",0.3,1,"242",10.5,"84","0.356","0.521","0.405",7.6,4.8,9.5,"0.363","0.587","0.443",54.9
"Civale, Aaron",650644,"CHC","CU","Curveball",0.2,1,"330",18.9,"83","0.244","0.397","0.305",26.6,28.9,20.9,"0.225","0.369","0.275",45.5
"Leiter, Jack",683004,"TEX","SI","Sinker",0.1,0,"310",12,"83","0.329","0.474","0.377",12.8,8.4,18.4,"0.336","0.588","0.418",44.9
"Montero, Keider",672456,"DET","SI","Sinker",1.4,4,"293",19.9,"83","0.257","0.284","0.301",8.7,18.1,24.6,"0.234","0.275","0.274",39
"Yates, Kirby",489446,"LAD","FS","Split-Finger",-2,-7,"322",42.3,"83","0.267","0.52","0.366",35.3,27.7,19.2,"0.263","0.401","0.324",44.2
"Kolek, Stephen",663568,"KC","SL","Slider",-0.1,0,"279",16.5,"83","0.237","0.375","0.295",21.3,18.1,15.5,"0.296","0.4","0.312",49.3
"Skubal, Tarik",669373,"DET","SL","Slider",1.6,6,"356",12.5,"83","0.208","0.364","0.267",25.5,21.7,20.2,"0.241","0.366","0.289",35
"Bautista, Félix",642585,"BAL","SI","Sinker",0.5,2,"387",61.8,"83","0.145","0.323","0.323",27.9,27.7,25,"0.151","0.321","0.324",56.4
"Sousa, Bennett",656986,"HOU","FF","4-Seam Fastball",-0.1,0,"295",40.5,"83","0.282","0.408","0.34",17.3,9.6,14.8,"0.295","0.445","0.367",34.8
"Ray, Robbie",592662,"SF","CH","Changeup",-0.2,-1,"399",13,"83","0.233","0.37","0.31",39.2,19.3,16.3,"0.245","0.377","0.32",37.9
"De los Santos, Yerry",660787,"NYY","SI","Sinker",1.7,5,"306",51.9,"83","0.239","0.282","0.307",10.8,12,16.9,"0.273","0.36","0.323",44.4
"Canning, Griffin",656288,"NYM","FF","4-Seam Fastball",-0.3,-2,"471",35.1,"83","0.25","0.458","0.349",19.3,26.5,18,"0.245","0.54","0.374",56.9
"Senzatela, Antonio",622608,"COL","CU","Curveball",-0.4,-1,"339",14.8,"83","0.244","0.39","0.277",28.3,21.7,16.1,"0.261","0.46","0.309",48.4
"Paddack, Chris",663978,"DET","FC","Cutter",-1.1,-4,"357",13.9,"82","0.25","0.579","0.373",24.3,19.5,15,"0.274","0.525","0.362",47.5
"Vesia, Alex",681911,"LAD","SL","Slider",0.8,3,"372",36.4,"82","0.183","0.38","0.282",37,32.9,18.8,"0.201","0.369","0.297",37
"Leiter Jr., Mark",643410,"NYY","SI","Sinker",-0.6,-2,"321",38.6,"82","0.373","0.587","0.445",8.8,8.5,20.6,"0.311","0.466","0.365",37.7
"Pilkington, Konnor",663455,"WSH","FF","4-Seam Fastball",1.1,3,"295",59,"82","0.2","0.369","0.32",20.9,24.4,29.4,"0.263","0.545","0.403",44.7
"Woo, Bryan",693433,"SEA","SL","Slider",0.2,1,"299",11,"82","0.182","0.429","0.295",37.6,35.4,25.2,"0.226","0.464","0.315",60.4
"Rea, Colin",607067,"CHC","SI","Sinker",0.9,2,"268",10.6,"82","0.23","0.338","0.273",12,13.4,14.3,"0.263","0.435","0.335",38.5
"Heaney, Andrew",571760,"LAD","SL","Slider",-2.3,-8,"346",16.6,"82","0.276","0.566","0.37",30.2,25.6,16.4,"0.248","0.403","0.301",37.5
"Hancock, Emerson",676106,"SEA","FF","4-Seam Fastball",1,4,"382",26.8,"82","0.197","0.368","0.268",23.3,23.2,13.7,"0.256","0.458","0.327",39.7
"Taylor, Grant",691799,"CWS","FF","4-Seam Fastball",0.6,2,"338",55.4,"82","0.268","0.282","0.297",32.1,40.2,31.7,"0.199","0.286","0.263",52.5
"Henriquez, Ronny",678692,"MIA","SL","Slider",2.8,7,"270",23.3,"82","0.145","0.29","0.267",39.6,36.6,33.7,"0.126","0.247","0.243",37.5
"Montero, Keider",672456,"DET","SL","Slider",-3.1,-10,"323",21.9,"82","0.308","0.667","0.44",36.7,26.8,20.6,"0.255","0.496","0.33",43.9
"Nola, Aaron",605400,"PHI","SI","Sinker",-0.7,-2,"279",17.8,"81","0.297","0.446","0.365",10.3,25.9,23.6,"0.263","0.382","0.315",52.8
"Nelson, Ryne",669194,"AZ","SL","Slider",0,0,"353",14.3,"81","0.228","0.38","0.264",32.4,25.9,17.9,"0.23","0.347","0.251",44.1
"Junis, Jakob",596001,"CLE","SI","Sinker",-1.1,-3,"277",26.8,"81","0.353","0.471","0.411",10.3,9.9,11.8,"0.358","0.549","0.435",44.3
"Brown, Hunter",686613,"HOU","SL","Slider",1.2,3,"252",8.5,"81","0.188","0.338","0.229",27.7,25.9,28,"0.247","0.432","0.293",33.9
"Wacha, Michael",608379,"KC","SL","Slider",-0.4,-1,"324",12.2,"81","0.263","0.487","0.339",28.9,16,15.5,"0.263","0.492","0.33",30.8
"Fermin, José",820862,"LAA","SL","Slider",0.2,1,"317",49.1,"81","0.134","0.284","0.288",44.5,33.3,25,"0.135","0.273","0.262",40
"Lucchesi, Joey",664192,"SF","SI","Sinker",0.9,3,"304",48.1,"81","0.257","0.386","0.348",16.4,12.3,15.2,"0.254","0.413","0.332",33.9
"Barlow, Scott",605130,"CIN","ST","Sweeper",1.4,5,"362",28.5,"81","0.167","0.236","0.227",39.4,33.3,22.1,"0.192","0.269","0.24",19.1
"Cameron, Noah",702070,"KC","SL","Slider",2.2,7,"306",14.1,"81","0.205","0.256","0.233",31.1,27.2,22.9,"0.223","0.333","0.256",41.1
"Henriquez, Ronny",678692,"MIA","FF","4-Seam Fastball",-0.1,0,"343",29.6,"81","0.236","0.431","0.32",20.5,28.4,22.5,"0.21","0.447","0.315",54
"Chapman, Aroldis",547973,"BOS","SI","Sinker",2.3,7,"311",33.9,"81","0.104","0.208","0.151",35.5,45.7,23.6,"0.151","0.252","0.193",39
"Beeks, Jalen",656222,"AZ","CH","Changeup",3,10,"345",37.7,"81","0.067","0.08","0.112",35.2,25.9,18.1,"0.164","0.242","0.214",20.4
"Civale, Aaron",650644,"CHC","SI","Sinker",-1.1,-3,"293",16.8,"81","0.278","0.486","0.369",15.4,13.6,13.6,"0.237","0.455","0.328",43.5
"Strahm, Matt",621381,"PHI","SL","Slider",2.4,8,"318",32,"81","0.12","0.24","0.173",30,30.9,19.5,"0.132","0.191","0.164",28.8
"Brogdon, Connor",641401,"LAA","FF","4-Seam Fastball",-0.5,-2,"352",41.9,"81","0.225","0.521","0.348",27.4,35.8,22,"0.192","0.437","0.297",42.2
"Adam, Jason",592094,"SD","SL","Slider",1.2,5,"382",35.1,"81","0.28","0.36","0.329",40,29.6,30.8,"0.241","0.384","0.291",34.6
"Roupp, Landen",694738,"SF","CH","Changeup",0.2,1,"315",17,"80","0.192","0.288","0.253",28.7,23.8,14.5,"0.228","0.388","0.293",41.8
"Casparius, Ben",676508,"LAD","FC","Cutter",2.9,8,"276",21.9,"80","0.257","0.297","0.279",19,6.3,12.5,"0.265","0.333","0.294",21.7
"Fluharty, Mason",689254,"TOR","ST","Sweeper",0.8,3,"358",41.7,"80","0.208","0.403","0.286",37.3,27.5,18.6,"0.189","0.357","0.247",27.3
"Fisher, Braydon",680755,"TOR","SL","Slider",2.1,7,"319",38.3,"80","0.188","0.232","0.253",32.1,27.5,21.2,"0.202","0.288","0.269",32.7
"Melton, Troy",675512,"DET","FF","4-Seam Fastball",1.6,4,"274",41.8,"80","0.162","0.279","0.282",28.8,27.5,32.4,"0.18","0.337","0.284",44.7
"Sears, JP",676664,"SD","CH","Changeup",-1.1,-4,"354",15,"80","0.269","0.5","0.353",19.7,7.5,10.5,"0.276","0.46","0.317",30.1
"Cruz, Steven",674444,"KC","FF","4-Seam Fastball",-1.1,-3,"322",50.2,"80","0.239","0.433","0.353",27.1,22.5,21.4,"0.221","0.42","0.34",46.9
"Ryan, Joe",657746,"MIN","ST","Sweeper",0,0,"367",13.1,"80","0.192","0.356","0.258",34.2,33.8,19,"0.173","0.28","0.231",28.6
"McGreevy, Michael",700241,"STL","ST","Sweeper",-1,-3,"296",20.2,"80","0.263","0.434","0.318",26,17.5,13,"0.267","0.425","0.315",35.5
"Sugano, Tomoyuki",608372,"BAL","FC","Cutter",0.3,1,"308",12,"80","0.257","0.486","0.344",11.5,3.8,7.9,"0.327","0.646","0.431",39.4
"Glasnow, Tyler",607192,"LAD","CU","Curveball",1.5,5,"324",21.9,"80","0.104","0.143","0.121",44.6,55,27.7,"0.134","0.2","0.169",17.1
"Rocker, Kumar",677958,"TEX","FC","Cutter",-0.3,-1,"286",25.4,"79","0.264","0.375","0.306",35.8,31.6,24.5,"0.221","0.369","0.288",35.4
"Holton, Tyler",663947,"DET","SI","Sinker",4.3,11,"253",21.8,"79","0.153","0.194","0.182",12.9,13.9,21.2,"0.249","0.378","0.286",40
"Holmes, Grant",656550,"ATL","CU","Curveball",0.5,1,"299",15.2,"79","0.179","0.239","0.253",33.1,35.4,19,"0.192","0.267","0.278",27.5
"Chapman, Aroldis",547973,"BOS","FF","4-Seam Fastball",2.5,9,"365",39.8,"79","0.171","0.229","0.258",28.7,17.7,19.2,"0.232","0.378","0.31",32.1
"Burrows, Mike",681347,"PIT","SL","Slider",0.3,1,"300",19.5,"79","0.203","0.392","0.279",26.8,24.1,22.4,"0.224","0.417","0.298",38.2
"Baker, Bryan",641329,"TB","CH","Changeup",1.9,6,"307",27.9,"79","0.128","0.244","0.155",36.7,41.8,23.7,"0.175","0.291","0.197",23.9
"Verlander, Justin",434378,"SF","CU","Curveball",-1.2,-5,"381",14.6,"79","0.384","0.493","0.422",26.6,17.7,16.7,"0.297","0.427","0.332",35
"Warren, Will",701542,"NYY","CH","Changeup",-1.8,-5,"275",9.8,"79","0.197","0.38","0.301",31.7,25.3,19,"0.236","0.381","0.308",41.2
"Lorenzen, Michael",547179,"KC","SL","Slider",0.6,2,"277",11.9,"79","0.237","0.5","0.315",25.3,24.1,23.5,"0.265","0.484","0.323",39.7
"Rogers, Trevor",669432,"BAL","SI","Sinker",-0.2,0,"242",14.9,"79","0.296","0.38","0.349",9.7,15.2,17.1,"0.34","0.512","0.4",57.6
"Gordon, Tanner",685299,"COL","CH","Changeup",-2.1,-6,"263",21.1,"79","0.299","0.545","0.383",25.8,17.7,20.3,"0.293","0.528","0.357",36.5
"Quintana, Jose",500779,"MIL","CU","Curveball",1,3,"298",13.7,"79","0.192","0.315","0.256",20.9,12.7,10.1,"0.313","0.578","0.391",43.8
"Loáisiga, Jonathan",642528,"NYY","SI","Sinker",-1.1,-3,"270",57.8,"79","0.3","0.5","0.394",25.5,19,27.3,"0.245","0.362","0.31",49.1
"Houser, Adrian",605288,"TB","SL","Slider",-0.8,-2,"292",15.4,"78","0.267","0.4","0.345",20.1,17.9,14.4,"0.228","0.372","0.267",41.9
"Sands, Cole",663485,"MIN","FS","Split-Finger",3,7,"247",21.6,"78","0.145","0.184","0.163",20.7,16.7,11.7,"0.225","0.331","0.244",40.6
"Hamilton, Ian",641656,"NYY","SI","Sinker",0.7,2,"314",49,"78","0.246","0.361","0.358",12.6,7.7,11.8,"0.316","0.456","0.409",35.7
"Vargas, Carlos",672841,"SEA","SL","Slider",-0.3,-1,"204",18.6,"78","0.205","0.425","0.274",26.9,24.4,23.2,"0.206","0.322","0.24",23.2
"Rutledge, Jackson",671131,"WSH","SL","Slider",0.4,1,"351",26.2,"78","0.194","0.25","0.245",40.1,34.6,19.6,"0.199","0.282","0.245",40
"Singer, Brady",663903,"CIN","ST","Sweeper",-0.2,-1,"316",11.1,"78","0.208","0.389","0.29",34.9,26.9,20.8,"0.204","0.365","0.269",34.6
"Pérez, Martín",527048,"CWS","SI","Sinker",2.5,7,"280",31,"78","0.171","0.271","0.254",12.1,14.1,19.6,"0.246","0.484","0.348",35.6
"Sabrowski, Erik",681870,"CLE","FF","4-Seam Fastball",1.7,6,"342",68,"78","0.1","0.183","0.254",36.1,38.5,28.3,"0.122","0.218","0.273",40
"Jobe, Jackson",695549,"DET","SL","Slider",0.2,0,"268",30.6,"78","0.232","0.348","0.297",26.4,19.2,16.1,"0.21","0.396","0.302",38.2
"Latz, Jacob",656641,"TEX","SL","Slider",1.6,5,"290",20.9,"78","0.174","0.261","0.247",30.4,21.8,19.5,"0.197","0.279","0.261",30.8
"Rodriguez, Eduardo",593958,"AZ","SI","Sinker",-0.8,-2,"227",8.8,"78","0.275","0.435","0.337",15.3,19.2,21.7,"0.241","0.358","0.306",37.5
"Bummer, Aaron",607481,"ATL","SI","Sinker",0.9,3,"324",34.8,"78","0.271","0.357","0.323",10.3,10.3,16,"0.293","0.371","0.33",43.5
"Castillo, José",620454,"BAL","SL","Slider",-1.2,-3,"237",43.6,"78","0.31","0.423","0.358",25.9,21.8,16.8,"0.262","0.359","0.308",38.9
"Eovaldi, Nathan",543135,"TEX","CU","Curveball",1.5,6,"379",19.7,"78","0.096","0.178","0.177",43,39.7,22.3,"0.137","0.244","0.196",23.8
"Halvorsen, Seth",678020,"COL","FF","4-Seam Fastball",-0.4,-1,"346",54.4,"78","0.302","0.429","0.391",27.2,20.5,20.5,"0.252","0.37","0.347",52.1
"Erceg, Lucas",668674,"KC","SI","Sinker",2.1,5,"230",23.9,"78","0.243","0.3","0.279",8.4,11.5,15.5,"0.242","0.35","0.301",27.9
"Pressly, Ryan",519151,"CHC","FF","4-Seam Fastball",-1,-2,"243",36.8,"78","0.286","0.486","0.375",9.2,16.7,18.8,"0.287","0.482","0.362",56.9
"Cleavinger, Garrett",664076,"TB","SI","Sinker",0.3,1,"325",37.2,"78","0.226","0.435","0.357",26.5,12.8,21.7,"0.282","0.485","0.404",52.8
"Wentz, Joey",666214,"ATL","CU","Curveball",-0.9,-3,"323",17.8,"77","0.286","0.325","0.282",27.2,29.9,14,"0.249","0.316","0.245",29.6
"Pfaadt, Brandon",694297,"AZ","FC","Cutter",1.5,4,"267",9.2,"77","0.233","0.37","0.288",10.1,6.5,9.3,"0.238","0.398","0.287",30.4
"Smith, Shane",681343,"CWS","SL","Slider",-2.2,-6,"268",11.1,"77","0.254","0.465","0.358",22,19.5,16.1,"0.222","0.393","0.295",42.9
"Evans, Logan",688138,"SEA","ST","Sweeper",-0.4,-1,"315",23.5,"77","0.243","0.386","0.309",22.5,22.1,13.8,"0.278","0.465","0.351",43.4
"Wrobleski, Justin",680736,"LAD","SL","Slider",1.7,5,"271",24.8,"77","0.208","0.306","0.247",25.8,28.6,18.6,"0.196","0.264","0.226",43.1
"Smith-Shawver, AJ",700363,"ATL","FS","Split-Finger",2.1,5,"241",33.9,"77","0.143","0.171","0.19",39.7,42.9,25.8,"0.169","0.264","0.232",27
"Irvin, Jake",663623,"WSH","CH","Changeup",-3.6,-8,"228",7.7,"77","0.315","0.644","0.421",16.2,7.8,10.3,"0.296","0.543","0.362",48.5
"Mize, Casey",663554,"DET","SL","Slider",1,4,"384",16.3,"77","0.236","0.375","0.302",19.5,9.1,12.7,"0.227","0.35","0.276",32.3
"Herget, Jimmy",623474,"COL","SI","Sinker",0.4,2,"356",27.8,"77","0.288","0.333","0.347",10.9,6.5,35.7,"0.307","0.474","0.386",41
"Bird, Jake",656234,"NYY","ST","Sweeper",0.8,3,"388",40.5,"77","0.257","0.457","0.351",33.8,32.5,24.3,"0.184","0.321","0.259",33.3
"Garcia, Robert",676395,"TEX","CH","Changeup",1,3,"275",28.3,"77","0.203","0.297","0.25",32.4,23.4,20.5,"0.218","0.32","0.245",31.6
"Green, Chad",643338,"TOR","SL","Slider",-0.8,-3,"337",47.5,"76","0.229","0.457","0.322",24.5,17.1,12.4,"0.249","0.478","0.337",42.1
"Festa, David",701581,"MIN","FF","4-Seam Fastball",-1.4,-4,"278",31.5,"76","0.344","0.609","0.449",14.2,11.8,16.1,"0.308","0.566","0.418",46.4
"Elder, Bryce",693821,"ATL","CH","Changeup",-3.1,-8,"263",10.5,"76","0.261","0.478","0.326",17.3,11.8,10.3,"0.295","0.53","0.359",42.9
"Estrada, Jeremiah",669093,"SD","FS","Split-Finger",1.7,5,"287",23.2,"76","0.127","0.169","0.166",47.5,53.9,29.5,"0.109","0.136","0.146",23.3
"Yamamoto, Yoshinobu",808967,"LAD","FC","Cutter",2.1,7,"311",11.2,"76","0.243","0.4","0.304",20.7,11.8,20.9,"0.276","0.393","0.312",27.4
"Mey, Luis",682825,"CIN","SI","Sinker",0.6,2,"302",72.9,"76","0.19","0.31","0.32",20,17.1,16.7,"0.229","0.359","0.363",43.5
"Romero, JoJo",668941,"STL","SI","Sinker",0.4,1,"319",32.2,"76","0.306","0.387","0.396",13.5,5.3,9.3,"0.311","0.502","0.403",47.5
"Montgomery, Mason",682254,"TB","SL","Slider",-1.3,-4,"290",33.8,"76","0.23","0.392","0.298",43.4,38.2,25,"0.215","0.368","0.244",27.7
"Glasnow, Tyler",607192,"LAD","SI","Sinker",1,3,"292",19.7,"76","0.203","0.271","0.308",18,25,29.2,"0.239","0.332","0.339",58.5
"Backhus, Kyle",679775,"AZ","SI","Sinker",0.5,1,"273",63.5,"76","0.231","0.354","0.332",13.1,18.4,19.4,"0.262","0.363","0.312",40.7
"Wilson, Justin",458677,"BOS","FF","4-Seam Fastball",0.9,4,"382",46.8,"76","0.226","0.403","0.333",34.6,30.3,24,"0.223","0.458","0.348",36.6
"Armstrong, Shawn",542888,"TEX","FF","4-Seam Fastball",0.2,1,"323",28.9,"76","0.167","0.348","0.27",34.4,43.4,24.6,"0.174","0.333","0.271",47.1
"Dodd, Dylan",689266,"ATL","FC","Cutter",0,0,"289",53.9,"75","0.232","0.464","0.328",31.7,14.7,12.1,"0.267","0.455","0.335",50.8
"López, Pablo",641154,"MIN","CH","Changeup",-0.9,-2,"267",21.2,"75","0.243","0.414","0.309",27.1,21.3,14.2,"0.222","0.459","0.314",29.6
"Taillon, Jameson",592791,"CHC","FC","Cutter",-1.1,-3,"289",14.6,"75","0.282","0.634","0.399",14.4,8,10.9,"0.296","0.549","0.375",36.9
"Bradley, Taj",671737,"MIN","CU","Curveball",1.3,4,"335",14.7,"75","0.082","0.137","0.122",37.6,60,26.2,"0.092","0.148","0.118",28.6
"Kochanowicz, Jack",686799,"LAA","CH","Changeup",-2.9,-7,"261",14,"75","0.319","0.667","0.449",29.4,26.7,19.6,"0.266","0.515","0.358",53.1
"Akin, Keegan",669211,"BAL","CH","Changeup",2.7,6,"211",19.9,"75","0.103","0.162","0.171",26.3,24,20.5,"0.144","0.234","0.201",25.5
"Morillo, Juan",666661,"AZ","FF","4-Seam Fastball",-1.3,-4,"285",46.2,"75","0.288","0.424","0.381",25.9,29.3,19.3,"0.221","0.305","0.318",52.6
"Lee, Dylan",669276,"ATL","FF","4-Seam Fastball",-0.4,-1,"344",31.2,"75","0.314","0.571","0.39",19.1,24,15.5,"0.246","0.487","0.331",46.3
"King, Bryan",687911,"HOU","ST","Sweeper",-0.6,-2,"317",30.3,"75","0.254","0.388","0.305",26.2,25.3,17.3,"0.228","0.357","0.29",38.8
"Fedde, Erick",607200,"MIL","CH","Changeup",-1.3,-4,"281",11.9,"75","0.212","0.288","0.299",14,5.3,5.3,"0.302","0.408","0.354",38.7
"Stroman, Marcus",573186,"NYY","SI","Sinker",-0.7,-2,"257",36.5,"75","0.328","0.493","0.397",16.2,10.7,16,"0.315","0.564","0.406",61
"Weissert, Greg",669711,"BOS","SI","Sinker",1.1,3,"297",27.8,"75","0.262","0.338","0.337",14.2,10.7,25.8,"0.284","0.399","0.348",40.4
"Spence, Mitch",687765,"ATH","CU","Curveball",1.6,4,"238",17.6,"75","0.189","0.23","0.191",35.2,32,19,"0.217","0.299","0.23",30
"Milner, Hoby",571948,"TEX","ST","Sweeper",0.7,3,"406",35.1,"75","0.232","0.29","0.276",15.2,17.3,12.5,"0.232","0.413","0.293",31
"Leahy, Kyle",681517,"STL","SL","Slider",1.1,3,"283",21,"75","0.313","0.418","0.344",18.4,5.3,11.8,"0.35","0.488","0.402",37.9
"Weaver, Luke",596133,"NYY","CH","Changeup",1.6,5,"313",29.8,"75","0.129","0.257","0.198",43.9,36,21.4,"0.155","0.302","0.227",27.9
"Nola, Aaron",605400,"PHI","CH","Changeup",0.2,0,"242",15.4,"75","0.229","0.443","0.311",30.4,18.7,23.7,"0.241","0.375","0.292",41.1
"Alexander, Tyler",641302,"CWS","CH","Changeup",0,0,"254",16,"75","0.268","0.338","0.293",28.9,13.3,13.7,"0.316","0.41","0.336",44.3
"Clarke, Taylor",664199,"KC","SL","Slider",1.8,6,"344",39.8,"75","0.153","0.264","0.211",33.1,28,16.5,"0.188","0.302","0.229",27.5
"Walker, Taijuan",592836,"PHI","SL","Slider",-0.9,-2,"232",11.3,"74","0.271","0.4","0.329",22.9,21.6,14.3,"0.255","0.415","0.308",40.7
"Holmes, Grant",656550,"ATL","FC","Cutter",1,3,"297",15.1,"74","0.258","0.409","0.343",16.3,4.1,8.8,"0.307","0.451","0.366",38.1
"Estévez, Carlos",608032,"KC","SL","Slider",2,6,"322",30.9,"74","0.171","0.257","0.213",18.7,13.5,11.2,"0.265","0.419","0.314",36.7
"Parker, Mitchell",680730,"WSH","FS","Split-Finger",-1.2,-3,"284",10.5,"74","0.261","0.507","0.345",28.3,14.9,10.6,"0.309","0.579","0.391",44.1
"Ashcraft, Braxton",677952,"PIT","FF","4-Seam Fastball",-0.2,-1,"327",29.7,"74","0.323","0.462","0.373",19.3,16.2,16.9,"0.293","0.492","0.375",46.3
"Smith, Shane",681343,"CWS","SI","Sinker",1.3,4,"300",12.4,"74","0.246","0.354","0.329",16.8,8.1,13.6,"0.274","0.399","0.335",48.3
"Cabrera, Edward",665795,"MIA","FF","4-Seam Fastball",-2.7,-8,"292",13,"74","0.267","0.583","0.417",18.1,23,18.3,"0.298","0.661","0.453",65.9
"Maton, Phil",664208,"TEX","FC","Cutter",0.9,3,"363",36,"74","0.215","0.308","0.284",32.9,32.4,20.5,"0.195","0.29","0.267",46.3
"Richardson, Lyon",680689,"CIN","CH","Changeup",-2,-5,"273",40.5,"74","0.343","0.507","0.404",27.5,17.6,15.5,"0.298","0.475","0.362",48.2
"Mize, Casey",663554,"DET","SV","Slurve",-0.8,-2,"313",13.3,"74","0.232","0.391","0.299",30.1,39.2,19.1,"0.165","0.3","0.222",26.8
"Ferrer, José A.",678606,"WSH","CH","Changeup",-0.7,-2,"265",21.9,"74","0.221","0.324","0.276",47,39.2,25.4,"0.203","0.268","0.245",25
"Rogers, Tyler",643511,"NYM","SL","Slider",1.5,4,"249",25.5,"74","0.178","0.301","0.211",27.9,33.8,22.3,"0.188","0.262","0.201",20.8
"Smith, Cade",671922,"CLE","FS","Split-Finger",-0.5,-1,"251",21.2,"74","0.25","0.375","0.28",38.5,31.1,21.1,"0.256","0.324","0.264",34.7
"Holmes, Clay",605280,"NYM","SL","Slider",-1,-3,"295",10.7,"74","0.257","0.529","0.341",31,18.9,14,"0.278","0.579","0.374",42.1
"Crismatt, Nabil",622503,"AZ","CH","Changeup",-1.5,-3,"203",38,"74","0.264","0.444","0.338",33.3,25.7,25.3,"0.253","0.372","0.28",18.9
"Bachar, Lake",669199,"MIA","ST","Sweeper",0.5,2,"313",27.4,"74","0.209","0.299","0.259",28.9,25.7,22.6,"0.261","0.443","0.329",38
"Francis, Bowden",670102,"TOR","FS","Split-Finger",-2.5,-6,"256",22.4,"74","0.242","0.548","0.38",36.8,31.1,20.9,"0.25","0.524","0.377",47.5
"Banks, Tanner",621383,"PHI","FF","4-Seam Fastball",1.1,3,"231",21.3,"74","0.215","0.323","0.284",19,27,18.7,"0.209","0.338","0.284",34.8
"Lynch IV, Daniel",663738,"KC","SL","Slider",0.5,1,"318",29.2,"74","0.239","0.284","0.275",29.9,23,17,"0.229","0.347","0.29",52
"Beck, Tristan",663941,"SF","FF","4-Seam Fastball",0.4,1,"270",33,"74","0.215","0.308","0.287",19.8,20.3,20,"0.228","0.315","0.283",45.1
"Seymour, Carson",693313,"SF","SI","Sinker",0.1,0,"263",42.4,"74","0.246","0.492","0.38",13.9,12.2,19.1,"0.288","0.535","0.4",48.2
"Rodón, Carlos",607074,"NYY","SI","Sinker",1.4,4,"310",9.7,"73","0.203","0.234","0.247",28.8,16.4,19.4,"0.258","0.417","0.34",42.3
"Curtiss, John",595928,"AZ","FF","4-Seam Fastball",3,9,"291",53.4,"73","0.159","0.261","0.214",21.8,19.2,15.4,"0.239","0.449","0.307",50
"Buttó, José",676130,"SF","FF","4-Seam Fastball",0,0,"335",30.6,"73","0.286","0.429","0.376",29.7,17.8,19.7,"0.259","0.505","0.394",50
"Abel, Mick",690953,"MIN","FF","4-Seam Fastball",-0.8,-3,"303",42.1,"73","0.288","0.61","0.439",25.9,20.5,18.3,"0.273","0.57","0.42",43.2
"Cecconi, Slade",677944,"CLE","SI","Sinker",-0.3,-1,"226",11,"73","0.29","0.516","0.397",4.6,12.3,17,"0.308","0.518","0.403",43.4
"Hancock, Emerson",676106,"SEA","CH","Changeup",-2.5,-7,"291",20.4,"73","0.288","0.545","0.377",26.7,16.4,11.9,"0.294","0.543","0.381",32.7
"Elder, Bryce",693821,"ATL","FF","4-Seam Fastball",-0.1,0,"309",12.3,"73","0.292","0.369","0.326",18.4,23.3,19.3,"0.287","0.407","0.339",36.7
"Schwellenbach, Spencer",680885,"ATL","FS","Split-Finger",2,4,"218",13.9,"73","0.132","0.191","0.169",42,43.8,25.2,"0.195","0.267","0.226",37.8
"Woodruff, Brandon",605540,"MIL","SI","Sinker",1,3,"299",31,"72","0.262","0.462","0.347",19.1,15.3,24.4,"0.215","0.398","0.301",44.4
"Vásquez, Randy",681190,"SD","ST","Sweeper",-1.7,-5,"281",13.1,"72","0.217","0.377","0.3",25.2,19.4,13.5,"0.246","0.457","0.313",39.3
"Ray, Robbie",592662,"SF","CU","Curveball",-2.3,-9,"370",12.1,"72","0.323","0.554","0.418",36.3,23.6,20.2,"0.277","0.457","0.35",37.5
"Eflin, Zach",621107,"BAL","SI","Sinker",-1.8,-4,"205",18.2,"72","0.29","0.464","0.352",12.6,15.3,20,"0.255","0.421","0.305",44.8
"Akin, Keegan",669211,"BAL","SL","Slider",0.2,0,"304",28.7,"72","0.231","0.4","0.301",26.1,25,18.4,"0.238","0.47","0.328",39.6
"Boushley, Caleb",676961,"TEX","SI","Sinker",-1,-2,"207",27.9,"72","0.284","0.403","0.338",3.6,23.6,21.8,"0.285","0.475","0.35",54
"Cavalli, Cade",676917,"WSH","FF","4-Seam Fastball",0.5,1,"232",29.4,"72","0.22","0.407","0.335",25.4,22.2,23.2,"0.24","0.399","0.34",40.9
"Sterner, Justin",686993,"ATH","FC","Cutter",-0.6,-2,"351",32.1,"72","0.333","0.485","0.383",33.1,22.2,20,"0.268","0.393","0.318",38
"Imanaga, Shota",684007,"CHC","ST","Sweeper",2.4,8,"358",16.5,"72","0.143","0.2","0.164",34.4,40.3,26.6,"0.221","0.315","0.245",29.3
"Birdsong, Hayden",806185,"SF","SL","Slider",-0.8,-2,"291",24.4,"72","0.323","0.462","0.397",30.4,16.7,19,"0.251","0.434","0.324",38.9
"Castillo, Luis",622491,"SEA","CH","Changeup",-1,-4,"340",11.4,"72","0.294","0.397","0.336",23.6,12.5,8.3,"0.329","0.477","0.367",28.8
"Webb, Logan",657277,"SF","FF","4-Seam Fastball",0,0,"258",7.9,"72","0.152","0.242","0.203",33.6,55.6,20.2,"0.114","0.173","0.17",37
"Miller, Bryce",682243,"SEA","SI","Sinker",-1.1,-3,"254",16.5,"71","0.328","0.517","0.427",11.3,7,13.2,"0.331","0.547","0.426",63
"Blanco, Ronel",669854,"HOU","SL","Slider",2.4,6,"250",31.5,"71","0.179","0.269","0.221",42.4,35.2,25.3,"0.184","0.294","0.232",28.6
"Seymour, Ian",693855,"TB","FF","4-Seam Fastball",0.5,2,"317",31.9,"71","0.217","0.35","0.309",23.8,29.6,18.1,"0.232","0.401","0.332",45
"Hoffman, Jeff",656546,"TOR","SL","Slider",1.2,4,"337",29.9,"71","0.125","0.313","0.225",47.4,42.3,25,"0.157","0.308","0.243",38.9
"Liberatore, Matthew",669461,"STL","CH","Changeup",2.3,7,"291",12.2,"71","0.191","0.294","0.22",17.7,5.6,16.7,"0.279","0.498","0.344",38.5
"Santillan, Tony",663574,"CIN","SV","Slurve",-1.5,-4,"265",21.5,"71","0.238","0.365","0.335",39.5,32.4,20.7,"0.221","0.321","0.285",40
"Megill, Tylor",656731,"NYM","SI","Sinker",-1.3,-3,"241",19.5,"71","0.267","0.4","0.381",16.1,15.5,19.3,"0.253","0.428","0.339",47.1
"Smith, Shane",681343,"CWS","CU","Curveball",-2.9,-10,"353",14.6,"71","0.267","0.55","0.394",48.1,36.6,24.1,"0.274","0.499","0.38",62.9
"Salazar, Eduardo",674285,"WSH","SI","Sinker",-2.2,-5,"245",45,"71","0.373","0.542","0.476",9.6,5.6,12.9,"0.316","0.483","0.396",51.8
"Hurter, Brant",676428,"DET","ST","Sweeper",0.5,2,"332",31.6,"71","0.129","0.21","0.241",44.8,43.7,26.1,"0.124","0.164","0.198",22.6
"Chandler, Bubba",696149,"PIT","FF","4-Seam Fastball",-0.9,-2,"249",54,"71","0.292","0.492","0.384",30.8,25.4,29,"0.304","0.59","0.404",57.4
"Cortes, Nestor",641482,"SD","FF","4-Seam Fastball",-5.1,-12,"228",38.1,"70","0.362","0.828","0.531",19.4,15.7,18.3,"0.291","0.712","0.465",51.1
"Fisher, Braydon",680755,"TOR","CU","Curveball",0.2,1,"305",36.6,"70","0.172","0.281","0.276",27.1,38.6,26.2,"0.203","0.362","0.279",32.4
"Glasnow, Tyler",607192,"LAD","SL","Slider",-0.5,-2,"327",22.1,"70","0.188","0.375","0.267",37.7,28.6,24.4,"0.235","0.397","0.298",31.1
"Lynch IV, Daniel",663738,"KC","CH","Changeup",-0.3,-1,"209",19.2,"70","0.242","0.439","0.303",26.5,20,21.9,"0.282","0.472","0.335",37.7
"Suter, Brent",608718,"CIN","SI","Sinker",1.5,4,"258",23.1,"70","0.21","0.274","0.281",13.7,20,18.4,"0.198","0.282","0.263",31.3
"Banda, Anthony",607455,"LAD","FF","4-Seam Fastball",-0.4,-1,"249",23.4,"70","0.254","0.525","0.375",20.1,22.9,17,"0.27","0.461","0.377",52.3
"Kinley, Tyler",641755,"ATL","FF","4-Seam Fastball",-1.4,-4,"280",22.9,"70","0.304","0.5","0.415",14.3,10,10.3,"0.281","0.458","0.391",46.9
"Vásquez, Randy",681190,"SD","CU","Curveball",-1.6,-4,"276",12.8,"70","0.25","0.469","0.364",15.8,20,13.1,"0.267","0.497","0.355",44
"Houck, Tanner",656557,"BOS","ST","Sweeper",-1.9,-5,"265",35.4,"70","0.305","0.492","0.401",32.4,22.9,18.4,"0.279","0.433","0.369",38.6
"Armstrong, Shawn",542888,"TEX","FC","Cutter",2.3,6,"269",24.1,"70","0.188","0.328","0.26",18.7,12.9,15,"0.254","0.426","0.325",38.2
"Jax, Griffin",643377,"TB","CH","Changeup",1.8,4,"244",22.3,"70","0.182","0.273","0.218",46.5,41.4,31.2,"0.176","0.229","0.199",39.5
"Perkins, Jack",678022,"ATH","FF","4-Seam Fastball",-2,-5,"267",41.9,"70","0.281","0.474","0.392",25.4,17.1,14.3,"0.263","0.469","0.382",46.7
"Pérez, Martín",527048,"CWS","CH","Changeup",1,2,"260",28.8,"69","0.177","0.323","0.254",32,23.2,19.3,"0.202","0.397","0.291",37.5
"Megill, Trevor",656730,"MIL","CU","Curveball",2.4,7,"297",39.4,"69","0.121","0.197","0.151",48.9,42,25.7,"0.166","0.227","0.184",31.6
"Svanson, Matt",694335,"STL","ST","Sweeper",1.9,6,"336",34.9,"69","0.127","0.159","0.155",26.8,37.7,18.8,"0.146","0.238","0.191",33.3
"Morton, Charlie",450203,"ATL","CH","Changeup",-1.8,-5,"253",9.9,"69","0.373","0.559","0.417",27.1,11.6,18.6,"0.342","0.469","0.382",52.7
"Snell, Blake",605483,"LAD","CH","Changeup",3.2,8,"243",23.6,"69","0.153","0.203","0.234",43.5,21.7,29.4,"0.16","0.259","0.245",30.4
"Alvarado, José",621237,"PHI","SI","Sinker",-1.7,-5,"287",62.8,"69","0.355","0.581","0.44",10,14.5,15.4,"0.3","0.561","0.386",52.7
"McCullers Jr., Lance",621121,"HOU","SI","Sinker",-1.3,-4,"283",24.7,"69","0.333","0.463","0.423",21.3,14.5,20.4,"0.285","0.442","0.395",59.1
"Phillips, Tyler",663969,"MIA","ST","Sweeper",-0.8,-2,"251",22.5,"69","0.21","0.403","0.304",43.2,24.6,22.1,"0.221","0.346","0.289",33.3
"Flexen, Chris",623167,"CHC","FF","4-Seam Fastball",2.6,7,"277",41.2,"69","0.172","0.266","0.226",14,10.1,10.1,"0.266","0.518","0.358",43.9
"Brown, McCade",685326,"COL","FF","4-Seam Fastball",-2.4,-7,"286",57.1,"69","0.333","0.588","0.476",18,14.5,13.2,"0.295","0.569","0.448",59.5
"Rolison, Ryan",669020,"COL","CU","Curveball",-3.7,-8,"226",33.4,"69","0.333","0.571","0.416",20.5,17.4,16.2,"0.277","0.464","0.338",36.5
"Fernandez, Ryan",681676,"STL","SL","Slider",-2.5,-6,"247",47.1,"69","0.308","0.6","0.414",37.8,29,24.1,"0.189","0.344","0.253",40
"Mlodzinski, Carmen",669387,"PIT","FS","Split-Finger",0.4,1,"250",15.2,"69","0.235","0.279","0.254",43.1,44.9,27.2,"0.234","0.299","0.239",32.4
"Ogasawara, Shinnosuke",829272,"WSH","FF","4-Seam Fastball",-2,-5,"261",38.7,"69","0.345","0.569","0.43",12,7.2,9.1,"0.317","0.555","0.424",48.1
"Ramírez, Yohan",670990,"PIT","FF","4-Seam Fastball",-1.5,-4,"270",44.7,"68","0.35","0.567","0.443",19.9,23.5,25.8,"0.309","0.59","0.417",54.5
"Fried, Max",608331,"NYY","ST","Sweeper",0.1,0,"361",11.6,"68","0.21","0.29","0.26",36.4,29.4,25.3,"0.243","0.379","0.304",31
"Kelly, Merrill",518876,"TEX","CU","Curveball",-0.1,0,"274",9.7,"68","0.277","0.354","0.321",19.5,13.2,12.9,"0.306","0.444","0.338",55.4
"Povich, Cade",700249,"BAL","CH","Changeup",-0.5,-2,"296",15,"68","0.19","0.333","0.251",35.2,25,16.7,"0.248","0.438","0.316",36.2
"Povich, Cade",700249,"BAL","SI","Sinker",-0.4,-1,"242",12.3,"68","0.323","0.462","0.346",19.8,29.4,28.2,"0.29","0.43","0.322",54.3
"Mlodzinski, Carmen",669387,"PIT","SL","Slider",-1.4,-3,"232",14.1,"68","0.344","0.516","0.404",19.4,13.2,11.4,"0.316","0.502","0.37",47.3
"Nelson, Ryne",669194,"AZ","CU","Curveball",-1.2,-3,"269",10.9,"68","0.222","0.397","0.307",25.8,23.5,15.8,"0.238","0.389","0.299",53.2
"Bachar, Lake",669199,"MIA","SL","Slider",0.8,2,"266",23.3,"68","0.226","0.355","0.284",37,23.5,17.2,"0.217","0.378","0.289",34
"Matz, Steven",571927,"BOS","CU","Curveball",0.4,1,"253",21.8,"68","0.197","0.364","0.254",24.5,23.5,15.7,"0.21","0.386","0.254",37.3
"Headrick, Brent",687396,"NYY","FF","4-Seam Fastball",0.7,2,"234",63.9,"68","0.197","0.393","0.295",25.4,30.9,26.3,"0.203","0.359","0.285",50
"Ferguson, Caleb",657571,"SEA","FC","Cutter",1.9,5,"244",23.4,"68","0.161","0.226","0.211",23,19.1,13.5,"0.26","0.385","0.31",36
"Baker, Bryan",641329,"TB","SL","Slider",-0.5,-1,"275",25,"68","0.286","0.587","0.392",23.1,16.2,17.7,"0.261","0.522","0.357",50
"Woo, Bryan",693433,"SEA","ST","Sweeper",-0.4,-1,"245",9,"68","0.197","0.303","0.23",44.9,47.1,26,"0.146","0.215","0.172",17.6
"Ryan, Joe",657746,"MIN","FS","Split-Finger",-2.4,-7,"310",11.1,"68","0.25","0.5","0.346",23.5,25,13.9,"0.254","0.509","0.337",47.9
"Leahy, Kyle",681517,"STL","CU","Curveball",1.7,4,"243",18,"68","0.141","0.172","0.171",35.1,36.8,19.8,"0.195","0.303","0.243",48.7
"Beck, Tristan",663941,"SF","ST","Sweeper",2,5,"232",28.4,"68","0.141","0.297","0.214",30.8,26.5,19.1,"0.196","0.365","0.267",29.8
"Vest, Will",676684,"DET","SL","Slider",0,0,"271",23.8,"68","0.206","0.286","0.25",43.7,39.7,25.2,"0.166","0.235","0.212",30.6
"Liberatore, Matthew",669461,"STL","FC","Cutter",-3.4,-8,"248",10.4,"68","0.379","0.603","0.458",14.9,1.5,4,"0.337","0.485","0.401",32.8
"Assad, Javier",665871,"CHC","SI","Sinker",1.5,3,"230",40.6,"67","0.224","0.276","0.311",17.6,16.4,17.2,"0.247","0.312","0.306",36.2
"Heaney, Andrew",571760,"LAD","SI","Sinker",-0.2,-1,"234",11.2,"67","0.262","0.508","0.362",11.3,9,16.2,"0.308","0.545","0.384",45.6
"Rutledge, Jackson",671131,"WSH","FF","4-Seam Fastball",-2.2,-6,"250",18.7,"67","0.246","0.544","0.364",24.6,20.9,14.3,"0.257","0.546","0.371",60
"Hamilton, Ian",641656,"NYY","SL","Slider",0,0,"244",38.1,"67","0.164","0.344","0.257",50,46.3,27,"0.118","0.269","0.209",40
"Gray, Sonny",543243,"STL","FC","Cutter",0,0,"342",12.6,"67","0.377","0.492","0.412",23.4,4.5,30,"0.33","0.483","0.374",44.1
"Long, Sam",669674,"KC","FF","4-Seam Fastball",-2.1,-6,"277",35.2,"67","0.321","0.566","0.445",11.2,11.9,9.6,"0.278","0.485","0.401",51.1
"Wheeler, Zack",554430,"PHI","FS","Split-Finger",0.9,2,"212",8.9,"67","0.159","0.27","0.214",37.5,35.8,23.5,"0.187","0.294","0.235",25.6
"Megill, Tylor",656731,"NYM","SL","Slider",-0.9,-3,"283",22.9,"67","0.254","0.305","0.307",46.4,35.8,22.4,"0.204","0.287","0.282",40
"Lynch IV, Daniel",663738,"KC","SI","Sinker",-0.4,-1,"207",19,"67","0.259","0.397","0.325",13.3,11.9,20,"0.228","0.378","0.312",35.3
"Hodge, Porter",687863,"CHC","ST","Sweeper",-1.9,-4,"199",31.9,"67","0.281","0.614","0.435",27.4,22.4,25,"0.227","0.387","0.326",28.6
"Burnes, Corbin",669203,"AZ","CU","Curveball",1.4,3,"194",19.2,"67","0.164","0.23","0.231",43.8,43.3,30.5,"0.13","0.2","0.191",34.4
"Bowlan, Jonathan",680742,"KC","SL","Slider",0.7,2,"227",31.2,"67","0.234","0.438","0.293",40.2,37.3,28.7,"0.22","0.425","0.283",45
"Gage, Matt",657424,"SF","SL","Slider",1.4,4,"270",50.8,"67","0.274","0.339","0.309",20,17.9,17.1,"0.231","0.314","0.263",41.2
"Olson, Reese",681857,"DET","CH","Changeup",0.7,2,"300",25.9,"67","0.143","0.286","0.227",46.2,40.3,24.3,"0.173","0.289","0.228",27.8
"Festa, David",701581,"MIN","CH","Changeup",0.9,2,"256",29,"67","0.113","0.274","0.225",44,38.8,23.2,"0.134","0.302","0.232",27.8
"Reynolds, Sean",669308,"SD","FF","4-Seam Fastball",-1.3,-3,"256",51.8,"67","0.216","0.451","0.38",23.1,19.4,17.8,"0.319","0.653","0.478",60.5
"Muñoz, Andrés",662253,"SEA","FF","4-Seam Fastball",0,0,"362",35,"67","0.255","0.431","0.38",21.3,19.4,13.4,"0.274","0.51","0.408",59
"Burns, Chase",695505,"CIN","SL","Slider",0.1,0,"258",33.8,"67","0.197","0.439","0.281",43.9,47.8,34.4,"0.175","0.334","0.234",35.3
"Topa, Justin",623437,"MIN","ST","Sweeper",0.7,2,"287",29.3,"66","0.23","0.279","0.249",33,36.4,23.3,"0.192","0.303","0.243",44.7
"Garrett, Reed",657585,"NYM","FC","Cutter",0.5,2,"276",28.2,"66","0.276","0.534","0.386",23.6,16.7,22.4,"0.264","0.512","0.372",55.3
"Jobe, Jackson",695549,"DET","FF","4-Seam Fastball",-0.6,-2,"272",31,"66","0.296","0.519","0.395",14.2,9.1,7.7,"0.287","0.494","0.385",46
"Burke, Brock",656271,"LAA","CH","Changeup",-1.6,-4,"223",22,"66","0.258","0.484","0.363",25.6,22.7,18.8,"0.242","0.349","0.268",40.8
"Darvish, Yu",506433,"SD","SI","Sinker",0.3,1,"232",20.1,"66","0.182","0.327","0.291",15.4,18.2,24.5,"0.181","0.265","0.27",31.8
"Alcala, Jorge",660896,"STL","CU","Curveball",-1.2,-3,"246",23.3,"66","0.25","0.367","0.303",22.1,25.8,15.3,"0.226","0.355","0.276",26.7
"Kolek, Stephen",663568,"KC","FC","Cutter",1.7,4,"256",15.2,"66","0.276","0.345","0.314",19,13.6,24.3,"0.258","0.424","0.33",44
"Walter, Brandon",687888,"HOU","FC","Cutter",1.2,3,"223",27.4,"66","0.254","0.587","0.36",16.2,15.2,27,"0.267","0.465","0.323",40.7
"Liberatore, Matthew",669461,"STL","CU","Curveball",0.1,0,"376",15.8,"66","0.197","0.295","0.228",32.6,45.5,19.4,"0.16","0.248","0.194",30.3
"Cantillo, Joey",676282,"CLE","CU","Curveball",0.7,2,"307",18.8,"66","0.234","0.25","0.234",24.3,37.9,22.7,"0.199","0.261","0.206",30
"Gore, MacKenzie",669022,"WSH","CH","Changeup",-1.7,-5,"289",10.3,"66","0.271","0.508","0.359",47.2,25.8,21.5,"0.207","0.367","0.285",27.9
"Zeferjahn, Ryan",666171,"LAA","ST","Sweeper",-0.9,-2,"276",26.8,"66","0.19","0.414","0.296",40.4,40.9,23.1,"0.156","0.26","0.231",28.1
"Woodford, Jake",663765,"AZ","SI","Sinker",1.1,2,"196",31.4,"66","0.293","0.379","0.347",8.8,16.7,22.4,"0.298","0.46","0.361",34.7
"Young, Brandon",687064,"BAL","FS","Split-Finger",-4.8,-8,"167",17.8,"66","0.281","0.609","0.395",29.4,28.8,22.9,"0.211","0.439","0.285",42.2
"Rea, Colin",607067,"CHC","SL","Slider",-0.4,-1,"254",10,"66","0.254","0.397","0.313",39.3,33.3,22.9,"0.24","0.408","0.293",48.8
"Sands, Cole",663485,"MIN","FC","Cutter",-0.6,-2,"272",23.8,"66","0.339","0.5","0.401",22.9,13.6,17,"0.264","0.464","0.363",44
"Dobbins, Hunter",690928,"BOS","SL","Slider",0.3,1,"252",27.1,"66","0.234","0.422","0.292",29.2,16.7,21.2,"0.293","0.53","0.36",52.8
"Hernández, Daysbel",678226,"ATL","FF","4-Seam Fastball",0.7,2,"315",43.9,"66","0.157","0.255","0.289",23.8,25.8,17.9,"0.177","0.321","0.317",42.9
"Schreiber, John",670167,"KC","ST","Sweeper",0.2,1,"296",28.3,"66","0.23","0.393","0.297",17.2,12.1,9.3,"0.271","0.469","0.339",33.3
"Gonsolin, Tony",664062,"LAD","FF","4-Seam Fastball",-0.8,-2,"245",40.2,"66","0.291","0.527","0.407",23.5,12.1,12.9,"0.273","0.513","0.393",48.9
"Tonkin, Michael",543859,"MIN","FF","4-Seam Fastball",-0.2,0,"226",56.9,"65","0.281","0.439","0.347",21.1,20,19.4,"0.269","0.474","0.358",46.7
"Lugo, Seth",607625,"KC","CH","Changeup",-2.4,-5,"229",9.6,"65","0.297","0.563","0.368",19.8,15.4,14.7,"0.288","0.553","0.359",53.7
"Schmidt, Clarke",657376,"NYY","CU","Curveball",0.9,2,"223",18.2,"65","0.153","0.203","0.205",30,41.5,23.1,"0.167","0.211","0.213",40.6
"Cruz, Steven",674444,"KC","SL","Slider",3.4,5,"156",24.3,"65","0.156","0.219","0.171",24.5,24.6,21.6,"0.186","0.259","0.201",20.8
"Wilson, Steven",621051,"CWS","FF","4-Seam Fastball",1.5,5,"325",33.4,"65","0.196","0.25","0.255",20.8,27.7,20,"0.232","0.332","0.295",56.4
"Enns, Dietrich",608650,"BAL","CH","Changeup",1.4,3,"219",29.6,"65","0.25","0.317","0.273",26,15.4,13.3,"0.277","0.36","0.3",29.4
"Paddack, Chris",663978,"DET","CU","Curveball",-1,-3,"304",11.9,"65","0.274","0.516","0.34",18.4,10.8,8.9,"0.287","0.514","0.348",41.1
"Morgan, David",688158,"SD","FF","4-Seam Fastball",0.2,1,"281",36.7,"65","0.185","0.37","0.317",20.5,20,14.1,"0.233","0.412","0.347",39
"Banda, Anthony",607455,"LAD","SI","Sinker",1.7,4,"252",23.7,"65","0.241","0.37","0.327",14.4,10.8,25,"0.238","0.369","0.331",35.4
"Borucki, Ryan",621366,"TOR","SL","Slider",0.7,2,"244",41.1,"65","0.118","0.255","0.245",37.7,24.6,21.1,"0.209","0.386","0.33",36.8
"Matz, Steven",571927,"BOS","CH","Changeup",-1.1,-2,"211",18.2,"65","0.258","0.419","0.324",20.2,15.4,12.5,"0.216","0.431","0.295",34
"Erceg, Lucas",668674,"KC","SL","Slider",0.4,1,"283",29.4,"65","0.186","0.407","0.289",36.2,21.5,15.2,"0.229","0.446","0.322",33.3
"Quantrill, Cal",615698,"ATL","FF","4-Seam Fastball",-1,-3,"301",15,"65","0.31","0.5","0.385",21.6,21.5,11.7,"0.228","0.404","0.313",36.4
"Buehler, Walker",621111,"PHI","CU","Curveball",-1.8,-5,"282",12.9,"65","0.279","0.475","0.359",24.8,23.1,14,"0.229","0.375","0.284",28.3
"Ohtani, Shohei",660271,"LAD","FF","4-Seam Fastball",3,9,"292",38.8,"65","0.183","0.25","0.218",24.7,27.7,22,"0.203","0.331","0.253",34.9
"Misiorowski, Jacob",694819,"MIL","SL","Slider",-0.6,-2,"283",24.3,"65","0.293","0.534","0.38",20,15.4,14.3,"0.254","0.435","0.336",37.5
"Vasil, Mike",678024,"CWS","ST","Sweeper",-0.5,-1,"265",16.1,"65","0.169","0.305","0.247",29.3,30.8,18.7,"0.198","0.296","0.258",33.3
"Evans, Logan",688138,"SEA","SI","Sinker",-1.7,-4,"226",16.9,"65","0.322","0.508","0.403",8.8,13.8,23.7,"0.29","0.468","0.358",48
"Duran, Jhoan",661395,"PHI","CU","Curveball",0.4,1,"206",19.2,"65","0.19","0.254","0.224",41.8,50.8,31.7,"0.153","0.225","0.179",33.3
"Martinez, Nick",607259,"CIN","SL","Slider",-0.4,-1,"268",10.4,"65","0.292","0.431","0.312",34.1,21.5,18.4,"0.24","0.383","0.266",33.3
"Taillon, Jameson",592791,"CHC","CH","Changeup",2,4,"221",11.2,"64","0.161","0.258","0.196",36.6,26.6,22.7,"0.171","0.259","0.2",24.4
"Bednar, David",670280,"NYY","FS","Split-Finger",2.4,5,"202",19.7,"64","0.175","0.206","0.191",36.2,42.2,27.3,"0.172","0.217","0.178",47.2
"Javier, Cristian",664299,"HOU","FF","4-Seam Fastball",-0.2,0,"246",39.9,"64","0.255","0.382","0.348",20,17.2,14.1,"0.164","0.309","0.27",34.1
"Schreiber, John",670167,"KC","SI","Sinker",-1,-2,"203",19.4,"64","0.271","0.475","0.39",11.5,14.1,18.4,"0.282","0.423","0.334",42
"Bradley, Taj",671737,"MIN","SI","Sinker",-1.5,-3,"202",8.9,"64","0.29","0.419","0.363",15.1,14.1,29,"0.304","0.485","0.348",35.8
"Miller, Shelby",571946,"MIL","FS","Split-Finger",-0.3,-1,"203",28.8,"64","0.153","0.339","0.244",44.9,35.9,24.7,"0.227","0.391","0.297",41.7
"Kranick, Max",668820,"NYM","FF","4-Seam Fastball",-0.7,-1,"214",40.5,"64","0.276","0.362","0.318",25.6,15.6,17.2,"0.246","0.362","0.313",40.8
"Gusto, Ryan",687473,"MIA","FC","Cutter",-2.5,-5,"194",11,"64","0.39","0.559","0.448",22.5,21.9,22.6,"0.308","0.52","0.379",57.8
"Speier, Gabe",642100,"SEA","SL","Slider",0.2,1,"237",25.7,"64","0.14","0.281","0.223",49.1,46.9,25.6,"0.148","0.238","0.213",50
"McLean, Nolan",690997,"NYM","SI","Sinker",2,4,"206",27.9,"64","0.193","0.316","0.284",18.7,26.6,29.8,"0.211","0.328","0.283",50
"Ross, Joe",605452,"PHI","FF","4-Seam Fastball",0.3,1,"307",35.6,"64","0.294","0.451","0.375",29.1,15.6,16.9,"0.268","0.496","0.382",39.5
"Quintana, Jose",500779,"MIL","FF","4-Seam Fastball",-0.7,-2,"255",11.7,"64","0.204","0.407","0.316",20.7,17.2,13.4,"0.255","0.512","0.372",36.4
"Rea, Colin",607067,"CHC","ST","Sweeper",0.8,2,"235",9.3,"64","0.19","0.333","0.23",25.2,25,13.2,"0.217","0.318","0.237",21.3
"Pallante, Andre",669467,"STL","CU","Curveball",-1.4,-5,"381",14,"64","0.206","0.365","0.264",41,43.8,14.7,"0.182","0.308","0.217",45.7
"Speier, Gabe",642100,"SEA","SI","Sinker",1.3,4,"272",29.5,"63","0.298","0.404","0.332",9,3.2,7.7,"0.239","0.306","0.292",23.2
"Verlander, Justin",434378,"SF","ST","Sweeper",3.8,8,"206",7.9,"63","0.053","0.105","0.121",27.4,30.2,20,"0.134","0.223","0.187",27.5
"Treinen, Blake",595014,"LAD","ST","Sweeper",-0.2,0,"241",47.2,"63","0.237","0.373","0.279",34.7,39.7,26.9,"0.169","0.274","0.212",31.4
"Barnett, Mason",686930,"ATH","FF","4-Seam Fastball",0.1,0,"230",53.4,"63","0.278","0.333","0.345",15.8,12.7,11.9,"0.277","0.419","0.355",52.2
"Pérez, Martín",527048,"CWS","FC","Cutter",-0.8,-2,"255",28.3,"63","0.226","0.434","0.346",21.2,23.8,21.7,"0.294","0.575","0.419",44.7
"Morejon, Adrian",670970,"SD","SL","Slider",1.4,3,"246",24.6,"63","0.129","0.21","0.2",38.3,34.9,25.6,"0.219","0.349","0.246",26.8
"Taillon, Jameson",592791,"CHC","CU","Curveball",2.6,7,"263",13.3,"63","0.155","0.155","0.187",15.8,22.2,15.4,"0.193","0.298","0.25",34.1
"Chafin, Andrew",605177,"LAA","SL","Slider",0.8,2,"237",38.6,"63","0.161","0.232","0.21",41,42.9,18.4,"0.155","0.239","0.211",19.4
"Bednar, David",670280,"NYY","CU","Curveball",1.5,6,"371",36.2,"63","0.172","0.207","0.221",43.1,42.9,28.4,"0.165","0.187","0.209",12.9
"Brzykcy, Zach",694350,"WSH","FF","4-Seam Fastball",-1.6,-4,"245",53.4,"63","0.321","0.679","0.464",17.8,15.9,15.9,"0.285","0.567","0.413",48.8
"Oviedo, Johan",670912,"PIT","SL","Slider",0.2,0,"214",32.2,"63","0.212","0.365","0.354",28.3,23.8,23.1,"0.193","0.279","0.29",24.3
"Jackson, Luke",592426,"SEA","FF","4-Seam Fastball",0.6,1,"264",33.8,"63","0.163","0.245","0.281",14.8,15.9,14.3,"0.234","0.482","0.353",39.5
"Kriske, Brooks",621139,"MIN","FS","Split-Finger",0.3,1,"204",53.5,"63","0.216","0.333","0.324",28.3,23.8,20.8,"0.229","0.288","0.316",27.8
"López, Pablo",641154,"MIN","ST","Sweeper",1.7,4,"267",21.2,"63","0.133","0.183","0.179",30.1,30.2,18.3,"0.213","0.296","0.242",26.8
"Luzardo, Jesús",666200,"PHI","SL","Slider",-0.5,-1,"197",6.5,"63","0.169","0.237","0.199",34,47.6,21.1,"0.153","0.229","0.198",33.3
"Booser, Cam",592155,"CWS","FF","4-Seam Fastball",-1.6,-4,"262",45.9,"63","0.278","0.593","0.416",21.6,20.6,15.1,"0.212","0.5","0.356",52.4
"Rodríguez, Manuel",655889,"TB","SL","Slider",3.6,8,"214",49.7,"62","0.158","0.193","0.179",29.6,25.8,23.9,"0.211","0.299","0.242",34.9
"Alexander, Scott",518397,"SF","SI","Sinker",-2.8,-6,"204",65.2,"62","0.34","0.698","0.488",12.1,6.5,8.9,"0.335","0.697","0.471",55.1
"Lively, Ben",594902,"CLE","SI","Sinker",0.1,0,"175",24.3,"62","0.291","0.345","0.328",13.2,22.6,17.1,"0.234","0.324","0.294",41.5
"Gomber, Austin",596295,"COL","CU","Curveball",-1.9,-5,"248",24.8,"62","0.3","0.6","0.418",15.4,22.6,14.6,"0.249","0.482","0.321",30.4
"Carrasco, Carlos",471911,"ATL","SI","Sinker",-2.6,-5,"177",22.7,"62","0.345","0.618","0.449",12.6,8.1,17.2,"0.312","0.495","0.386",52
"Ohl, Pierson",701487,"MIN","CH","Changeup",-1.7,-3,"205",37.7,"62","0.262","0.541","0.358",32,21,14.8,"0.249","0.391","0.28",29.2
"Gilbert, Tyler",656457,"CWS","SI","Sinker",0.8,2,"263",31.3,"62","0.28","0.44","0.387",15,12.9,15.4,"0.296","0.508","0.407",48.8
"Englert, Mason",669438,"TB","CH","Changeup",2.5,6,"248",34.3,"62","0.167","0.167","0.17",33.3,30.6,18.1,"0.222","0.327","0.251",41.5
"Yarbrough, Ryan",642232,"NYY","FC","Cutter",-0.2,0,"263",25.9,"62","0.278","0.537","0.378",17.7,9.7,12.5,"0.296","0.535","0.386",38.8
"Fitts, Richard",690916,"BOS","SL","Slider",-3.9,-8,"206",28,"62","0.346","0.654","0.486",25.7,14.5,15.8,"0.291","0.567","0.422",56.8
"Harris, Hogan",663687,"ATH","CU","Curveball",0.7,2,"256",22.8,"62","0.172","0.293","0.22",26.1,30.6,19,"0.226","0.342","0.277",22.5
"Ross, Joe",605452,"PHI","SI","Sinker",-1.4,-3,"246",28.5,"62","0.309","0.509","0.378",11.2,14.5,13,"0.258","0.435","0.345",42.6
"Olson, Reese",681857,"DET","SL","Slider",0.8,2,"250",21.6,"62","0.241","0.362","0.29",44.8,27.4,20.5,"0.235","0.361","0.283",43.9
"Rocker, Kumar",677958,"TEX","FF","4-Seam Fastball",-2.4,-6,"228",20.2,"62","0.364","0.709","0.476",16.8,14.5,11.5,"0.308","0.611","0.416",55.3
"Jacob, Alek",689690,"SD","FF","4-Seam Fastball",1.3,3,"247",42.2,"61","0.157","0.314","0.28",24.3,26.2,21.9,"0.183","0.385","0.314",37.1
"Gil, Luis",661563,"NYY","SL","Slider",-0.9,-2,"250",25.8,"61","0.178","0.333","0.343",31.5,26.2,15.4,"0.179","0.3","0.334",30
"Ferguson, Tyler",621053,"ATH","ST","Sweeper",0.4,1,"312",31.5,"61","0.259","0.328","0.256",28.8,24.6,16.7,"0.22","0.332","0.248",22.2
"Junk, Janson",676083,"MIA","ST","Sweeper",3.3,8,"247",15.2,"61","0.169","0.186","0.168",18.9,18,16.4,"0.215","0.326","0.235",38
"Lopez, Jacob",682052,"ATH","FC","Cutter",-0.6,-1,"243",14.6,"61","0.283","0.453","0.366",19.4,19.7,21.8,"0.241","0.408","0.332",34.1
"Dana, Caden",702674,"LAA","FF","4-Seam Fastball",-1.2,-3,"253",45,"61","0.261","0.522","0.398",15.5,18,21.2,"0.255","0.48","0.398",48.6
"Fermin, José",820862,"LAA","FF","4-Seam Fastball",-0.5,-2,"304",47.1,"61","0.264","0.566","0.409",25.2,19.7,13.3,"0.257","0.581","0.396",51.2
"Meyer, Max",676974,"MIA","FF","4-Seam Fastball",-2.6,-6,"231",22.2,"61","0.315","0.63","0.433",14,13.1,13.1,"0.34","0.676","0.458",52.2
"Kranick, Max",668820,"NYM","SL","Slider",1.6,3,"211",39.9,"61","0.237","0.407","0.289",15,9.8,16.7,"0.292","0.525","0.358",45.3
"Eflin, Zach",621107,"BAL","CH","Changeup",2.4,4,"187",16.6,"61","0.172","0.31","0.218",15.2,9.8,15.4,"0.281","0.504","0.34",39.6
"Lucas, Easton",687922,"TOR","FF","4-Seam Fastball",0.9,2,"218",49.8,"61","0.245","0.388","0.321",27.1,24.6,18.3,"0.24","0.501","0.356",51.4
"Barlow, Scott",605130,"CIN","FF","4-Seam Fastball",0.9,2,"271",21.3,"61","0.196","0.326","0.341",20.8,18,13.6,"0.234","0.484","0.4",45.7
"Stanek, Ryne",592773,"NYM","SL","Slider",0,0,"231",21.7,"61","0.204","0.315","0.289",44.7,32.8,21.5,"0.167","0.281","0.26",38.2
"Gilbert, Tyler",656457,"CWS","ST","Sweeper",2.2,6,"254",30.3,"61","0.107","0.143","0.146",45,36.1,22.7,"0.143","0.27","0.215",20
"Lynch IV, Daniel",663738,"KC","FF","4-Seam Fastball",-1.1,-3,"247",22.7,"61","0.265","0.429","0.377",14.4,8.2,8.6,"0.237","0.418","0.361",40.9
"Kirby, George",669923,"SEA","CU","Curveball",0.8,2,"236",11.3,"61","0.217","0.267","0.22",39.2,34.4,19.8,"0.229","0.341","0.251",48.7
"Blewett, Scott",656240,"BAL","FF","4-Seam Fastball",-0.4,-1,"256",36,"60","0.26","0.54","0.384",16.8,11.7,14.6,"0.293","0.596","0.419",61.4
"Scott, Tayler",605463,"HOU","FF","4-Seam Fastball",-2.7,-7,"256",47.8,"60","0.283","0.522","0.408",24.5,15,11.4,"0.252","0.498","0.403",43.6
"Clase, Emmanuel",661403,"CLE","SL","Slider",0.2,1,"225",30.2,"60","0.218","0.327","0.278",37.5,28.3,20.5,"0.186","0.291","0.234",28.2
"Garcia, Rico",670329,"BAL","FF","4-Seam Fastball",0.5,1,"231",39.4,"60","0.212","0.481","0.332",29.1,23.3,20.6,"0.232","0.449","0.346",61.5
"Bubic, Kris",663460,"KC","SL","Slider",1.1,3,"243",13.5,"60","0.245","0.377","0.294",28.7,21.7,30.2,"0.266","0.467","0.34",54.8
"Vasil, Mike",678024,"CWS","CH","Changeup",2.4,5,"200",12.2,"60","0.158","0.246","0.23",20.6,13.3,16.7,"0.237","0.405","0.294",38.8
"Halvorsen, Seth",678020,"COL","FS","Split-Finger",0.5,1,"164",25.8,"60","0.232","0.5","0.321",28.9,16.7,20,"0.234","0.436","0.3",29.8
"Fitts, Richard",690916,"BOS","FF","4-Seam Fastball",0.4,1,"285",38.8,"60","0.204","0.426","0.317",23.3,28.3,17,"0.24","0.484","0.337",57.9
"Ragans, Cole",666142,"KC","CH","Changeup",0.8,2,"207",19.2,"60","0.193","0.351","0.254",50.4,38.3,29.9,"0.159","0.254","0.202",23.5
"Garrett, Reed",657585,"NYM","SI","Sinker",1.3,3,"238",24.3,"60","0.245","0.283","0.288",15.7,15,16.7,"0.299","0.38","0.343",38.6
"Pagán, Emilio",641941,"CIN","FS","Split-Finger",2.9,6,"215",20.1,"60","0.121","0.207","0.146",40.7,40,23.8,"0.143","0.218","0.174",17.6
"Junis, Jakob",596001,"CLE","CH","Changeup",3,6,"205",19.9,"60","0.167","0.233","0.188",23.4,25,20.8,"0.19","0.258","0.193",33.3
"Blubaugh, AJ",805123,"HOU","FF","4-Seam Fastball",0.3,1,"278",54.8,"60","0.196","0.412","0.337",28.7,21.7,14.4,"0.242","0.524","0.377",55.3
"Martin, Chris",455119,"TEX","FC","Cutter",0.5,1,"230",36.1,"60","0.31","0.517","0.388",22.1,23.3,21.9,"0.311","0.573","0.385",45.5
"Alexander, Tyler",641302,"CWS","FC","Cutter",-2.5,-7,"271",17.1,"60","0.385","0.558","0.458",21.1,20,17.9,"0.346","0.59","0.434",46.3
"Erceg, Lucas",668674,"KC","FF","4-Seam Fastball",1.1,3,"289",30,"59","0.263","0.316","0.27",28,28.8,17.3,"0.258","0.379","0.288",60
"Yarbrough, Ryan",642232,"NYY","SI","Sinker",0.5,1,"207",20.4,"59","0.314","0.471","0.388",11.7,8.5,14.7,"0.374","0.49","0.419",43.5
"Bachman, Sam",696147,"LAA","SL","Slider",-1,-2,"185",55.4,"59","0.245","0.358","0.327",32,20.3,23.1,"0.244","0.345","0.305",33.3
"Bellozo, Valente",678368,"MIA","ST","Sweeper",2.4,5,"205",15.5,"59","0.167","0.241","0.197",27,23.7,15.9,"0.177","0.338","0.234",45.2
"Thompson, Ryan",657044,"AZ","SL","Slider",1.9,5,"264",40.6,"59","0.125","0.286","0.198",35.1,39,24,"0.152","0.332","0.228",27.3
"Snell, Blake",605483,"LAD","CU","Curveball",0.6,1,"223",21.7,"59","0.173","0.25","0.24",45.7,47.5,25.9,"0.186","0.253","0.238",46.2
"Bivens, Spencer",702352,"SF","CH","Changeup",-1.6,-3,"198",15.3,"59","0.273","0.418","0.327",22.4,13.6,13.3,"0.226","0.392","0.277",38.8
"Ureña, José",570632,"LAA","SL","Slider",-1.4,-3,"239",25.6,"59","0.226","0.396","0.34",24.3,23.7,17.3,"0.279","0.49","0.365",23.1
"Allard, Kolby",663465,"CLE","CH","Changeup",0.9,2,"200",20,"59","0.182","0.273","0.253",15.5,6.8,5.8,"0.222","0.349","0.266",26.9
"Pfaadt, Brandon",694297,"AZ","CU","Curveball",-3.4,-10,"285",9.8,"59","0.327","0.692","0.489",36,30.5,22.8,"0.261","0.527","0.374",50
"Henry, Cole",669371,"WSH","ST","Sweeper",-0.7,-2,"318",32.9,"59","0.255","0.373","0.318",29.3,25.4,14.7,"0.199","0.296","0.278",24.3
"Bender, Anthony",669622,"MIA","SI","Sinker",0,0,"210",26.8,"59","0.245","0.327","0.347",5.1,13.6,14,"0.294","0.466","0.391",53.7
"Burke, Brock",656271,"LAA","SL","Slider",1.2,3,"280",27.6,"59","0.236","0.4","0.297",30.1,18.6,15.9,"0.241","0.389","0.28",39.1
"Falter, Bailey",663559,"KC","SI","Sinker",2.1,4,"191",9.8,"59","0.226","0.302","0.271",14.7,20.3,24,"0.242","0.33","0.285",42.9
"Lorenzen, Michael",547179,"KC","CU","Curveball",-3.6,-9,"261",11.3,"59","0.382","0.636","0.454",27.9,20.3,13.6,"0.335","0.585","0.412",51.2
"Milner, Hoby",571948,"TEX","CH","Changeup",-1.5,-3,"201",17.4,"59","0.296","0.537","0.371",20.8,20.3,16.9,"0.212","0.406","0.296",34.9
"Whitlock, Garrett",676477,"BOS","CH","Changeup",0.2,1,"246",20.8,"59","0.286","0.357","0.304",31.5,18.6,11,"0.239","0.312","0.262",35.6
"Granillo, Andre",701552,"STL","SL","Slider",0.2,0,"235",65.1,"59","0.245","0.434","0.324",34.7,15.3,13.6,"0.188","0.338","0.28",20
"Suarez, Robert",663158,"SD","CH","Changeup",-2.1,-6,"257",23.9,"59","0.31","0.483","0.363",32.8,28.8,16,"0.277","0.404","0.301",36.6
"Lauer, Eric",641778,"TOR","CU","Curveball",-0.2,0,"242",14.4,"59","0.302","0.396","0.346",29.6,22,23.2,"0.23","0.329","0.28",29.3
"Lorenzen, Michael",547179,"KC","FC","Cutter",0.1,0,"251",10.8,"59","0.346","0.5","0.393",19.2,3.4,7.1,"0.34","0.464","0.381",31.4
"Adam, Jason",592094,"SD","FF","4-Seam Fastball",1.5,4,"247",22.7,"58","0.16","0.16","0.228",21.7,19,15.3,"0.206","0.301","0.277",42.5
"Horton, Cade",690990,"CHC","CH","Changeup",1.5,4,"228",12.8,"58","0.115","0.154","0.193",47.8,32.8,21.8,"0.187","0.261","0.245",18.2
"Cavalli, Cade",676917,"WSH","CU","Curveball",-1.5,-4,"240",30.5,"58","0.351","0.491","0.387",39.8,31,24.7,"0.239","0.332","0.254",46.2
"Eisert, Brandon",685126,"CWS","FF","4-Seam Fastball",-0.3,-1,"385",31.7,"58","0.234","0.447","0.358",29.3,25.9,14,"0.288","0.61","0.427",50
"Palencia, Daniel",694037,"CHC","SL","Slider",0.3,1,"194",23.1,"58","0.259","0.389","0.323",39.4,36.2,30.9,"0.204","0.275","0.242",33.3
"Romano, Jordan",605447,"PHI","FF","4-Seam Fastball",-1.9,-5,"258",36.8,"58","0.311","0.6","0.431",26.6,24.1,19.2,"0.272","0.498","0.388",42.4
"Bird, Jake",656234,"NYY","CU","Curveball",1.7,4,"217",22.7,"58","0.182","0.2","0.189",38,50,27.4,"0.157","0.185","0.157",35.7
"Wilson, Bryse",669060,"CWS","FC","Cutter",-4.8,-10,"205",24,"58","0.451","0.686","0.545",16.2,8.6,13.5,"0.409","0.665","0.491",38.3
"Ferguson, Caleb",657571,"SEA","SI","Sinker",2.5,6,"246",23.6,"58","0.25","0.269","0.268",16.1,8.6,14.7,"0.236","0.27","0.26",16.7
"Hicks, Jordan",663855,"BOS","ST","Sweeper",-1.8,-5,"272",22.7,"58","0.286","0.592","0.435",43.9,22.4,16.7,"0.225","0.427","0.342",30.6
"Brebbia, John",605154,"ATL","FF","4-Seam Fastball",-2.1,-5,"225",49,"58","0.311","0.533","0.436",17.3,25.9,22.1,"0.223","0.407","0.364",56.7
"Blanco, Ronel",669854,"HOU","FF","4-Seam Fastball",-1.7,-5,"283",35.7,"58","0.267","0.6","0.432",16.8,10.3,9.2,"0.231","0.483","0.384",45
"Darvish, Yu",506433,"SD","CU","Curveball",1.1,2,"192",16.6,"58","0.132","0.264","0.212",32.6,31,21.4,"0.155","0.252","0.219",17.1
"Barlow, Scott",605130,"CIN","SL","Slider",-0.7,-2,"242",19,"58","0.255","0.549","0.38",36,22.4,19.7,"0.292","0.463","0.369",39.5
"Lorenzen, Michael",547179,"KC","ST","Sweeper",-0.1,0,"199",8.6,"58","0.268","0.393","0.316",20.2,15.5,13,"0.253","0.429","0.305",29.8
"Blackburn, Paul",621112,"NYY","SI","Sinker",0.5,1,"203",30.5,"58","0.291","0.436","0.34",9.5,20.7,25,"0.25","0.361","0.287",39.5
"Teng, Kai-Wei",678906,"SF","ST","Sweeper",1.5,3,"221",38.6,"58","0.191","0.255","0.291",34.6,36.2,32.3,"0.167","0.256","0.28",23.1
"deGrom, Jacob",594798,"TEX","CH","Changeup",-0.6,-2,"295",11.3,"58","0.161","0.304","0.218",40.1,32.8,21.3,"0.232","0.427","0.294",51.4
"Vest, Will",676684,"DET","SI","Sinker",1.7,3,"190",16.7,"58","0.236","0.309","0.303",12.6,5.2,10.3,"0.18","0.239","0.2",28.3
"Ginkel, Kevin",656464,"AZ","FF","4-Seam Fastball",-1.1,-3,"248",50.5,"58","0.314","0.51","0.374",18.4,19,14.9,"0.247","0.466","0.34",43.9
"Wheeler, Zack",554430,"PHI","FC","Cutter",-1,-2,"206",8.6,"58","0.269","0.481","0.358",20.4,17.2,23.3,"0.228","0.348","0.294",38.1
"Civale, Aaron",650644,"CHC","FF","4-Seam Fastball",-0.2,0,"271",15.5,"58","0.204","0.429","0.333",20,22.4,14.4,"0.196","0.424","0.328",36.1
"Chafin, Andrew",605177,"LAA","SI","Sinker",0.1,0,"250",40.7,"57","0.304","0.304","0.372",19.4,12.3,14.9,"0.296","0.388","0.374",43.6
"Ryan, Joe",657746,"MIN","SL","Slider",-0.5,-1,"258",9.2,"57","0.245","0.321","0.326",22.8,14,12.7,"0.286","0.4","0.323",37.8
"Gibson, Cade",806188,"MIA","CU","Curveball",0,0,"259",28.5,"57","0.173","0.308","0.263",36.7,38.6,22.9,"0.204","0.318","0.265",36.7
"Cortes, Nestor",641482,"SD","FC","Cutter",-0.4,-1,"207",34.6,"57","0.229","0.542","0.368",21.6,17.5,22.2,"0.242","0.512","0.363",46.2
"Oviedo, Johan",670912,"PIT","FF","4-Seam Fastball",0.2,1,"246",37,"57","0.143","0.367","0.267",29.9,29.8,20.2,"0.21","0.458","0.327",39.4
"Brubaker, JT",664141,"SF","SI","Sinker",0.3,1,"231",49.3,"57","0.292","0.396","0.356",7.9,5.3,5.1,"0.335","0.499","0.405",47.8
"García, Luis",472610,"LAA","ST","Sweeper",0,0,"302",33.7,"57","0.184","0.265","0.253",37.9,40.4,19,"0.197","0.409","0.304",44.4
"Bido, Osvaldo",674370,"ATH","SI","Sinker",1.1,2,"204",14.8,"57","0.292","0.333","0.318",12.2,5.3,8.8,"0.24","0.284","0.277",29.2
"Gusto, Ryan",687473,"MIA","CU","Curveball",-1.4,-4,"263",14.9,"57","0.304","0.5","0.35",17.5,15.8,10.5,"0.296","0.552","0.365",57.4
"Domínguez, Seranthony",622554,"TOR","ST","Sweeper",1.5,4,"240",21.8,"57","0.132","0.245","0.197",49.1,38.6,25.9,"0.112","0.185","0.166",22.6
"Buttó, José",676130,"SF","SI","Sinker",-1,-2,"189",17.3,"57","0.383","0.511","0.432",14.7,5.3,16.7,"0.326","0.452","0.388",42.2
"Yarbrough, Ryan",642232,"NYY","CH","Changeup",-1.3,-3,"209",20.6,"57","0.241","0.426","0.306",41.7,28.1,19.5,"0.229","0.387","0.286",15.8
"Barlow, Scott",605130,"CIN","SI","Sinker",0.4,1,"187",14.7,"57","0.233","0.326","0.378",13.9,7,12.9,"0.273","0.421","0.397",25.6
"Saalfrank, Andrew",685314,"AZ","SI","Sinker",2,4,"195",45.7,"57","0.212","0.308","0.254",22.7,8.8,13.2,"0.274","0.477","0.343",39.6
"Jax, Griffin",643377,"TB","FF","4-Seam Fastball",-2.4,-5,"194",17.7,"57","0.32","0.62","0.429",19.4,15.8,16.4,"0.317","0.612","0.425",57.1
"Banks, Tanner",621383,"PHI","ST","Sweeper",0.2,1,"263",24.3,"57","0.189","0.453","0.269",28.3,22.8,13.8,"0.222","0.479","0.294",39.5
"Schlittler, Cam",693645,"NYY","FC","Cutter",0.4,1,"247",19.7,"57","0.212","0.346","0.28",27.6,28.1,18.8,"0.223","0.378","0.295",36.1
"Ashby, Aaron",676879,"MIL","CU","Curveball",1,3,"273",26.4,"57","0.143","0.184","0.225",43.9,47.4,34.6,"0.15","0.185","0.225",31.8
"Perkins, Jack",678022,"ATH","ST","Sweeper",2.3,5,"209",32.8,"57","0.098","0.176","0.197",38,31.6,21.7,"0.146","0.207","0.202",26.5
"Phillips, Tyler",663969,"MIA","CU","Curveball",0.3,1,"257",23.1,"57","0.208","0.358","0.278",38.2,26.3,17.2,"0.214","0.36","0.277",47.4
"Yamamoto, Yoshinobu",808967,"LAD","SI","Sinker",0,0,"217",7.8,"57","0.271","0.417","0.361",17,12.3,18.9,"0.28","0.393","0.353",46.3
"Allen, Logan",671106,"CLE","FC","Cutter",0,0,"306",11.3,"57","0.28","0.46","0.352",20.8,8.8,17.9,"0.314","0.647","0.429",26.1
"Jacob, Alek",689690,"SD","CH","Changeup",-0.6,-1,"189",32.3,"56","0.275","0.431","0.314",21.6,12.5,11.7,"0.232","0.375","0.281",30.4
"Farris, Mitch",815083,"LAA","FF","4-Seam Fastball",-0.6,-1,"202",49.9,"56","0.217","0.478","0.332",24.5,17.9,17.9,"0.297","0.603","0.411",56.4
"Soriano, José",667755,"LAA","FF","4-Seam Fastball",0.5,1,"239",8.6,"56","0.22","0.293","0.338",27.5,26.8,20.3,"0.245","0.352","0.368",44.4
"Taillon, Jameson",592791,"CHC","SI","Sinker",1.2,2,"145",7.3,"56","0.255","0.345","0.27",6.3,21.4,18.8,"0.281","0.408","0.302",48.8
"Richardson, Lyon",680689,"CIN","SI","Sinker",1.9,4,"196",29.1,"56","0.178","0.2","0.292",16.2,12.5,21.9,"0.24","0.338","0.339",46.2
"Singer, Brady",663903,"CIN","FC","Cutter",0.4,1,"264",9.3,"56","0.306","0.449","0.362",23.4,1.8,7.1,"0.321","0.538","0.395",34.7
"Gibaut, Ian",664139,"CIN","FF","4-Seam Fastball",0.6,1,"199",51.4,"56","0.294","0.353","0.322",19,16.1,16.7,"0.236","0.419","0.315",38.1
"Wilson, Bryse",669060,"CWS","SI","Sinker",0.9,2,"203",23.8,"56","0.308","0.404","0.339",8.4,12.5,17.1,"0.337","0.473","0.375",51.1
"Olson, Reese",681857,"DET","FF","4-Seam Fastball",0.5,1,"225",19.4,"56","0.25","0.385","0.297",15.5,21.4,17.6,"0.271","0.503","0.347",56.1
"Beeter, Clayton",690925,"WSH","SL","Slider",2.2,5,"214",46,"56","0.098","0.216","0.17",49.1,51.8,30.9,"0.118","0.231","0.184",30.4
"Bassitt, Chris",605135,"TOR","FF","4-Seam Fastball",0,0,"264",9.3,"56","0.216","0.353","0.3",23.4,32.1,18.6,"0.179","0.271","0.238",30.3
"Lauer, Eric",641778,"TOR","SL","Slider",2.4,4,"170",10.1,"56","0.167","0.222","0.176",30.3,33.9,23.8,"0.17","0.242","0.185",47.2
"Hart, Kyle",606996,"SD","ST","Sweeper",2.2,5,"230",33.3,"56","0.132","0.264","0.183",28.6,32.1,27.3,"0.17","0.295","0.216",27.8
"Verlander, Justin",434378,"SF","CH","Changeup",1.1,2,"222",8.5,"55","0.2","0.24","0.24",28.7,20,15.9,"0.237","0.309","0.28",28.2
"Paddack, Chris",663978,"DET","SI","Sinker",-0.4,-1,"133",5.2,"55","0.321","0.491","0.366",10,3.6,20,"0.356","0.523","0.38",34.6
"Ortiz, Luis",682847,"CLE","CH","Changeup",-0.4,-1,"194",12.9,"55","0.212","0.346","0.286",29.3,30.9,18.7,"0.236","0.372","0.284",42.9
"Dollander, Chase",801403,"COL","SI","Sinker",-0.5,-1,"175",9.8,"55","0.306","0.449","0.371",15.6,9.1,13.5,"0.29","0.413","0.342",46.7
"Bernardino, Brennan",657514,"BOS","CU","Curveball",0.1,0,"219",26.3,"55","0.176","0.294","0.225",33.7,34.5,17.9,"0.168","0.319","0.254",33.3
"Ginkel, Kevin",656464,"AZ","SL","Slider",0.2,0,"209",42.6,"55","0.2","0.267","0.314",42.2,32.7,24,"0.211","0.376","0.336",51.7
"Birdsong, Hayden",806185,"SF","CH","Changeup",0.2,0,"201",16.8,"55","0.212","0.231","0.241",39.8,36.4,25,"0.246","0.346","0.28",56.3
"Henderson, Logan",701656,"MIL","FF","4-Seam Fastball",1.2,2,"200",48.8,"55","0.196","0.392","0.281",28.1,40,30.1,"0.223","0.427","0.304",34.5
"Wolfram, Grant",664991,"BAL","SI","Sinker",-2.1,-4,"211",40.6,"55","0.341","0.568","0.455",18.6,14.5,14.8,"0.27","0.372","0.349",51.4
"Misiorowski, Jacob",694819,"MIL","CU","Curveball",-0.3,-1,"170",14.6,"55","0.231","0.385","0.287",30.7,38.2,23.3,"0.23","0.369","0.28",38.7
"Ferguson, Caleb",657571,"SEA","SV","Slurve",0.6,1,"227",21.8,"55","0.208","0.25","0.253",25.6,23.6,17.1,"0.245","0.299","0.306",25
"Gil, Luis",661563,"NYY","CH","Changeup",0.2,1,"229",23.6,"55","0.216","0.333","0.286",16.1,12.7,10.9,"0.26","0.426","0.323",36.4
"Mlodzinski, Carmen",669387,"PIT","SI","Sinker",0.6,1,"249",15.1,"55","0.321","0.396","0.345",9.2,10.9,14.6,"0.323","0.372","0.32",44.7
"Steele, Justin",657006,"CHC","FF","4-Seam Fastball",1.2,2,"177",56.5,"55","0.212","0.365","0.258",16.3,21.8,27.9,"0.287","0.483","0.338",56.1
"Festa, David",701581,"MIN","SL","Slider",0.3,1,"236",26.8,"55","0.231","0.423","0.301",32.2,29.1,20.5,"0.263","0.55","0.36",41.7
"Ross, Joe",605452,"PHI","SL","Slider",-1.2,-2,"190",22,"55","0.294","0.51","0.356",30.7,21.8,14.8,"0.283","0.546","0.367",47.5
"Thielbar, Caleb",573204,"CHC","CU","Curveball",2,5,"236",28.1,"55","0.135","0.231","0.173",34.8,36.4,22.7,"0.182","0.27","0.21",33.3
"Zerpa, Angel",672582,"KC","FF","4-Seam Fastball",-0.4,-1,"225",20.5,"55","0.264","0.377","0.294",22.9,25.5,17.1,"0.282","0.443","0.324",41
"Vasil, Mike",678024,"CWS","FF","4-Seam Fastball",0.9,2,"231",14,"55","0.122","0.268","0.3",39,43.6,24,"0.122","0.259","0.298",41.2
"Pivetta, Nick",601713,"SD","FC","Cutter",2,5,"250",8.8,"55","0.176","0.353","0.261",13,9.1,21.7,"0.264","0.472","0.332",46.8
"Soriano, José",667755,"LAA","SL","Slider",-2.6,-4,"168",6,"54","0.264","0.453","0.313",40.2,46.3,25.8,"0.205","0.38","0.255",50
"Whisenhunt, Carson",687931,"SF","FF","4-Seam Fastball",-1.1,-2,"195",47.8,"54","0.209","0.512","0.381",11,14.8,14.3,"0.276","0.639","0.445",51.4
"Kelly, Merrill",518876,"TEX","SL","Slider",2.8,6,"198",7,"54","0.167","0.185","0.159",30.8,16.7,12.3,"0.269","0.341","0.265",24.4
"Garrett, Reed",657585,"NYM","FS","Split-Finger",-0.3,-1,"219",22.4,"54","0.143","0.245","0.231",43.8,40.7,17.5,"0.152","0.182","0.197",25.9
"Gómez, Yoendrys",672782,"CWS","SI","Sinker",0.9,2,"212",19.3,"54","0.271","0.396","0.351",14.9,3.7,5.9,"0.26","0.417","0.336",37
"Romero, JoJo",668941,"STL","CH","Changeup",0.3,1,"223",22.5,"54","0.167","0.271","0.236",31,22.2,17.6,"0.197","0.317","0.263",29.7
"Ginn, J.T.",669372,"ATH","FC","Cutter",-1.4,-3,"210",13.3,"54","0.245","0.469","0.344",19.1,11.1,15.4,"0.251","0.442","0.333",37.2
"Eflin, Zach",621107,"BAL","FC","Cutter",0.2,0,"245",21.7,"54","0.3","0.66","0.405",14.4,11.1,17.6,"0.247","0.514","0.326",39.1
"Armstrong, Shawn",542888,"TEX","ST","Sweeper",2.3,6,"261",23.3,"54","0.08","0.12","0.152",33.6,25.9,16.9,"0.119","0.204","0.171",16.2
"Soriano, George",666277,"MIA","CH","Changeup",-1.3,-3,"213",30.8,"54","0.294","0.451","0.33",19.6,20.4,14.9,"0.315","0.457","0.357",46.3
"Lopez, Jacob",682052,"ATH","CH","Changeup",-1.8,-4,"224",13.4,"54","0.275","0.49","0.345",31.1,18.5,16.9,"0.234","0.362","0.279",34.1
"Kelly, Zack",677161,"BOS","FC","Cutter",2.4,4,"182",31.3,"54","0.227","0.273","0.281",20.2,11.1,16.2,"0.252","0.314","0.301",26.8
"Leahy, Kyle",681517,"STL","ST","Sweeper",1.1,2,"186",13.8,"54","0.255","0.314","0.249",28.7,29.6,16.3,"0.25","0.395","0.282",40.5
"Alvarado, Elvis",665660,"ATH","SL","Slider",-0.8,-2,"245",32,"54","0.192","0.442","0.281",41.2,33.3,20.5,"0.18","0.295","0.221",38.2
"Ashcraft, Braxton",677952,"PIT","CU","Curveball",1.7,4,"232",21.1,"54","0.122","0.204","0.191",36.6,42.6,24.2,"0.151","0.223","0.211",34.6
"Phillips, Connor",683175,"CIN","FF","4-Seam Fastball",0.1,0,"188",49.9,"54","0.167","0.333","0.306",20.8,24.1,28.9,"0.236","0.491","0.392",43.3
"Iglesias, Raisel",628452,"ATL","SI","Sinker",3.9,8,"215",22.3,"54","0.163","0.204","0.211",11,11.1,28.6,"0.26","0.354","0.304",30.2
"Singer, Brady",663903,"CIN","FF","4-Seam Fastball",-1.1,-3,"304",10.7,"54","0.24","0.42","0.327",22.8,31.5,14.5,"0.231","0.374","0.291",39.4
"Woods Richardson, Simeon",680573,"MIN","FS","Split-Finger",0,0,"187",10,"54","0.137","0.235","0.222",32.7,37,24.7,"0.117","0.211","0.168",32.3
"Montero, Keider",672456,"DET","CU","Curveball",-0.8,-2,"214",14.5,"54","0.25","0.481","0.323",18.1,11.1,7.2,"0.259","0.467","0.32",34.8
"Tolle, Payton",801139,"BOS","FF","4-Seam Fastball",-1.1,-2,"195",64.1,"53","0.283","0.565","0.42",28.3,26.4,23.3,"0.252","0.423","0.342",28.1
"Martinez, Nick",607259,"CIN","CU","Curveball",0.4,1,"283",11,"53","0.216","0.255","0.217",16.4,17,12.5,"0.277","0.372","0.284",37.2
"Houser, Adrian",605288,"TB","FF","4-Seam Fastball",0.3,1,"222",11.7,"53","0.2","0.311","0.279",15.9,24.5,11.4,"0.184","0.299","0.27",54.5
"Bazardo, Eduard",660825,"SEA","FF","4-Seam Fastball",-1.4,-2,"175",14.3,"53","0.25","0.625","0.419",18.2,30.2,21.1,"0.211","0.526","0.393",65.4
"Flexen, Chris",623167,"CHC","FC","Cutter",2.2,4,"190",28.2,"53","0.25","0.333","0.271",11.5,1.9,4.2,"0.281","0.466","0.341",51
"Dodd, Dylan",689266,"ATL","SI","Sinker",2.4,4,"189",35.3,"53","0.192","0.308","0.21",30.2,34,26.5,"0.195","0.35","0.227",48.6
"Lugo, Seth",607625,"KC","SV","Slurve",-0.7,-2,"224",9.4,"53","0.191","0.447","0.32",18.4,15.1,14.5,"0.238","0.544","0.369",38.5
"Martin, Chris",455119,"TEX","FF","4-Seam Fastball",0.4,1,"189",29.6,"53","0.235","0.373","0.295",17.8,26.4,14.9,"0.244","0.426","0.301",43.2
"Matthews, Zebby",805673,"MIN","FC","Cutter",-0.5,-1,"175",12.9,"53","0.341","0.439","0.418",24.5,5.7,8.3,"0.322","0.485","0.42",43.6
"Abbott, Andrew",671096,"CIN","CU","Curveball",-0.4,-1,"308",11.5,"53","0.32","0.42","0.342",22.9,17,18.4,"0.251","0.35","0.272",30.2
"Soriano, José",667755,"LAA","FS","Split-Finger",0.8,2,"256",9.2,"53","0.14","0.16","0.182",39.5,45.3,20.5,"0.18","0.243","0.212",38.5
"Holman, Grant",680880,"ATH","FF","4-Seam Fastball",-0.8,-1,"179",47.7,"53","0.261","0.435","0.351",19.5,18.9,22.7,"0.292","0.53","0.394",61.1
"Bieber, Shane",669456,"TOR","FF","4-Seam Fastball",0.9,2,"230",35.7,"53","0.22","0.48","0.316",22.2,20.8,18.6,"0.256","0.567","0.364",51.3
"Peralta, Freddy",642547,"MIL","SL","Slider",0.9,3,"282",9.1,"53","0.176","0.235","0.216",51.5,37.7,20,"0.151","0.219","0.18",19.4
"Thornton, Trent",663423,"SEA","FF","4-Seam Fastball",0.8,2,"217",33.1,"53","0.217","0.348","0.295",18.8,20.8,17.7,"0.224","0.354","0.299",52.8
"King, Michael",650633,"SD","FF","4-Seam Fastball",-2.7,-8,"297",24.4,"53","0.349","0.814","0.525",30,20.8,13.8,"0.315","0.789","0.504",56.3
"Povich, Cade",700249,"BAL","ST","Sweeper",-4.8,-10,"203",10.3,"53","0.375","0.646","0.46",21.4,15.1,12.1,"0.307","0.6","0.412",55
"Woo, Bryan",693433,"SEA","CH","Changeup",-0.5,-1,"193",7.1,"53","0.235","0.353","0.275",22.5,15.1,11.6,"0.252","0.395","0.28",29.5
"Salazar, Eduardo",674285,"WSH","SL","Slider",-5.3,-9,"173",31.7,"53","0.347","0.694","0.475",37.9,28.3,22.4,"0.26","0.445","0.331",29.4
"Funderburk, Kody",681892,"MIN","SI","Sinker",0.4,1,"237",32.7,"53","0.341","0.409","0.393",18.3,17,16.7,"0.234","0.275","0.303",40
"Keller, Mitch",656605,"PIT","CH","Changeup",-1.1,-2,"200",7,"53","0.24","0.48","0.342",15.8,13.2,12.3,"0.29","0.499","0.354",37.2
"Nelson, Ryne",669194,"AZ","FC","Cutter",0.5,1,"248",10.1,"53","0.25","0.479","0.348",21.2,5.7,11.5,"0.264","0.5","0.343",41.3
"Vodnik, Victor",680767,"COL","CH","Changeup",1.7,4,"240",26.1,"53","0.109","0.13","0.184",44.2,43.4,27.7,"0.134","0.183","0.212",39.1
"Payamps, Joel",606303,"ATL","ST","Sweeper",-1.4,-3,"211",47,"52","0.213","0.447","0.304",34.5,25,17.8,"0.27","0.534","0.371",42.9
"Brieske, Beau",689225,"DET","FF","4-Seam Fastball",0.7,1,"197",48.6,"52","0.286","0.333","0.322",20.4,19.2,23.3,"0.197","0.332","0.312",48.6
"Sewald, Paul",623149,"DET","FF","4-Seam Fastball",-1.3,-2,"186",58.7,"52","0.25","0.5","0.332",23.7,26.9,22.6,"0.236","0.514","0.329",42.9
"Soroka, Michael",647336,"CHC","SI","Sinker",1.2,2,"148",9.7,"52","0.25","0.273","0.322",5.6,1.9,3.8,"0.264","0.362","0.336",48.8
"Murdock, Noah",668716,"ATH","SI","Sinker",-1.7,-4,"223",57,"52","0.325","0.45","0.437",19.6,21.2,17.2,"0.237","0.372","0.365",37.9
"González, Wikelman",682790,"CWS","FF","4-Seam Fastball",2.2,4,"206",56,"52","0.136","0.25","0.273",24,23.1,24,"0.251","0.404","0.337",45.5
"Bergert, Ryan",686701,"KC","ST","Sweeper",0.5,1,"234",17.8,"52","0.176","0.392","0.246",29.3,25,19.1,"0.217","0.366","0.258",21.1
"Trivino, Lou",642152,"PHI","SI","Sinker",0.3,0,"186",22.1,"52","0.238","0.357","0.356",19.8,7.7,19,"0.269","0.449","0.391",41
"Bradish, Kyle",680694,"BAL","SI","Sinker",3.2,5,"161",32.6,"52","0.188","0.25","0.231",25,36.5,36.5,"0.234","0.359","0.289",34.5
"Trivino, Lou",642152,"PHI","FC","Cutter",-1.4,-3,"203",24.1,"52","0.326","0.522","0.404",21.3,5.8,8.3,"0.337","0.618","0.439",25.6
"Schlittler, Cam",693645,"NYY","CU","Curveball",-0.8,-2,"186",14.8,"52","0.28","0.36","0.297",22.1,25,18.1,"0.26","0.357","0.283",32.4
"Lee, Chase",695445,"DET","SI","Sinker",1.5,3,"229",38.2,"52","0.213","0.404","0.276",14.7,15.4,25.8,"0.347","0.639","0.419",43.9
"Priester, Quinn",682990,"MIL","CU","Curveball",0.9,2,"230",9.3,"52","0.143","0.347","0.232",40.4,38.5,22.2,"0.172","0.335","0.243",40
"Ureña, José",570632,"LAA","CH","Changeup",-0.3,-1,"230",24.6,"52","0.265","0.449","0.344",24.8,11.5,8.6,"0.299","0.532","0.372",25.6
"Holmes, Clay",605280,"NYM","FC","Cutter",1.1,3,"231",8.4,"51","0.171","0.268","0.281",14.7,11.8,19.4,"0.183","0.315","0.3",22.2
"Bowman, Matt",621199,"BAL","SI","Sinker",1,2,"194",43.4,"51","0.239","0.435","0.344",13.6,17.6,16.4,"0.225","0.376","0.299",37.8
"Falter, Bailey",663559,"KC","CU","Curveball",-1.1,-3,"246",12.6,"51","0.262","0.5","0.354",25.3,19.6,17.5,"0.231","0.447","0.324",42.9
"Gusto, Ryan",687473,"MIA","SI","Sinker",-0.9,-2,"186",10.6,"51","0.326","0.465","0.393",15.1,13.7,18.9,"0.306","0.498","0.389",43.2
"Quantrill, Cal",615698,"ATL","CU","Curveball",-0.5,-1,"236",11.8,"51","0.224","0.449","0.314",22.8,9.8,8.2,"0.232","0.427","0.308",43.2
"Shugart, Chase",663767,"PIT","FC","Cutter",1.7,3,"176",25.4,"51","0.217","0.435","0.302",25.6,9.8,18.5,"0.233","0.477","0.344",26.2
"Topa, Justin",623437,"MIN","FC","Cutter",0.1,0,"196",20,"51","0.255","0.383","0.344",17.9,19.6,18.5,"0.314","0.429","0.351",37.8
"Márquez, Germán",608566,"COL","SL","Slider",-2.5,-6,"220",10.6,"51","0.422","0.578","0.467",23.3,7.8,11.8,"0.323","0.458","0.38",36.6
"Brebbia, John",605154,"ATL","SL","Slider",-1.4,-3,"199",43.4,"51","0.255","0.511","0.356",24.5,21.6,16.4,"0.229","0.422","0.297",37.8
"Faucher, Calvin",676534,"MIA","ST","Sweeper",-0.8,-1,"191",18.1,"51","0.26","0.48","0.322",28.9,29.4,16.7,"0.255","0.457","0.31",40
"Dana, Caden",702674,"LAA","SL","Slider",0.6,1,"155",27.6,"51","0.239","0.391","0.305",23.1,17.6,18.4,"0.275","0.41","0.323",31.6
"Roycroft, Chris",688297,"STL","SI","Sinker",-1.5,-3,"190",48.2,"51","0.318","0.545","0.425",19.3,13.7,15.6,"0.29","0.539","0.392",52.6
"Ohl, Pierson",701487,"MIN","FF","4-Seam Fastball",-0.7,-2,"238",43.8,"51","0.37","0.543","0.424",8.6,13.7,9.9,"0.362","0.588","0.432",53.8
"Wesneski, Hayden",669713,"HOU","FF","4-Seam Fastball",-0.4,-1,"186",36.6,"51","0.295","0.523","0.39",15.3,17.6,15.5,"0.275","0.514","0.377",44.4
"Freeland, Kyle",607536,"COL","SI","Sinker",-1.6,-2,"152",6.1,"51","0.435","0.587","0.466",9.3,0,0,"0.389","0.613","0.45",40.4
"Webb, Jacob",657097,"TEX","ST","Sweeper",-1.6,-3,"204",20.9,"51","0.22","0.46","0.311",22.2,19.6,24.4,"0.22","0.399","0.271",40
"Kittredge, Andrew",552640,"CHC","SI","Sinker",0.7,2,"274",35.7,"51","0.25","0.333","0.323",12.6,3.9,7.1,"0.29","0.418","0.33",37
"Koenig, Jared",657649,"MIL","CU","Curveball",-2.4,-4,"162",15.5,"51","0.261","0.37","0.316",39.4,39.2,24.7,"0.186","0.295","0.254",42.3
"Hoglund, Gunnar",680684,"ATH","FF","4-Seam Fastball",0.3,1,"196",35.8,"50","0.233","0.558","0.366",17.2,12,10.9,"0.328","0.745","0.467",55.3
"Webb, Logan",657277,"SF","FC","Cutter",-1.6,-4,"255",7.8,"50","0.438","0.604","0.481",18.5,10,10.4,"0.327","0.51","0.372",23.3
"Graceffo, Gordon",700669,"STL","CU","Curveball",-0.6,-1,"195",25.8,"50","0.17","0.319","0.271",31.3,32,14.7,"0.184","0.317","0.242",38.7
"Quintana, Jose",500779,"MIL","SV","Slurve",1.7,3,"186",8.6,"50","0.159","0.159","0.196",34.1,26,18.3,"0.145","0.171","0.208",18.8
"García, Luis",472610,"LAA","FS","Split-Finger",0.6,1,"200",22.3,"50","0.213","0.277","0.247",28.7,26,15.3,"0.228","0.28","0.243",40
"Neris, Héctor",593576,"HOU","FF","4-Seam Fastball",-3.2,-7,"221",40.3,"50","0.375","0.775","0.527",22.4,26,20.3,"0.283","0.621","0.422",55.2
"Murphy, Chris",669684,"BOS","CU","Curveball",2.5,4,"177",31.1,"50","0.065","0.196","0.19",29.3,26,22.8,"0.184","0.306","0.247",36.4
"Woodruff, Brandon",605540,"MIL","CH","Changeup",5.1,9,"170",17.6,"50","0.063","0.063","0.082",35.4,32,24.2,"0.118","0.136","0.136",9.4
"Ober, Bailey",641927,"MIN","ST","Sweeper",-1.6,-4,"253",10.7,"50","0.286","0.51","0.345",40.4,38,22.1,"0.207","0.391","0.261",26.7
"Raley, Brooks",548384,"NYM","ST","Sweeper",3.3,5,"163",42,"50","0.133","0.2","0.199",26.5,40,30.3,"0.151","0.254","0.224",52
"De los Santos, Yerry",660787,"NYY","CH","Changeup",-1.8,-3,"163",27.6,"50","0.273","0.318","0.343",36.1,28,18.4,"0.263","0.334","0.304",35.5
"Hodge, Porter",687863,"CHC","FF","4-Seam Fastball",-0.7,-2,"314",50.3,"50","0.273","0.545","0.367",22.2,26,14.9,"0.286","0.516","0.362",45.5
"Nance, Tommy",667297,"TOR","SL","Slider",2.5,5,"198",43,"50","0.234","0.234","0.231",15.6,14,16.3,"0.336","0.6","0.403",53.7
"May, Dustin",669160,"BOS","FC","Cutter",-1.8,-4,"210",9.7,"50","0.385","0.59","0.499",16.7,8,17.4,"0.313","0.46","0.415",34.3
"Sheehan, Emmet",686218,"LAD","CH","Changeup",0.5,1,"191",16.7,"50","0.146","0.229","0.201",30.2,32,18.8,"0.168","0.267","0.205",40.6
"Williams, Gavin",668909,"CLE","SI","Sinker",1.7,3,"192",6.6,"50","0.277","0.383","0.312",8.2,6,10,"0.293","0.477","0.351",38.6
"Ohtani, Shohei",660271,"LAD","ST","Sweeper",1.9,3,"172",22.8,"50","0.229","0.354","0.273",41.8,36,35.3,"0.168","0.254","0.2",22.6
"Johnson, Pierce",572955,"ATL","FF","4-Seam Fastball",0.5,1,"223",23,"50","0.225","0.325","0.331",22.6,32,21.3,"0.205","0.307","0.316",29.2
"Knack, Landon",689017,"LAD","CH","Changeup",1.8,4,"202",26.1,"50","0.128","0.234","0.186",34,32,18.4,"0.171","0.303","0.231",38.7
"Herrin, Tim",682120,"CLE","FF","4-Seam Fastball",-2.8,-5,"195",26,"50","0.378","0.568","0.498",12.2,10,15.6,"0.342","0.524","0.446",60.6
"Phillips, Tyler",663969,"MIA","FS","Split-Finger",1.9,3,"152",13.6,"50","0.128","0.128","0.182",28.2,20,14.7,"0.203","0.259","0.245",24.3
"Brash, Matt",666374,"SEA","SI","Sinker",0.8,1,"179",21.8,"49","0.262","0.5","0.363",6.8,22.4,28.9,"0.278","0.496","0.366",39.4
"Junk, Janson",676083,"MIA","CU","Curveball",-2,-4,"190",11.7,"49","0.383","0.511","0.389",20.7,16.3,13.1,"0.329","0.499","0.369",57.5
"Holton, Tyler",663947,"DET","ST","Sweeper",-0.6,-1,"215",18.6,"49","0.234","0.404","0.29",50,36.7,24.7,"0.217","0.313","0.249",24.1
"Eflin, Zach",621107,"BAL","CU","Curveball",-7.1,-13,"181",16.1,"49","0.417","0.917","0.555",28.9,24.5,14.3,"0.272","0.497","0.325",43.2
"Carrasco, Carlos",471911,"ATL","CH","Changeup",1.6,3,"166",21.3,"49","0.196","0.217","0.201",31.8,28.6,17.9,"0.207","0.276","0.241",24.2
"Montero, Keider",672456,"DET","CH","Changeup",0.6,1,"189",12.8,"49","0.174","0.37","0.263",21.1,16.3,13.1,"0.237","0.515","0.339",42.1
"Wheeler, Zack",554430,"PHI","CU","Curveball",1.1,2,"232",9.7,"49","0.13","0.152","0.16",55.3,61.2,30,"0.09","0.099","0.121",31.3
"Rodríguez, Elvin",660730,"BAL","FF","4-Seam Fastball",-4.8,-7,"154",46,"49","0.333","0.778","0.482",24.1,18.4,22.5,"0.287","0.737","0.446",44.4
"Schwellenbach, Spencer",680885,"ATL","SI","Sinker",0.9,1,"158",10,"49","0.234","0.447","0.341",11.1,2,8.3,"0.297","0.453","0.337",28.3
"Holton, Tyler",663947,"DET","CH","Changeup",-1.9,-3,"169",14.6,"49","0.277","0.489","0.342",26.2,8.2,8.2,"0.275","0.397","0.307",30.2
"Estrada, Jeremiah",669093,"SD","SL","Slider",-0.2,-1,"247",20,"49","0.244","0.578","0.37",40.8,24.5,20.7,"0.216","0.435","0.307",36.4
"Kochanowicz, Jack",686799,"LAA","SL","Slider",-2.1,-6,"273",14.7,"49","0.39","0.585","0.457",26.7,10.2,12.2,"0.321","0.484","0.38",28.9
"Bautista, Félix",642585,"BAL","FS","Split-Finger",2.5,4,"179",28.6,"49","0.106","0.128","0.128",51.1,51,25.8,"0.104","0.151","0.134",22.7
"Booser, Cam",592155,"CWS","ST","Sweeper",1.9,4,"182",31.9,"49","0.136","0.136","0.186",40.2,34.7,25.8,"0.162","0.236","0.213",21.4
"Sauer, Matt",669422,"LAD","FC","Cutter",-1.2,-2,"163",31.8,"49","0.279","0.581","0.402",18.2,16.3,18.6,"0.26","0.444","0.348",37.1
"Gusto, Ryan",687473,"MIA","ST","Sweeper",-1.2,-2,"180",10.2,"49","0.283","0.5","0.327",23.3,12.2,10.9,"0.24","0.498","0.316",33.3
"Fernandez, Ryan",681676,"STL","FF","4-Seam Fastball",1.2,2,"198",37.8,"49","0.231","0.333","0.338",18.2,12.2,17.1,"0.257","0.438","0.378",54.5
"Arrighetti, Spencer",681293,"HOU","FF","4-Seam Fastball",1.3,3,"196",31.7,"49","0.146","0.22","0.233",22.5,14.3,11.9,"0.247","0.45","0.36",42.9
"Slaten, Justin",686580,"BOS","FC","Cutter",3.5,6,"171",34.3,"48","0.244","0.311","0.258",22.9,6.3,30,"0.284","0.485","0.338",27.9
"Slaten, Justin",686580,"BOS","FF","4-Seam Fastball",1.6,3,"181",36.3,"48","0.163","0.186","0.23",26.4,22.9,18,"0.16","0.276","0.239",37.5
"Ort, Kaleb",672391,"HOU","ST","Sweeper",-0.4,-1,"183",23.2,"48","0.209","0.372","0.295",39.8,41.7,27.8,"0.182","0.326","0.267",52.2
"Beeter, Clayton",690925,"WSH","FF","4-Seam Fastball",-0.3,-1,"251",54,"48","0.242","0.364","0.393",15.7,8.3,8.3,"0.315","0.481","0.447",33.3
"Sasaki, Roki",808963,"LAD","FS","Split-Finger",-0.1,0,"208",33.5,"48","0.146","0.22","0.236",37.2,31.3,16.9,"0.172","0.247","0.255",42.3
"Suter, Brent",608718,"CIN","CH","Changeup",-2,-5,"251",22.5,"48","0.298","0.553","0.372",35.5,18.8,11.4,"0.249","0.467","0.298",23.1
"Curtiss, John",595928,"AZ","FC","Cutter",-0.8,-1,"168",30.8,"48","0.261","0.5","0.338",18.2,18.8,19.1,"0.275","0.464","0.33",40.5
"Holderman, Colin",670059,"PIT","SI","Sinker",0.4,1,"181",36.8,"48","0.25","0.35","0.331",22,6.3,7,"0.302","0.416","0.37",51.3
"Hall, DL",669084,"MIL","FF","4-Seam Fastball",1.6,3,"175",29.8,"48","0.171","0.293","0.271",22.1,29.2,35,"0.251","0.398","0.34",29.6
"Morgan, David",688158,"SD","SI","Sinker",2.1,4,"165",21.5,"48","0.25","0.295","0.285",12.2,12.5,16.7,"0.244","0.334","0.287",52.6
"Pérez, Cionel",672335,"BAL","SI","Sinker",-3.7,-7,"186",42.6,"48","0.387","0.581","0.533",15.6,8.3,9.3,"0.208","0.306","0.383",53.6
"Cabrera, Génesis",650893,"MIN","FF","4-Seam Fastball",-1.5,-3,"163",22.8,"48","0.238","0.619","0.396",22.5,25,20,"0.197","0.497","0.338",43.3
"Mayza, Tim",641835,"PHI","SI","Sinker",-0.1,0,"200",66.4,"48","0.279","0.419","0.369",26.7,22.9,19.6,"0.186","0.328","0.269",40.6
"Boyd, Matthew",571510,"CHC","CU","Curveball",-0.6,-2,"311",11.3,"48","0.286","0.5","0.344",23.7,25,13,"0.229","0.408","0.29",24.2
"Neris, Héctor",593576,"HOU","FS","Split-Finger",0,0,"236",43.1,"48","0.182","0.341","0.26",36.4,33.3,19.5,"0.16","0.258","0.221",32.1
"Mahle, Tyler",641816,"TEX","FC","Cutter",3,5,"172",12.5,"48","0.255","0.255","0.24",20.7,8.3,11.4,"0.248","0.366","0.272",39.5
"Buehler, Walker",621111,"PHI","ST","Sweeper",0.6,1,"151",6.9,"48","0.13","0.348","0.218",34.9,20.8,13.7,"0.208","0.362","0.262",13.9
"Kerkering, Orion",689147,"PHI","SI","Sinker",-1.4,-3,"202",18.8,"48","0.317","0.415","0.431",16.5,20.8,21.3,"0.276","0.4","0.351",54.8
"Tong, Jonah",804636,"NYM","FF","4-Seam Fastball",-2.1,-4,"213",57.4,"48","0.356","0.6","0.45",22.3,31.3,25.9,"0.274","0.508","0.348",41.9
"Scherzer, Max",453286,"TOR","CH","Changeup",-2.1,-4,"195",14,"48","0.279","0.395","0.335",20.8,22.9,12.2,"0.249","0.401","0.322",43.8
"Newcomb, Sean",656794,"ATH","FC","Cutter",-2.7,-6,"212",13.7,"48","0.474","0.579","0.498",17.4,4.2,6.3,"0.381","0.549","0.447",62.2
"Messick, Parker",800048,"CLE","CH","Changeup",-1.2,-2,"146",23.4,"48","0.319","0.34","0.303",31.2,27.1,19.1,"0.204","0.289","0.223",23.5
"Sterner, Justin",686993,"ATH","ST","Sweeper",2.2,4,"171",15.7,"48","0.089","0.156","0.127",46.5,47.9,25.8,"0.12","0.197","0.165",26.1
"O'Brien, Riley",676617,"STL","SL","Slider",0.6,1,"230",30.3,"48","0.238","0.357","0.288",29.6,27.1,28.9,"0.242","0.321","0.276",35.5
"Gibson, Cade",806188,"MIA","SI","Sinker",-0.6,-1,"215",23.7,"48","0.378","0.541","0.463",9.1,2.1,4.2,"0.351","0.466","0.427",37.8
"Hudson, Bryan",663542,"CWS","FF","4-Seam Fastball",-0.6,-1,"211",66.4,"48","0.278","0.417","0.413",23.7,18.8,16.7,"0.26","0.393","0.378",32.1
"Hancock, Emerson",676106,"SEA","SL","Slider",-1.2,-2,"162",11.4,"48","0.244","0.422","0.31",32.5,29.2,22.2,"0.267","0.434","0.322",41.9
"Walker, Taijuan",592836,"PHI","FF","4-Seam Fastball",0.3,1,"196",9.5,"47","0.244","0.341","0.297",18.4,14.9,14.6,"0.269","0.561","0.38",48.6
"Merryweather, Julian",657240,"CHC","FF","4-Seam Fastball",-2,-3,"169",47.9,"47","0.342","0.605","0.445",11.4,8.5,10.8,"0.345","0.568","0.457",54.3
"Domínguez, Seranthony",622554,"TOR","FS","Split-Finger",1.7,3,"183",16.6,"47","0.114","0.159","0.155",49.5,48.9,24,"0.141","0.212","0.187",33.3
"Murphy, Chris",669684,"BOS","FF","4-Seam Fastball",0.8,1,"179",31.5,"47","0.143","0.171","0.282",29.1,21.3,18.9,"0.162","0.219","0.301",52
"Pearson, Nate",663878,"CHC","FF","4-Seam Fastball",-1.8,-3,"146",52.1,"47","0.342","0.526","0.391",13.3,6.4,8.8,"0.274","0.427","0.363",47.4
"Strahm, Matt",621381,"PHI","SI","Sinker",1.5,2,"152",15.3,"47","0.31","0.381","0.323",16.3,6.4,13.6,"0.312","0.523","0.371",46.3
"Thornton, Trent",663423,"SEA","FC","Cutter",0.6,1,"149",22.7,"47","0.289","0.444","0.333",19.5,14.9,16.7,"0.262","0.394","0.301",23.7
"Dollander, Chase",801403,"COL","SL","Slider",-2.9,-6,"219",12.3,"47","0.341","0.614","0.444",21.1,14.9,13.7,"0.263","0.568","0.371",37.8
"Miller, Bryce",682243,"SEA","CU","Curveball",-1.2,-2,"166",10.8,"47","0.279","0.372","0.29",29.1,27.7,15.9,"0.28","0.386","0.321",56.3
"Lee, Dylan",669276,"ATL","CH","Changeup",2.2,3,"146",13.2,"47","0.2","0.244","0.217",28.6,25.5,19.4,"0.205","0.329","0.249",21.2
"Strowd, Kade",669704,"BAL","FC","Cutter",0.7,1,"167",41.1,"47","0.25","0.333","0.345",30,14.9,26.9,"0.235","0.317","0.337",40
"Carrasco, Carlos",471911,"ATL","SL","Slider",-2.8,-5,"194",24.9,"47","0.341","0.705","0.464",32.6,23.4,21.2,"0.284","0.512","0.359",57.6
"Horton, Cade",690990,"CHC","CU","Curveball",1.7,3,"174",9.7,"47","0.205","0.273","0.229",24.7,23.4,19.3,"0.202","0.305","0.236",26.5
"Agnos, Zach",688642,"COL","FC","Cutter",0.3,1,"176",33.4,"47","0.225","0.45","0.349",22,2.1,4.2,"0.324","0.631","0.433",36.6
"King, Michael",650633,"SD","ST","Sweeper",-2,-5,"232",19,"47","0.214","0.476","0.331",31.2,29.8,18.4,"0.222","0.389","0.306",28.6
"Zeferjahn, Ryan",666171,"LAA","FC","Cutter",-1,-2,"226",22,"47","0.25","0.55","0.427",28.3,10.6,20,"0.31","0.638","0.442",42.9
"Lee, Chase",695445,"DET","ST","Sweeper",-4.2,-9,"209",34.8,"47","0.356","0.778","0.468",26.3,25.5,17.1,"0.277","0.646","0.384",44.1
"Feltner, Ryan",663372,"COL","FF","4-Seam Fastball",-0.2,0,"174",33.3,"46","0.333","0.385","0.376",16.5,10.9,9.8,"0.264","0.343","0.328",47.1
"Scherzer, Max",453286,"TOR","CU","Curveball",-3.7,-6,"165",11.9,"46","0.349","0.674","0.449",23.6,17.4,16.7,"0.317","0.542","0.387",37.1
"García, Yimi",554340,"TOR","FF","4-Seam Fastball",1.9,3,"159",44.3,"46","0.162","0.243","0.269",32.9,34.8,24.6,"0.228","0.462","0.363",50
"Seymour, Ian",693855,"TB","FC","Cutter",-0.4,-1,"214",21.5,"46","0.293","0.439","0.401",18.2,8.7,12.9,"0.283","0.443","0.339",44.7
"Palmquist, Carson",687223,"COL","ST","Sweeper",0.8,2,"222",31.5,"46","0.135","0.135","0.178",33.7,23.9,14.3,"0.134","0.165","0.194",10
"Mazur, Adam",800049,"MIA","SL","Slider",1.8,3,"140",28.6,"46","0.171","0.293","0.291",35.3,23.9,22,"0.174","0.257","0.241",30
"Cannon, Jonathan",686563,"CWS","ST","Sweeper",-1.7,-4,"269",15,"46","0.295","0.614","0.38",20.4,10.9,7.4,"0.311","0.638","0.397",45
"Gomber, Austin",596295,"COL","CH","Changeup",2.1,3,"164",16.4,"46","0.25","0.341","0.276",23.4,10.9,13.9,"0.247","0.415","0.3",35.9
"Zastryzny, Rob",642239,"MIL","FF","4-Seam Fastball",2.8,4,"154",44.4,"46","0.179","0.282","0.234",24.1,15.2,13,"0.26","0.397","0.318",22.9
"Funderburk, Kody",681892,"MIN","FC","Cutter",-1.1,-2,"179",24.7,"46","0.385","0.538","0.432",19.1,17.4,17,"0.299","0.43","0.358",31.3
"Bellozo, Valente",678368,"MIA","CH","Changeup",-1.2,-2,"191",14.4,"46","0.239","0.37","0.302",27.3,15.2,10.8,"0.264","0.415","0.291",17.9
"Warren, Will",701542,"NYY","CU","Curveball",-3.5,-7,"196",7,"46","0.262","0.452","0.324",33.8,34.8,16.2,"0.224","0.39","0.296",28.6
"Cano, Yennier",666974,"BAL","ST","Sweeper",0.2,0,"184",18.7,"46","0.25","0.325","0.302",25.4,23.9,18.3,"0.272","0.382","0.327",30
"Morgan, David",688158,"SD","CU","Curveball",-0.6,-1,"179",23.4,"46","0.2","0.3","0.279",42.2,52.2,27.3,"0.164","0.25","0.245",56.3
"Clarke, Taylor",664199,"KC","CH","Changeup",1.4,2,"176",20.3,"46","0.159","0.273","0.226",28.6,26.1,17.1,"0.204","0.326","0.246",40.6
"Beck, Tristan",663941,"SF","SL","Slider",1.4,2,"174",21.3,"46","0.225","0.375","0.298",22.2,8.7,18.2,"0.306","0.52","0.396",29.7
"Bassitt, Chris",605135,"TOR","ST","Sweeper",1.8,3,"164",5.8,"46","0.19","0.333","0.249",51.1,43.5,28.6,"0.158","0.208","0.19",13
"Nance, Tommy",667297,"TOR","CU","Curveball",0.8,1,"135",29.3,"46","0.159","0.205","0.222",40.9,50,29.1,"0.162","0.185","0.176",28.6
"Henriquez, Ronny",678692,"MIA","CH","Changeup",-0.5,-1,"192",16.6,"46","0.256","0.333","0.326",35.1,26.1,27.3,"0.221","0.377","0.322",37
"Corbin, Patrick",571578,"TEX","CH","Changeup",-0.9,-2,"240",9.3,"46","0.283","0.391","0.313",39.8,19.6,13.4,"0.253","0.385","0.272",18.9
"Gonsolin, Tony",664062,"LAD","FS","Split-Finger",1.5,3,"163",26.8,"46","0.159","0.273","0.196",38,41.3,27.9,"0.154","0.284","0.197",30.8
"Cabrera, Génesis",650893,"MIN","SI","Sinker",-2.5,-4,"174",24.3,"46","0.333","0.639","0.474",12.5,2.2,4.5,"0.288","0.518","0.42",57.1
"Dubin, Shawn",681869,"BAL","FF","4-Seam Fastball",-0.1,0,"193",35,"46","0.225","0.475","0.347",17.7,19.6,20.5,"0.189","0.356","0.292",45.2
"Waldrep, Hurston",694462,"ATL","FC","Cutter",-1.4,-3,"188",21.8,"46","0.375","0.575","0.448",10.9,2.2,5,"0.362","0.584","0.443",56.4
"Gómez, Yoendrys",672782,"CWS","ST","Sweeper",0,0,"187",17,"46","0.209","0.279","0.265",30.9,28.3,18.8,"0.228","0.372","0.285",30
"Wrobleski, Justin",680736,"LAD","SI","Sinker",0.5,1,"225",20.6,"46","0.317","0.439","0.382",10.9,8.7,26.7,"0.311","0.448","0.36",50
"Gordon, Colton",676467,"HOU","SI","Sinker",-0.4,-1,"157",10.8,"45","0.326","0.442","0.38",7.7,13.3,21.4,"0.218","0.27","0.233",37.8
"Morales, Luis",806960,"ATH","ST","Sweeper",0.4,1,"220",26.8,"45","0.095","0.31","0.2",37.5,28.9,19.1,"0.139","0.317","0.225",27.6
"Sugano, Tomoyuki",608372,"BAL","CU","Curveball",-4,-10,"249",9.7,"45","0.419","0.837","0.54",17.2,4.4,4.4,"0.446","0.819","0.529",50
"McCullers Jr., Lance",621121,"HOU","CU","Curveball",-0.9,-2,"188",16.4,"45","0.243","0.27","0.332",32.1,31.1,19.2,"0.267","0.432","0.37",56.5
"Houser, Adrian",605288,"TB","CU","Curveball",0.8,2,"221",11.7,"45","0.184","0.263","0.257",27.2,22.2,19.2,"0.222","0.326","0.291",48.3
"Kowar, Jackson",663804,"SEA","FF","4-Seam Fastball",1.3,2,"162",57.7,"45","0.238","0.476","0.328",12.8,13.3,15,"0.268","0.565","0.373",55.6
"Quantrill, Cal",615698,"ATL","SL","Slider",-5.3,-9,"168",8.4,"45","0.409","0.795","0.531",16,11.1,8.9,"0.403","0.873","0.537",61.5
"Walter, Brandon",687888,"HOU","ST","Sweeper",-0.5,-1,"183",22.5,"45","0.238","0.405","0.31",23.8,24.4,20.8,"0.257","0.396","0.31",25.8
"Shugart, Chase",663767,"PIT","ST","Sweeper",-0.2,0,"199",28.8,"45","0.209","0.512","0.3",34.5,22.2,13.5,"0.185","0.404","0.258",41.2
"Clarke, Taylor",664199,"KC","SI","Sinker",2.2,3,"156",18,"45","0.205","0.432","0.263",11.4,15.6,21.9,"0.232","0.442","0.295",43.2
"Cavalli, Cade",676917,"WSH","SI","Sinker",-0.9,-1,"146",18.5,"45","0.31","0.5","0.42",9.7,4.4,9.5,"0.315","0.489","0.368",50
"Petersen, Michael",656848,"MIA","FF","4-Seam Fastball",1.4,3,"183",56,"45","0.233","0.349","0.282",23.9,20,13.8,"0.293","0.549","0.362",54.3
"Carrasco, Carlos",471911,"ATL","FF","4-Seam Fastball",-3.5,-6,"162",20.8,"45","0.385","0.718","0.483",9.6,4.4,7.7,"0.325","0.637","0.447",39.5
"Darvish, Yu",506433,"SD","SL","Slider",-0.4,-1,"160",13.8,"45","0.385","0.513","0.432",17.6,4.4,5,"0.268","0.359","0.329",32.4
"Keller, Brad",641745,"CHC","ST","Sweeper",2.4,4,"161",14.5,"45","0.067","0.133","0.104",45.8,55.6,24.5,"0.078","0.131","0.09",35
"Ogasawara, Shinnosuke",829272,"WSH","CH","Changeup",-1,-2,"150",22.3,"45","0.317","0.463","0.37",27.8,20,19.1,"0.235","0.406","0.31",37.5
"McCullers Jr., Lance",621121,"HOU","CH","Changeup",-1.7,-3,"195",17,"45","0.225","0.55","0.383",20.3,20,16.1,"0.228","0.358","0.301",41.9
"Martin, Corbin",656686,"BAL","FF","4-Seam Fastball",-1.4,-2,"147",44.3,"45","0.286","0.514","0.434",28.8,26.7,28.6,"0.243","0.445","0.374",45.8
"Pomeranz, Drew",519141,"CHC","CU","Curveball",-1.5,-3,"186",23.3,"45","0.22","0.366","0.291",26.3,40,19.8,"0.154","0.283","0.231",43.5
"Pepiot, Ryan",686752,"TB","FC","Cutter",2,3,"171",6.3,"45","0.171","0.268","0.254",24.1,24.4,28.2,"0.188","0.31","0.256",36.7
"Castillo, José",620454,"BAL","SI","Sinker",-0.5,-1,"211",38.9,"44","0.314","0.514","0.436",13.7,11.4,14.7,"0.28","0.416","0.383",40
"Gilbert, Tyler",656457,"CWS","FC","Cutter",1.4,2,"154",18.4,"44","0.179","0.308","0.253",22.5,25,22,"0.169","0.318","0.252",37.9
"Erceg, Lucas",668674,"KC","CH","Changeup",-0.5,-1,"161",16.7,"44","0.268","0.341","0.297",24.7,18.2,19,"0.27","0.384","0.309",33.3
"Bowlan, Jonathan",680742,"KC","FF","4-Seam Fastball",0.1,0,"244",33.6,"44","0.222","0.444","0.376",42.9,31.8,17.9,"0.222","0.44","0.355",50
"Gusto, Ryan",687473,"MIA","CH","Changeup",-3.5,-6,"168",9.5,"44","0.293","0.537","0.397",21.1,15.9,11.9,"0.231","0.359","0.283",23.5
"Hill, Jaden",677955,"COL","SI","Sinker",-1.6,-2,"138",28.3,"44","0.303","0.545","0.433",17.6,11.4,26.3,"0.251","0.468","0.374",43.3
"Payamps, Joel",606303,"ATL","FF","4-Seam Fastball",-1.5,-2,"162",36.1,"44","0.342","0.553","0.393",19.2,22.7,18.5,"0.227","0.408","0.328",30
"Jarvis, Bryce",686826,"AZ","FF","4-Seam Fastball",1.3,2,"158",38.6,"44","0.237","0.395","0.313",14.1,20.5,20.9,"0.234","0.353","0.322",50
"Yarbrough, Ryan",642232,"NYY","ST","Sweeper",0.7,1,"197",19.4,"44","0.186","0.326","0.23",39.2,25,19,"0.177","0.256","0.198",12.5
"McFarland, T.J.",519008,"ATH","SI","Sinker",-2.6,-4,"139",51.1,"44","0.375","0.55","0.426",11.5,9.1,14.8,"0.287","0.478","0.362",44.4
"Graveman, Kendall",608665,"AZ","SI","Sinker",-0.9,-1,"128",39.5,"44","0.342","0.526","0.417",16.7,13.6,28.6,"0.312","0.597","0.426",62.5
"Fisher, Braydon",680755,"TOR","FF","4-Seam Fastball",0,0,"184",22.1,"44","0.179","0.385","0.289",26.5,25,19,"0.219","0.456","0.33",53.6
"Beck, Tristan",663941,"SF","CU","Curveball",-2.6,-4,"141",17.3,"44","0.357","0.619","0.44",14.1,9.1,10.3,"0.37","0.623","0.436",47.4
"Gibson, Cade",806188,"MIA","CH","Changeup",2.7,4,"132",14.5,"43","0.225","0.225","0.237",14.7,9.3,11.1,"0.286","0.378","0.317",38.9
"Melton, Troy",675512,"DET","SL","Slider",2.9,4,"154",23.5,"43","0.146","0.171","0.187",29.3,20.9,16.1,"0.19","0.315","0.237",50
"Scott, Tayler",605463,"HOU","FS","Split-Finger",-0.9,-1,"155",28.9,"43","0.233","0.419","0.283",34.6,34.9,24.6,"0.214","0.367","0.247",32.1
"Woods Richardson, Simeon",680573,"MIN","CU","Curveball",0.1,0,"245",13,"43","0.262","0.5","0.331",14.6,2.3,2.9,"0.297","0.475","0.339",41.5
"Pagán, Emilio",641941,"CIN","FC","Cutter",-0.3,-1,"199",18.6,"43","0.225","0.525","0.338",31.6,32.6,23.3,"0.278","0.454","0.339",34.6
"McGreevy, Michael",700241,"STL","CH","Changeup",-1.9,-3,"147",10,"43","0.333","0.524","0.364",29.9,20.9,30,"0.265","0.455","0.316",24.2
"Adams, Travis",701519,"MIN","FF","4-Seam Fastball",-0.6,-1,"195",29.4,"43","0.282","0.462","0.374",26,25.6,14.9,"0.278","0.423","0.338",42.9
"Buehler, Walker",621111,"PHI","CH","Changeup",-1.2,-2,"150",6.9,"43","0.256","0.359","0.292",21.7,30.2,21.3,"0.163","0.225","0.203",29.6
"Senzatela, Antonio",622608,"COL","CH","Changeup",-4.9,-9,"180",7.9,"43","0.465","0.674","0.527",21.3,4.7,13.3,"0.424","0.748","0.498",36.6
"Messick, Parker",800048,"CLE","FF","4-Seam Fastball",0.7,2,"225",36,"43","0.302","0.488","0.338",29,34.9,27.3,"0.241","0.355","0.255",39.3
"Rashi, Taylor",688497,"AZ","FF","4-Seam Fastball",1.3,2,"178",55.8,"43","0.216","0.297","0.29",20.3,27.9,21.8,"0.274","0.445","0.363",48
"Estévez, Carlos",608032,"KC","CH","Changeup",1.5,2,"163",15.6,"43","0.238","0.262","0.223",19,18.6,17,"0.186","0.251","0.19",22.9
"Schmidt, Clarke",657376,"NYY","ST","Sweeper",0.5,1,"149",12.2,"43","0.125","0.275","0.188",35.8,27.9,17.9,"0.135","0.299","0.201",20.7
"Legumina, Casey",668984,"SEA","ST","Sweeper",-3.4,-5,"149",17.3,"43","0.3","0.575","0.414",27.1,23.3,16.7,"0.223","0.424","0.303",43.3
"Blalock, Bradley",687134,"COL","FS","Split-Finger",-0.1,0,"157",15.2,"43","0.256","0.436","0.292",24.7,18.6,15.4,"0.214","0.377","0.249",29.4
"De Los Santos, Enyel",660853,"HOU","CH","Changeup",-0.2,0,"168",15.2,"43","0.179","0.333","0.245",31.2,16.3,11.3,"0.197","0.336","0.262",27.3
"Hart, Kyle",606996,"SD","SI","Sinker",1.5,2,"149",21.6,"43","0.211","0.289","0.274",8.9,18.6,21.6,"0.228","0.348","0.3",40
"Cruz, Steven",674444,"KC","FC","Cutter",0.9,1,"164",25.5,"43","0.263","0.395","0.316",19,9.3,36.4,"0.281","0.411","0.329",34.3
"Winn, Cole",668390,"TEX","FC","Cutter",4.4,5,"118",19.1,"43","0.158","0.263","0.213",23.2,18.6,36.4,"0.229","0.481","0.333",43.8
"Stratton, Chris",608717,"LAD","FF","4-Seam Fastball",-2.7,-4,"166",40.4,"43","0.375","0.594","0.493",25.4,14,16.2,"0.247","0.454","0.4",33.3
"Houck, Tanner",656557,"BOS","FS","Split-Finger",-3,-4,"142",19,"43","0.425","0.475","0.421",18.8,11.6,13.2,"0.367","0.482","0.392",54.3
"Díaz, Alexis",664747,"ATL","SL","Slider",-4.5,-7,"146",40.4,"43","0.286","0.686","0.478",31.2,20.9,16.1,"0.293","0.555","0.42",42.3
"Gipson-Long, Sawyer",687830,"DET","FF","4-Seam Fastball",-7.4,-10,"131",28.3,"43","0.368","0.842","0.478",13.6,14,13.6,"0.406","0.904","0.537",54.3
"Lively, Ben",594902,"CLE","FF","4-Seam Fastball",1.6,4,"238",33.1,"43","0.211","0.421","0.315",21.2,14,12.5,"0.249","0.541","0.372",53.1
"Chivilli, Angel",683409,"COL","SL","Slider",-3,-5,"179",17.5,"43","0.302","0.535","0.357",45.5,27.9,22.6,"0.202","0.412","0.26",19.4
"Saalfrank, Andrew",685314,"AZ","CU","Curveball",1,2,"191",44.7,"43","0.189","0.243","0.244",39,32.6,20.6,"0.18","0.325","0.267",54.2
"Weathers, Ryan",677960,"MIA","CH","Changeup",-1.4,-3,"188",29.3,"43","0.286","0.571","0.356",40.6,30.2,20.6,"0.214","0.446","0.287",44.8
"Meyer, Max",676974,"MIA","SI","Sinker",-0.9,-1,"142",13.7,"43","0.415","0.439","0.417",20.8,4.7,16.7,"0.296","0.384","0.315",46.2
"Leiter, Jack",683004,"TEX","CU","Curveball",-1.4,-3,"244",9.4,"42","0.237","0.5","0.33",34.1,28.6,17.6,"0.219","0.424","0.294",48.1
"King, John",667463,"STL","CH","Changeup",-2.4,-4,"152",19.4,"42","0.333","0.462","0.38",20,9.5,8,"0.287","0.434","0.339",34.3
"Koenig, Jared",657649,"MIL","FC","Cutter",-0.4,-1,"181",17.4,"42","0.27","0.486","0.357",13.8,7.1,12,"0.227","0.391","0.304",20
"Lucchesi, Joey",664192,"SF","CU","Curveball",-0.2,0,"169",26.7,"42","0.19","0.333","0.224",27.8,31,20.6,"0.182","0.28","0.199",24.1
"Díaz, Alexis",664747,"ATL","FF","4-Seam Fastball",-0.5,-1,"215",59.6,"42","0.152","0.424","0.344",19.8,19,11.6,"0.172","0.426","0.347",28
"Kahnle, Tommy",592454,"DET","FF","4-Seam Fastball",-1.7,-2,"145",14,"42","0.219","0.344","0.373",17.6,21.4,19.1,"0.217","0.365","0.355",39.1
"Orze, Eric",679358,"TB","FF","4-Seam Fastball",2.9,5,"174",25.6,"42","0.091","0.091","0.22",23.8,16.7,14.6,"0.207","0.34","0.336",30.8
"Kinley, Tyler",641755,"ATL","CU","Curveball",1.2,2,"151",12.3,"42","0.077","0.154","0.162",44.3,54.8,26.7,"0.122","0.198","0.176",12.5
"Gomber, Austin",596295,"COL","SL","Slider",-0.4,-1,"153",15.3,"42","0.278","0.389","0.332",18.8,11.9,11.9,"0.232","0.4","0.324",40.6
"Alvarado, José",621237,"PHI","FC","Cutter",2.8,4,"139",30.4,"42","0.105","0.105","0.152",47.4,50,35,"0.103","0.17","0.171",35.3
"Rodríguez, Manuel",655889,"TB","SI","Sinker",-0.4,-1,"147",34.1,"42","0.333","0.487","0.39",21.1,11.9,26.3,"0.261","0.341","0.295",44.1
"Fuentes, Didier",800311,"ATL","FF","4-Seam Fastball",-4.6,-8,"169",57.7,"42","0.486","0.886","0.586",18.8,11.9,10.6,"0.366","0.668","0.482",58.1
"Kolek, Stephen",663568,"KC","CH","Changeup",2.6,5,"196",11.6,"42","0.049","0.049","0.108",24.7,26.2,21.2,"0.163","0.245","0.203",41.9
"Yarbrough, Ryan",642232,"NYY","FF","4-Seam Fastball",0.9,1,"141",13.9,"42","0.15","0.4","0.249",22.2,40.5,21.3,"0.171","0.409","0.261",65.2
"Bibee, Tanner",676440,"CLE","CU","Curveball",0,0,"152",5.1,"42","0.25","0.325","0.277",21.6,21.4,12.2,"0.277","0.351","0.292",37.5
"Moreta, Dauri",664294,"PIT","SL","Slider",0.1,0,"162",56.8,"42","0.256","0.462","0.333",38.7,38.1,28.1,"0.286","0.494","0.357",34.8
"Kopech, Michael",656629,"LAD","FF","4-Seam Fastball",0.6,1,"191",82.7,"42","0.103","0.103","0.302",24.4,16.7,12.7,"0.208","0.247","0.354",31.8
"Sale, Chris",519242,"ATL","CH","Changeup",-1.3,-2,"154",7.6,"42","0.333","0.5","0.36",24.7,16.7,15.2,"0.261","0.444","0.302",37.1
"Barlow, Scott",605130,"CIN","CU","Curveball",0,0,"209",16.4,"42","0.158","0.263","0.229",40.3,47.6,22,"0.146","0.209","0.205",22.2
"Bieber, Shane",669456,"TOR","SL","Slider",1.4,2,"130",20.2,"42","0.175","0.375","0.252",36.7,35.7,26.8,"0.215","0.35","0.263",36
"Bender, Anthony",669622,"MIA","SL","Slider",0.3,1,"175",22.3,"42","0.243","0.405","0.326",24.7,16.7,16.3,"0.223","0.365","0.305",36.7
"Schultz, Paxton",687606,"TOR","FF","4-Seam Fastball",-1.3,-2,"166",37.1,"42","0.314","0.571","0.413",25.9,28.6,20.7,"0.266","0.471","0.375",41.7
"Wilson, Bryse",669060,"CWS","CH","Changeup",-2.2,-3,"152",17.8,"42","0.314","0.486","0.404",15.9,9.5,8.2,"0.317","0.481","0.403",41.9
"Montas, Frankie",593423,"NYM","FF","4-Seam Fastball",-1.2,-2,"178",25.1,"42","0.282","0.692","0.417",27.7,28.6,18.5,"0.215","0.43","0.291",46.4
"Garrett, Reed",657585,"NYM","ST","Sweeper",1.9,4,"207",21.1,"42","0.225","0.325","0.26",45.2,38.1,28.6,"0.186","0.255","0.214",25
"Pressly, Ryan",519151,"CHC","SL","Slider",0.5,1,"140",21.2,"42","0.297","0.351","0.336",18.9,9.5,13.8,"0.31","0.414","0.359",51.5
"Rea, Colin",607067,"CHC","CU","Curveball",1.1,3,"234",9.2,"42","0.231","0.359","0.269",26,19,16,"0.247","0.401","0.295",28.1
"Zeferjahn, Ryan",666171,"LAA","SL","Slider",-0.2,0,"172",16.7,"41","0.219","0.406","0.361",27.8,24.4,25.6,"0.27","0.519","0.413",45.5
"Veneziano, Anthony",685107,"STL","FF","4-Seam Fastball",0.2,0,"146",30.4,"41","0.25","0.361","0.362",17.1,24.4,20.8,"0.266","0.365","0.325",46.2
"Moll, Sam",594580,"CIN","ST","Sweeper",-0.5,-1,"148",44.6,"41","0.194","0.417","0.345",43.9,39,29.6,"0.174","0.352","0.267",52.4
"Ashcraft, Braxton",677952,"PIT","SI","Sinker",1.9,3,"163",14.8,"41","0.237","0.289","0.288",19.1,12.2,21.7,"0.281","0.379","0.315",48.5
"Montas, Frankie",593423,"NYM","FS","Split-Finger",0.1,0,"146",20.6,"41","0.189","0.27","0.248",32,24.4,13.5,"0.199","0.301","0.261",29.6
"Kelly, Michael",547184,"ATH","FF","4-Seam Fastball",0.5,1,"192",29.2,"41","0.114","0.229","0.248",21.7,24.4,14.3,"0.188","0.345","0.293",44
"Holderman, Colin",670059,"PIT","ST","Sweeper",-5.5,-7,"133",27,"41","0.424","0.576","0.488",30.6,24.4,14.7,"0.287","0.377","0.369",34.8
"Holman, Grant",680880,"ATH","FS","Split-Finger",-0.6,-1,"146",38.9,"41","0.308","0.41","0.333",31.7,14.6,15,"0.247","0.473","0.324",36.4
"Mederos, Victor",682989,"LAA","SI","Sinker",-1.5,-2,"153",48.7,"41","0.314","0.629","0.44",9.7,12.2,14.3,"0.225","0.437","0.34",43.3
"Stratton, Hunter",676702,"ATL","FF","4-Seam Fastball",-2.9,-5,"160",46.6,"41","0.371","0.657","0.443",14.6,19.5,13.6,"0.324","0.588","0.399",44.8
"Phillips, Connor",683175,"CIN","ST","Sweeper",3,5,"170",45.1,"41","0.053","0.158","0.13",53.2,46.3,31.1,"0.111","0.222","0.181",31.6
"Holmes, Clay",605280,"NYM","FF","4-Seam Fastball",1.1,2,"149",5.4,"41","0.154","0.256","0.201",19.4,31.7,18.6,"0.242","0.485","0.323",61.5
"Faucher, Calvin",676534,"MIA","CU","Curveball",1.5,2,"159",15.1,"41","0.111","0.111","0.143",38.6,34.1,22.6,"0.17","0.2","0.196",29.2
"Poulin, PJ",676571,"WSH","FF","4-Seam Fastball",1,2,"186",44.4,"41","0.229","0.257","0.287",17.1,24.4,21.7,"0.237","0.359","0.319",56
"Englert, Mason",669438,"TB","FF","4-Seam Fastball",1.3,2,"143",19.8,"41","0.222","0.361","0.305",19.3,24.4,16.1,"0.237","0.41","0.326",46.2
"Lucchesi, Joey",664192,"SF","FF","4-Seam Fastball",0.6,1,"158",25,"41","0.243","0.432","0.349",17.7,19.5,13.1,"0.243","0.394","0.315",34.5
"Fulmer, Carson",608334,"LAA","CH","Changeup",0.7,1,"130",28.3,"41","0.211","0.395","0.272",34.1,22,19.6,"0.184","0.333","0.24",30
"Thielbar, Caleb",573204,"CHC","SL","Slider",2.2,3,"123",14.7,"41","0.184","0.237","0.205",33.3,31.7,31,"0.172","0.216","0.196",23.1
"McGreevy, Michael",700241,"STL","FC","Cutter",2.8,4,"144",9.8,"41","0.2","0.425","0.261",14.6,2.4,6.3,"0.292","0.576","0.365",37.5
"Gage, Matt",657424,"SF","FF","4-Seam Fastball",-0.1,0,"146",27.5,"40","0.242","0.303","0.32",30.3,30,19.7,"0.154","0.193","0.246",23.8
"Gray, Sonny",543243,"STL","CH","Changeup",-1.5,-3,"229",8.4,"40","0.359","0.667","0.464",25.6,7.5,27.3,"0.347","0.642","0.427",30.6
"Gibson, Cade",806188,"MIA","ST","Sweeper",0.4,1,"129",14.2,"40","0.176","0.324","0.268",30,25,18.2,"0.191","0.278","0.278",28
"Gausman, Kevin",592332,"TOR","SL","Slider",-1.3,-3,"267",8.8,"40","0.333","0.59","0.383",37.6,12.5,9.1,"0.347","0.63","0.416",57.1
"Cleavinger, Garrett",664076,"TB","FF","4-Seam Fastball",0.7,1,"105",12,"40","0.205","0.333","0.243",38.6,55,35.5,"0.139","0.186","0.155",35.3
"Agnos, Zach",688642,"COL","FF","4-Seam Fastball",-1.4,-2,"155",29.4,"40","0.313","0.531","0.438",25,10,11.4,"0.266","0.489","0.397",57.1
"McLean, Nolan",690997,"NYM","ST","Sweeper",-0.3,-1,"190",25.7,"40","0.361","0.528","0.418",20.3,15,14.3,"0.38","0.6","0.448",46.7
"Muñoz, Andrés",662253,"SEA","SI","Sinker",0.7,1,"129",12.5,"40","0.281","0.281","0.325",11.1,17.5,24.1,"0.24","0.266","0.301",46.2
"Montas, Frankie",593423,"NYM","SI","Sinker",-0.5,-1,"124",17.5,"40","0.333","0.472","0.395",10.9,12.5,20.8,"0.329","0.516","0.395",41.9
"Clarke, Taylor",664199,"KC","FF","4-Seam Fastball",-0.8,-1,"189",21.8,"40","0.306","0.556","0.399",8.1,10,6.1,"0.391","0.721","0.492",59.4
"Keller, Brad",641745,"CHC","SL","Slider",-0.2,0,"192",17.3,"40","0.278","0.389","0.345",25.9,15,10.7,"0.336","0.516","0.391",41.9
"O'Brien, Riley",676617,"STL","ST","Sweeper",1,2,"161",21.2,"40","0.059","0.176","0.186",50.7,47.5,23.2,"0.081","0.139","0.185",33.3
"Allard, Kolby",663465,"CLE","FC","Cutter",-0.5,-1,"193",19.3,"40","0.316","0.526","0.378",15.2,10,13.3,"0.295","0.521","0.363",41.2
"Milner, Hoby",571948,"TEX","FF","4-Seam Fastball",2,3,"164",14.2,"40","0.111","0.167","0.16",21.8,37.5,16.9,"0.127","0.241","0.212",40.9
"Keller, Brad",641745,"CHC","CH","Changeup",1.7,2,"130",11.7,"40","0.189","0.216","0.241",39.7,32.5,26,"0.181","0.227","0.218",20.8
"Alcala, Jorge",660896,"STL","SL","Slider",-2.4,-4,"163",15.4,"40","0.4","0.686","0.475",19.7,25,20,"0.288","0.456","0.351",42.3
"Núñez, Eduarniel",674384,"ATH","FF","4-Seam Fastball",-1.3,-2,"155",62.2,"40","0.231","0.385","0.398",26.6,12.5,12.5,"0.195","0.262","0.359",22.7
"Heaney, Andrew",571760,"LAD","CU","Curveball",-1.8,-4,"232",11.1,"40","0.395","0.579","0.435",24.7,17.5,13,"0.323","0.535","0.384",29
"Ragans, Cole",666142,"KC","SL","Slider",0.4,1,"149",13.8,"40","0.211","0.316","0.25",43.4,55,28.9,"0.164","0.235","0.199",43.8
"Domínguez, Seranthony",622554,"TOR","SI","Sinker",-0.4,-1,"148",13.4,"40","0.364","0.455","0.403",11.4,10,25,"0.319","0.385","0.382",50
"Morton, Charlie",450203,"ATL","FC","Cutter",0,0,"232",9.1,"40","0.387","0.516","0.463",24.8,2.5,7.7,"0.371","0.51","0.453",20
"Rea, Colin",607067,"CHC","FC","Cutter",1.4,3,"185",7.3,"40","0.229","0.257","0.259",16.3,5,11.1,"0.246","0.321","0.284",26.5
"Falter, Bailey",663559,"KC","FS","Split-Finger",-1.3,-2,"151",7.7,"40","0.256","0.487","0.324",13.6,7.5,12.5,"0.343","0.641","0.422",52.8
"Darvish, Yu",506433,"SD","FF","4-Seam Fastball",0.5,1,"190",16.4,"40","0.282","0.487","0.338",20,30,23.1,"0.215","0.398","0.269",44.4
"Woodford, Jake",663765,"AZ","CH","Changeup",-1.8,-2,"116",18.6,"40","0.297","0.459","0.375",15.4,10,7.7,"0.315","0.428","0.351",24.2
"Meyer, Max",676974,"MIA","CH","Changeup",-0.4,-1,"180",17.3,"40","0.211","0.368","0.314",21.3,17.5,16.3,"0.229","0.396","0.286",32.3
"Sears, JP",676664,"SD","SI","Sinker",-0.1,0,"160",6.8,"39","0.375","0.438","0.376",12.7,5.1,10.5,"0.329","0.409","0.359",51.5
"Hanifee, Brenan",669724,"DET","SL","Slider",-1.2,-2,"200",21.1,"39","0.289","0.342","0.336",32.9,23.1,13.6,"0.283","0.416","0.308",44.8
"Adams, Travis",701519,"MIN","SL","Slider",-1.9,-3,"133",20.1,"39","0.194","0.484","0.329",32,25.6,13.5,"0.204","0.468","0.342",43.5
"DeSclafani, Anthony",543101,"AZ","SI","Sinker",-2.3,-3,"113",17.8,"39","0.286","0.6","0.405",10.3,15.4,26.1,"0.304","0.589","0.409",58.6
"Walter, Brandon",687888,"HOU","FF","4-Seam Fastball",0.9,1,"157",19.3,"39","0.105","0.263","0.19",31.2,43.6,20.5,"0.169","0.359","0.231",28.6
"Alexander, Jason",669920,"HOU","ST","Sweeper",-2.4,-5,"200",16,"39","0.306","0.694","0.437",26.6,20.5,16,"0.282","0.57","0.386",42.9
"Evans, Logan",688138,"SEA","CH","Changeup",0.1,0,"163",12.2,"39","0.205","0.333","0.231",19.4,20.5,12.9,"0.212","0.33","0.233",29
"Bido, Osvaldo",674370,"ATH","CH","Changeup",-2.6,-4,"146",10.6,"39","0.297","0.459","0.328",25,17.9,21.9,"0.265","0.412","0.31",25.8
"Cano, Yennier",666974,"BAL","CH","Changeup",-5.5,-7,"123",12.5,"39","0.417","0.667","0.465",30.3,28.2,19.3,"0.287","0.428","0.331",30.8
"Sears, JP",676664,"SD","SL","Slider",-0.7,-1,"161",6.8,"39","0.257","0.657","0.403",22.2,23.1,22.5,"0.223","0.487","0.329",37
"Brasier, Ryan",518489,"CHC","FF","4-Seam Fastball",2.5,4,"143",35.4,"39","0.147","0.235","0.203",18.3,17.9,13.5,"0.278","0.459","0.347",44.8
"Nicolas, Kyle",693312,"PIT","SL","Slider",-1.8,-3,"174",26.7,"39","0.257","0.4","0.372",45.1,25.6,17.5,"0.238","0.402","0.315",48
"Svanson, Matt",694335,"STL","FC","Cutter",0.2,0,"158",16.4,"39","0.219","0.313","0.314",27.9,23.1,24.3,"0.265","0.398","0.359",47.8
"Vargas, Carlos",672841,"SEA","FC","Cutter",-0.7,-1,"142",13,"39","0.306","0.528","0.374",20.8,20.5,22.2,"0.235","0.405","0.293",44.8
"Strider, Spencer",675911,"ATL","CU","Curveball",-0.1,0,"188",8.9,"38","0.156","0.406","0.305",53.7,39.5,27.3,"0.139","0.303","0.266",23.5
"Boushley, Caleb",676961,"TEX","FF","4-Seam Fastball",-1.5,-2,"144",19.4,"38","0.364","0.576","0.466",22.1,18.4,15.2,"0.388","0.667","0.482",61.5
"Lawrence, Justin",664875,"PIT","ST","Sweeper",2.7,4,"135",50,"38","0.086","0.114","0.154",40,44.7,27,"0.122","0.142","0.181",0
"Blewett, Scott",656240,"BAL","FS","Split-Finger",2,3,"135",19,"38","0.171","0.257","0.2",28.2,23.7,23.7,"0.205","0.365","0.253",50
"Funderburk, Kody",681892,"MIN","ST","Sweeper",2.4,3,"144",19.9,"38","0.057","0.143","0.132",37.3,47.4,25.4,"0.129","0.211","0.188",41.2
"Shugart, Chase",663767,"PIT","FF","4-Seam Fastball",0.4,1,"128",18.5,"38","0.138","0.276","0.322",15.2,23.7,17.6,"0.272","0.479","0.408",50
"Simpson, Josh",681006,"MIA","ST","Sweeper",-0.6,-1,"158",25.8,"38","0.171","0.371","0.301",40.3,39.5,28.3,"0.15","0.247","0.248",25
"Eflin, Zach",621107,"BAL","ST","Sweeper",-2,-3,"160",14.2,"38","0.364","0.576","0.425",33.7,15.8,15.4,"0.23","0.371","0.303",17.9
"Sands, Cole",663485,"MIN","CU","Curveball",-0.4,-1,"213",18.6,"38","0.2","0.314","0.259",29.8,34.2,17.3,"0.166","0.247","0.219",22.7
"Long, Sam",669674,"KC","SL","Slider",-1.2,-2,"202",25.7,"38","0.361","0.5","0.416",31.3,21.1,13.1,"0.258","0.432","0.316",39.3
"Blackburn, Paul",621112,"NYY","FC","Cutter",-1,-2,"180",27,"38","0.375","0.531","0.446",19.3,7.9,9.4,"0.282","0.408","0.366",33.3
"Cruz, Fernando",518585,"NYY","FF","4-Seam Fastball",3,5,"153",19.3,"38","0.103","0.207","0.247",26.1,18.4,31.8,"0.269","0.487","0.391",47.8
"Matsui, Yuki",673513,"SD","SL","Slider",1,2,"169",15.9,"38","0.273","0.364","0.285",22.8,5.3,8,"0.322","0.458","0.342",38.2
"Garcia, Brandyn",805299,"AZ","SI","Sinker",-1.1,-2,"145",52.3,"38","0.394","0.455","0.442",7.4,10.5,9.8,"0.323","0.445","0.381",65.5
"Pérez, Eury",691587,"MIA","CU","Curveball",0.2,0,"154",9.2,"38","0.27","0.351","0.284",20.9,18.4,11.9,"0.271","0.47","0.325",36.7
"Soriano, George",666277,"MIA","FF","4-Seam Fastball",-2.5,-3,"123",17.8,"38","0.281","0.688","0.449",29.7,34.2,25.5,"0.314","0.862","0.517",68.4
"Simpson, Josh",681006,"MIA","CU","Curveball",0.2,0,"145",23.7,"38","0.226","0.226","0.318",29.3,28.9,22.4,"0.233","0.271","0.309",55
"Myers, Tobias",668964,"MIL","FS","Split-Finger",3.2,4,"129",15.6,"38","0.108","0.162","0.155",39.4,31.6,24.5,"0.117","0.196","0.149",24
"Gordon, Colton",676467,"HOU","CH","Changeup",-1.1,-1,"114",7.9,"38","0.263","0.447","0.303",26.2,10.5,13.3,"0.269","0.422","0.295",35.3
"Eder, Jake",671109,"LAA","FF","4-Seam Fastball",0.7,1,"135",44.7,"38","0.2","0.3","0.318",25,18.4,18.9,"0.214","0.435","0.362",52.2
"Wesneski, Hayden",669713,"HOU","ST","Sweeper",1.8,2,"125",24.6,"38","0.184","0.316","0.213",26.8,31.6,17.9,"0.221","0.349","0.245",34.6
"Leahy, Kyle",681517,"STL","CH","Changeup",-0.4,-1,"129",9.6,"38","0.286","0.4","0.33",16.9,13.2,13.9,"0.26","0.417","0.322",40
"Ashby, Aaron",676879,"MIL","CH","Changeup",-1,-1,"122",11.8,"38","0.286","0.429","0.338",31.3,23.7,25,"0.25","0.353","0.293",42.3
"Whisenhunt, Carson",687931,"SF","CH","Changeup",-2.7,-4,"152",37.3,"38","0.286","0.543","0.378",37.8,15.8,11.3,"0.253","0.408","0.314",44.8
"Graceffo, Gordon",700669,"STL","SL","Slider",-0.2,0,"201",26.6,"38","0.333","0.444","0.358",28.7,7.9,6.7,"0.296","0.401","0.322",54.5
"Blanco, Ronel",669854,"HOU","CU","Curveball",0,0,"161",20.3,"38","0.194","0.444","0.289",31.3,23.7,18.8,"0.173","0.365","0.251",33.3
"Williams, Trevor",592866,"WSH","CH","Changeup",-1,-2,"186",12.8,"38","0.206","0.324","0.259",38.5,21.1,11.4,"0.271","0.396","0.313",33.3
"Keller, Brad",641745,"CHC","SI","Sinker",3.1,5,"160",14.4,"38","0.147","0.147","0.192",25.4,21.1,30.8,"0.167","0.181","0.212",7.7
"Hernández, Carlos",672578,"CLE","SL","Slider",0,0,"147",19.4,"38","0.27","0.405","0.284",32.4,21.1,19,"0.237","0.516","0.312",40
"Faucher, Calvin",676534,"MIA","FF","4-Seam Fastball",-0.5,-1,"182",17.3,"38","0.241","0.345","0.361",18.3,23.7,15,"0.274","0.401","0.388",45
"Myers, Tobias",668964,"MIL","SL","Slider",1.9,3,"135",16.3,"38","0.167","0.25","0.207",16,15.8,13.3,"0.239","0.37","0.283",43.3
"Ferguson, Tyler",621053,"ATH","SI","Sinker",0.9,1,"147",14.8,"37","0.138","0.172","0.271",25.8,21.6,22.9,"0.175","0.219","0.275",36.4
"Wilson, Bryse",669060,"CWS","CU","Curveball",-1.2,-2,"143",16.7,"37","0.257","0.571","0.346",18.8,10.8,8,"0.254","0.59","0.38",40.6
"Vasil, Mike",678024,"CWS","CU","Curveball",-0.4,-1,"203",12.3,"37","0.25","0.375","0.327",32.3,18.9,14.3,"0.232","0.346","0.308",48
"Cox, Austin",680735,"ATL","FF","4-Seam Fastball",-5.2,-8,"152",35.6,"37","0.417","1.028","0.6",11.5,27,21.3,"0.292","0.763","0.443",65.4
"Rocker, Kumar",677958,"TEX","SL","Slider",0.7,1,"180",16,"37","0.222","0.389","0.306",38.5,32.4,16.4,"0.237","0.395","0.283",29.2
"Suter, Brent",608718,"CIN","SL","Slider",-1.5,-2,"136",12.2,"37","0.243","0.378","0.275",26.7,18.9,13.7,"0.323","0.498","0.35",30
"Merryweather, Julian",657240,"CHC","SL","Slider",0.2,0,"175",49.6,"37","0.25","0.333","0.266",28.4,27,18.9,"0.281","0.408","0.307",50
"Sulser, Cole",642121,"TB","FF","4-Seam Fastball",2.7,4,"153",39.5,"37","0.242","0.273","0.28",27.9,32.4,22.6,"0.226","0.306","0.279",61.9
"Gore, MacKenzie",669022,"WSH","FC","Cutter",-0.3,0,"128",4.5,"37","0.212","0.242","0.255",41.3,43.2,26.7,"0.183","0.301","0.259",64.7
"Hernández, Carlos",672578,"CLE","FS","Split-Finger",0.6,1,"151",19.9,"37","0.176","0.235","0.247",48.6,40.5,27.3,"0.16","0.188","0.218",10.5
"DeSclafani, Anthony",543101,"AZ","SL","Slider",-4,-6,"140",22.1,"37","0.424","0.939","0.584",29.4,10.8,20,"0.274","0.517","0.373",48.3
"Soroka, Michael",647336,"CHC","CH","Changeup",-0.3,0,"154",10.1,"37","0.206","0.265","0.246",20.6,16.2,11.5,"0.199","0.291","0.251",21.4
"DeSclafani, Anthony",543101,"AZ","CU","Curveball",1.4,2,"136",21.5,"37","0.152","0.242","0.188",23.2,29.7,15.9,"0.12","0.18","0.173",25
"Harrison, Kyle",690986,"BOS","SV","Slurve",-3.1,-5,"161",27.4,"37","0.333","0.639","0.442",28.4,13.5,10.9,"0.298","0.518","0.356",45.2
"Gillispie, Connor",687362,"MIA","ST","Sweeper",-0.2,0,"139",29.5,"37","0.294","0.441","0.33",19.7,21.6,19.5,"0.273","0.45","0.339",44.4
"Blalock, Bradley",687134,"COL","SL","Slider",-0.8,-1,"160",15.5,"37","0.265","0.471","0.354",23.2,10.8,12.1,"0.284","0.504","0.364",50
"Orze, Eric",679358,"TB","SL","Slider",-2.8,-5,"177",26,"37","0.406","0.844","0.549",19.8,8.1,15,"0.28","0.603","0.413",34.5
"Englert, Mason",669438,"TB","SI","Sinker",1.1,1,"124",17.1,"37","0.242","0.333","0.3",16.7,21.6,29.6,"0.265","0.401","0.331",64
"Schwellenbach, Spencer",680885,"ATL","FC","Cutter",1.9,3,"177",11.3,"37","0.242","0.394","0.343",17.7,2.7,10,"0.232","0.365","0.302",25
"Cabrera, Génesis",650893,"MIN","FC","Cutter",0.8,1,"146",20.4,"37","0.235","0.382","0.281",34.2,24.3,20.5,"0.232","0.351","0.268",30.8
"Suarez, Robert",663158,"SD","SI","Sinker",3.9,5,"135",12.5,"37","0.139","0.222","0.175",10.7,16.2,18.2,"0.285","0.49","0.341",40
"Evans, Logan",688138,"SEA","CU","Curveball",-5.4,-7,"131",9.8,"37","0.351","0.676","0.434",18.5,16.2,9.5,"0.361","0.691","0.447",51.6
"Schreiber, John",670167,"KC","FC","Cutter",2,4,"196",18.7,"37","0.212","0.394","0.305",19.4,13.5,16.1,"0.228","0.405","0.315",28.6
"McGough, Scott",543518,"ATH","FF","4-Seam Fastball",-1.2,-1,"115",38.7,"37","0.281","0.531","0.392",17,16.2,18.2,"0.299","0.651","0.438",50
"Javier, Cristian",664299,"HOU","CH","Changeup",3.4,4,"115",18.6,"37","0.176","0.235","0.222",35.3,27,25.6,"0.227","0.355","0.284",37.5
"Weissert, Greg",669711,"BOS","SL","Slider",0.5,1,"173",16.2,"37","0.281","0.469","0.349",27.8,10.8,28.6,"0.321","0.538","0.382",45.2
"Bieber, Shane",669456,"TOR","CU","Curveball",3.8,5,"120",18.6,"36","0.147","0.176","0.174",22.8,19.4,16.3,"0.276","0.445","0.329",63
"Altavilla, Dan",656186,"CWS","FF","4-Seam Fastball",-1.2,-1,"121",26.5,"36","0.125","0.292","0.339",16,13.9,13.5,"0.178","0.397","0.384",35
"Hanifee, Brenan",669724,"DET","FF","4-Seam Fastball",3,3,"114",12.1,"36","0.147","0.147","0.169",16.4,27.8,17.5,"0.206","0.308","0.248",41.7
"Peralta, Wandy",593974,"SD","SL","Slider",-0.8,-1,"189",16.6,"36","0.314","0.543","0.397",41.7,19.4,13,"0.252","0.324","0.261",28.6
"Robertson, David",502085,"PHI","FC","Cutter",0.1,0,"151",49.7,"36","0.25","0.5","0.358",16.7,30.6,33.3,"0.219","0.456","0.33",52.4
"Klein, Will",694361,"LAD","FF","4-Seam Fastball",0.4,1,"175",57.4,"36","0.222","0.259","0.315",27,36.1,21.3,"0.198","0.287","0.314",66.7
"Mlodzinski, Carmen",669387,"PIT","ST","Sweeper",0.4,1,"173",10.5,"36","0.222","0.444","0.281",25,19.4,15.6,"0.231","0.415","0.273",20.7
"Taylor, Grant",691799,"CWS","CU","Curveball",0.6,1,"132",21.6,"36","0.257","0.343","0.274",37,41.7,32.6,"0.186","0.221","0.19",45
"Lee, Chase",695445,"DET","FF","4-Seam Fastball",-0.5,-1,"126",21,"36","0.194","0.323","0.286",26.9,41.7,22.4,"0.155","0.203","0.232",37.5
"Trivino, Lou",642152,"PHI","CH","Changeup",-1,-1,"140",16.6,"36","0.29","0.452","0.333",36.9,27.8,15.9,"0.171","0.374","0.29",34.8
"Topa, Justin",623437,"MIN","CH","Changeup",-1.8,-3,"147",15,"36","0.294","0.382","0.343",21.1,16.7,11.3,"0.299","0.477","0.351",50
"Waldrep, Hurston",694462,"ATL","SI","Sinker",2.5,4,"162",18.8,"36","0.219","0.281","0.28",19,11.1,20,"0.284","0.363","0.328",46.4
"Berríos, José",621244,"TOR","FC","Cutter",-0.3,-1,"149",5.8,"36","0.343","0.486","0.369",16.3,2.8,8.3,"0.292","0.412","0.315",32.4
"Schmidt, Clarke",657376,"NYY","SL","Slider",4.3,7,"158",12.9,"36","0.061","0.152","0.139",31.8,13.9,27.8,"0.158","0.336","0.248",28.6
"Treinen, Blake",595014,"LAD","SI","Sinker",-0.1,0,"152",29.7,"36","0.379","0.483","0.44",5.8,11.1,14.8,"0.303","0.449","0.394",52
"Rogers, Trevor",669432,"BAL","FC","Cutter",1.9,4,"191",11.7,"36","0.065","0.161","0.158",40,22.2,19,"0.121","0.251","0.228",29.2
"Martin, Chris",455119,"TEX","FS","Split-Finger",2.5,3,"115",18,"36","0.2","0.2","0.175",28.6,38.9,25.9,"0.201","0.23","0.186",36.4
"Allard, Kolby",663465,"CLE","CU","Curveball",-1.5,-2,"132",13.2,"36","0.314","0.4","0.324",12.7,8.3,5.9,"0.265","0.348","0.276",34.4
"Bowlan, Jonathan",680742,"KC","SI","Sinker",4.3,5,"125",17.2,"36","0.161","0.161","0.209",18.2,11.1,14.3,"0.176","0.2","0.226",10.7
"Springs, Jeffrey",605488,"ATH","FC","Cutter",-1.9,-3,"167",5.9,"36","0.25","0.563","0.379",28.3,19.4,16.3,"0.276","0.581","0.396",48
"Eovaldi, Nathan",543135,"TEX","SI","Sinker",4,4,"97",5.1,"36","0.235","0.265","0.274",9.1,0,0,"0.287","0.405","0.32",23.5
"Lara, Andry",691251,"WSH","FF","4-Seam Fastball",-1.3,-1,"116",45.5,"36","0.379","0.483","0.434",4.1,8.3,11.1,"0.275","0.409","0.363",40.7
"Cleavinger, Garrett",664076,"TB","ST","Sweeper",5.8,5,"90",10.3,"36","0.056","0.056","0.069",60.9,63.9,44.2,"0.118","0.141","0.132",7.7
"Uceta, Edwin",670955,"TB","FC","Cutter",-1.6,-3,"193",15.9,"36","0.424","0.636","0.491",31.3,8.3,18.8,"0.353","0.531","0.408",33.3
"Rutledge, Jackson",671131,"WSH","FC","Cutter",-4.7,-8,"175",13.1,"36","0.5","1","0.665",31.4,19.4,20,"0.341","0.642","0.449",36
"Jobe, Jackson",695549,"DET","SI","Sinker",0.1,0,"116",13.2,"35","0.231","0.385","0.356",24.6,14.3,16.1,"0.305","0.616","0.447",54.5
"Trivino, Lou",642152,"PHI","FF","4-Seam Fastball",0.5,1,"132",15.7,"35","0.207","0.414","0.296",20,31.4,18.3,"0.223","0.445","0.343",40
"Walter, Brandon",687888,"HOU","CH","Changeup",0.1,0,"149",18.3,"35","0.229","0.4","0.267",40.3,20,13.2,"0.185","0.27","0.196",35.7
"Dollander, Chase",801403,"COL","CH","Changeup",-1.5,-2,"138",7.8,"35","0.333","0.424","0.333",21.3,11.4,14.3,"0.341","0.44","0.352",40
"Cantillo, Joey",676282,"CLE","SL","Slider",0,0,"143",8.7,"35","0.29","0.355","0.331",28.6,5.7,6.1,"0.29","0.42","0.348",48.3
"Abel, Mick",690953,"MIN","CU","Curveball",0.2,0,"154",21.4,"35","0.171","0.429","0.247",37.5,45.7,23.5,"0.198","0.296","0.212",52.6
"Enright, Nic",663671,"CLE","SL","Slider",1.3,2,"135",25.4,"35","0.182","0.333","0.246",42.9,37.1,23.6,"0.166","0.187","0.186",10
"Casparius, Ben",676508,"LAD","CU","Curveball",-0.8,-1,"182",14.4,"35","0.273","0.485","0.343",35.2,34.3,20.3,"0.24","0.343","0.276",52.4
"López, Jorge",605347,"WSH","SI","Sinker",0.1,0,"107",27.7,"35","0.29","0.387","0.321",16.7,17.1,25,"0.314","0.44","0.349",53.8
"Civale, Aaron",650644,"CHC","SL","Slider",-1,-1,"135",7.7,"35","0.257","0.457","0.304",16.7,5.7,4.4,"0.295","0.52","0.344",36.4
"Burke, Sean",680732,"CWS","SI","Sinker",-0.7,-1,"115",4.8,"35","0.286","0.429","0.387",8.8,0,0,"0.269","0.446","0.385",35.7
"Sims, Lucas",608371,"WSH","ST","Sweeper",-2.5,-3,"123",44.1,"35","0.222","0.481","0.411",39.6,25.7,20.9,"0.158","0.282","0.305",27.8
"Ribalta, Orlando",687377,"WSH","FF","4-Seam Fastball",0.5,1,"184",36.7,"35","0.192","0.231","0.319",23.3,22.9,12.9,"0.183","0.321","0.34",50
"Wicks, Jordan",696136,"CHC","FF","4-Seam Fastball",-1.1,-1,"86",39.6,"35","0.382","0.559","0.407",16.7,17.1,27.3,"0.299","0.438","0.317",37.9
"Ogasawara, Shinnosuke",829272,"WSH","SL","Slider",-2.9,-4,"125",18.5,"35","0.241","0.655","0.366",39.7,28.6,30.3,"0.256","0.533","0.347",40.9
"Poche, Colin",621363,"NYM","FF","4-Seam Fastball",-1.1,-2,"175",71.7,"35","0.32","0.64","0.447",21.9,22.9,19,"0.208","0.389","0.352",63.2
"Rodríguez, Yariel",684320,"TOR","FS","Split-Finger",-0.4,0,"138",11.9,"35","0.182","0.273","0.25",22.2,25.7,15.5,"0.231","0.292","0.255",33.3
"Hoglund, Gunnar",680684,"ATH","CH","Changeup",-2.2,-3,"126",23,"35","0.333","0.515","0.384",32.1,28.6,23.3,"0.225","0.409","0.292",39.1
"Chapman, Aroldis",547973,"BOS","SL","Slider",3.5,5,"139",15.2,"35","0.147","0.147","0.149",48.1,54.3,33.9,"0.137","0.182","0.154",40
"Springs, Jeffrey",605488,"ATH","ST","Sweeper",2.8,5,"174",6.1,"35","0.088","0.118","0.133",26.8,20,20,"0.144","0.206","0.166",18.5
"Rogers, Trevor",669432,"BAL","ST","Sweeper",2.7,3,"122",7.5,"35","0.061","0.121","0.111",39.1,51.4,28.1,"0.074","0.153","0.13",33.3
"Hiraldo, Yaramil",682274,"BAL","FS","Split-Finger",2.8,3,"111",35.4,"35","0.161","0.161","0.221",61.6,42.9,38.5,"0.106","0.123","0.15",11.8
"Henderson, Logan",701656,"MIL","CH","Changeup",1.6,3,"164",40,"35","0.161","0.161","0.209",28.2,28.6,15.2,"0.238","0.294","0.285",33.3
"Winn, Cole",668390,"TEX","SI","Sinker",-0.9,-1,"130",21,"35","0.222","0.519","0.4",9.4,11.4,13.3,"0.249","0.475","0.388",58.3
"Cease, Dylan",656302,"SD","CU","Curveball",-1.6,-4,"253",8.3,"35","0.344","0.594","0.451",37.1,31.4,16.9,"0.267","0.489","0.352",61.9
"Eflin, Zach",621107,"BAL","FF","4-Seam Fastball",-1.9,-3,"149",13.2,"35","0.355","0.484","0.404",21.4,25.7,17,"0.313","0.494","0.385",59.1
"Vásquez, Randy",681190,"SD","CH","Changeup",-1.3,-2,"149",6.9,"35","0.265","0.471","0.324",15.3,5.7,3.4,"0.299","0.539","0.365",31.3
"Myers, Tobias",668964,"MIL","FC","Cutter",-2.2,-4,"165",20,"35","0.448","0.483","0.49",23.7,2.9,4.8,"0.337","0.504","0.419",46.4
"Thornton, Trent",663423,"SEA","ST","Sweeper",0.3,0,"122",18.6,"35","0.281","0.406","0.333",21.9,8.6,8.3,"0.323","0.553","0.399",37.9
"Teng, Kai-Wei",678906,"SF","FF","4-Seam Fastball",-1.9,-3,"143",25,"35","0.214","0.464","0.393",25.8,28.6,19.6,"0.246","0.459","0.38",44.4
"Miller, Erik",669062,"SF","FF","4-Seam Fastball",-0.4,-1,"167",34.6,"35","0.208","0.25","0.339",25,8.6,6.7,"0.274","0.479","0.421",45.5
"Buttó, José",676130,"SF","CH","Changeup",1.6,3,"166",15.2,"35","0.094","0.188","0.169",30.3,28.6,16.7,"0.176","0.295","0.244",27.3
"McGreevy, Michael",700241,"STL","CU","Curveball",-1.6,-3,"177",12.1,"35","0.294","0.441","0.318",17.2,22.9,12.9,"0.303","0.538","0.358",44.4
"Robertson, David",502085,"PHI","CU","Curveball",1.3,1,"104",34.2,"34","0.194","0.258","0.248",28.6,29.4,25,"0.179","0.248","0.231",28.6
"Hjelle, Sean",663546,"SF","SI","Sinker",0.3,0,"127",50,"34","0.333","0.444","0.395",8.7,8.8,16.7,"0.305","0.4","0.357",46.2
"Boyle, Joe",671212,"TB","FS","Split-Finger",1.1,2,"152",16.3,"34","0.147","0.206","0.153",31.1,35.3,19.7,"0.188","0.246","0.188",54.5
"Gómez, Yoendrys",672782,"CWS","CU","Curveball",-2.2,-3,"158",14.4,"34","0.233","0.567","0.414",25,17.6,13.6,"0.25","0.536","0.374",54.2
"Sulser, Cole",642121,"TB","CH","Changeup",1.5,2,"151",39,"34","0.125","0.125","0.147",34.6,26.5,12.7,"0.171","0.233","0.206",47.8
"Kent, Zak",687849,"CLE","SL","Slider",3.3,4,"118",38.3,"34","0.138","0.138","0.209",28.1,23.5,21.6,"0.169","0.223","0.248",23.8
"Gaddis, Hunter",683769,"CLE","CH","Changeup",-2.6,-4,"139",13.3,"34","0.286","0.393","0.366",46.2,41.2,24.1,"0.198","0.245","0.284",21.4
"Bruihl, Justin",677865,"TOR","SI","Sinker",-0.8,-1,"112",51.1,"34","0.344","0.438","0.365",20.5,32.4,36.7,"0.237","0.347","0.278",38.1
"Alvarez, Andrew",674841,"WSH","CU","Curveball",-0.4,0,"113",27.1,"34","0.226","0.258","0.278",13,23.5,12.3,"0.188","0.231","0.247",34.8
"Leahy, Kyle",681517,"STL","SI","Sinker",0.9,1,"101",7.5,"34","0.258","0.355","0.332",10.2,17.6,25,"0.294","0.442","0.35",44
"Alcala, Jorge",660896,"STL","SI","Sinker",-1.2,-2,"138",13,"34","0.355","0.581","0.454",26.5,26.5,33.3,"0.25","0.452","0.334",36.4
"Schmidt, Clarke",657376,"NYY","SI","Sinker",-5.5,-6,"102",8.3,"34","0.406","0.75","0.503",14.9,8.8,25,"0.328","0.592","0.408",51.7
"Waddell, Brandon",663399,"NYM","SI","Sinker",2.4,3,"111",21.7,"34","0.226","0.355","0.29",15.8,11.8,20,"0.318","0.559","0.403",55.6
"Sproat, Brandon",687075,"NYM","SI","Sinker",-1,-1,"101",34.8,"34","0.321","0.5","0.413",6.5,11.8,20,"0.253","0.297","0.324",33.3
"Tinoco, Jesus",622786,"MIA","SL","Slider",-0.5,-1,"130",42.8,"34","0.258","0.419","0.342",29.8,20.6,16.7,"0.22","0.346","0.27",4
"Cox, Austin",680735,"ATL","SL","Slider",-2,-3,"139",32.6,"34","0.31","0.483","0.4",20.6,11.8,12.1,"0.253","0.33","0.303",34.6
"McDonald, Trevor",686790,"SF","SL","Slider",3.3,4,"107",50.5,"34","0.125","0.25","0.202",36.4,35.3,32.4,"0.164","0.323","0.221",23.8
"Wacha, Michael",608379,"KC","CU","Curveball",-0.9,-2,"206",7.7,"34","0.206","0.412","0.285",30.6,23.5,14.8,"0.263","0.445","0.301",34.6
"Hatch, Thomas",641672,"MIN","FC","Cutter",-2.6,-4,"160",27.3,"34","0.433","0.767","0.534",21.7,17.6,24,"0.284","0.562","0.397",29.2
"Leiter Jr., Mark",643410,"NYY","CU","Curveball",-0.2,0,"212",25.5,"34","0.276","0.345","0.388",50,26.5,32.1,"0.196","0.244","0.267",20
"Seymour, Carson",693313,"SF","FF","4-Seam Fastball",1.4,2,"136",21.9,"34","0.161","0.387","0.269",23.9,23.5,17,"0.177","0.428","0.291",39.1
"Fulmer, Carson",608334,"LAA","FF","4-Seam Fastball",0.9,1,"114",24.8,"34","0.107","0.286","0.256",23.3,38.2,28.9,"0.154","0.425","0.32",60
"Ribalta, Orlando",687377,"WSH","SL","Slider",-4.2,-5,"117",23.4,"34","0.323","0.806","0.515",25,14.7,15.6,"0.247","0.687","0.413",38.5
"Cabrera, Génesis",650893,"MIN","CU","Curveball",-0.4,-1,"139",19.4,"34","0.273","0.455","0.303",22.4,17.6,16.2,"0.295","0.457","0.314",39.3
"Gillispie, Connor",687362,"MIA","FC","Cutter",-4.3,-5,"117",24.8,"34","0.433","0.867","0.571",27.4,14.7,18.5,"0.261","0.627","0.388",50
"Winn, Cole",668390,"TEX","FF","4-Seam Fastball",1,2,"171",27.6,"34","0.226","0.355","0.288",16.9,20.6,14,"0.224","0.428","0.312",54.2
"Legumina, Casey",668984,"SEA","SI","Sinker",0.3,1,"196",22.8,"34","0.379","0.552","0.447",18.5,5.9,9.1,"0.33","0.516","0.411",48.1
"Lawrence, Casey",596271,"SEA","SI","Sinker",-1.6,-2,"110",39.9,"33","0.419","0.581","0.43",5.9,6.1,11.1,"0.4","0.617","0.463",50
"Bachar, Lake",669199,"MIA","FS","Split-Finger",0.7,1,"139",12.2,"33","0.156","0.25","0.189",34.4,36.4,19.4,"0.16","0.222","0.18",25
"Morgan, David",688158,"SD","SL","Slider",0.4,1,"140",18.3,"33","0.2","0.333","0.271",29.2,21.2,15.6,"0.256","0.385","0.313",39.1
"Stroman, Marcus",573186,"NYY","FC","Cutter",-5,-6,"125",17.8,"33","0.346","0.923","0.538",9.1,3,3.4,"0.348","0.871","0.551",53.8
"Schwellenbach, Spencer",680885,"ATL","CU","Curveball",-0.1,0,"180",11.4,"33","0.242","0.455","0.323",31.1,36.4,24.5,"0.276","0.444","0.309",33.3
"Holton, Tyler",663947,"DET","FF","4-Seam Fastball",-3,-4,"131",11.3,"33","0.233","0.767","0.432",24.2,39.4,22.8,"0.248","0.669","0.406",64.7
"Hatch, Thomas",641672,"MIN","SI","Sinker",-1.6,-2,"103",17.6,"33","0.31","0.448","0.402",8.3,15.2,17.2,"0.269","0.433","0.348",54.2
"DeSclafani, Anthony",543101,"AZ","FS","Split-Finger",1.9,2,"129",20.3,"33","0.071","0.071","0.188",45.2,39.4,26,"0.098","0.145","0.195",13.3
"Cease, Dylan",656302,"SD","SI","Sinker",-1.9,-2,"120",3.9,"33","0.345","0.552","0.414",12.9,12.1,15.4,"0.274","0.413","0.334",30.8
"Borucki, Ryan",621366,"TOR","SI","Sinker",-3.7,-6,"156",26.3,"33","0.5","0.821","0.586",7.6,0,0,"0.415","0.691","0.507",46.4
"Lugo, Seth",607625,"KC","SL","Slider",2.4,3,"134",5.6,"33","0.167","0.233","0.221",29.3,12.1,11.8,"0.227","0.469","0.329",34.6
"Dunning, Dane",641540,"ATL","FC","Cutter",0.5,1,"147",39.5,"33","0.233","0.4","0.288",25,21.2,18.4,"0.25","0.5","0.33",41.7
"Garcia, Rico",670329,"BAL","CH","Changeup",0.8,1,"129",22,"33","0.219","0.375","0.267",35.8,33.3,29.7,"0.195","0.278","0.219",9.5
"Hicks, Jordan",663855,"BOS","FF","4-Seam Fastball",-1.5,-2,"111",9.3,"33","0.267","0.267","0.269",20.4,30.3,16.7,"0.362","0.452","0.373",52.4
"Saucedo, Tayler",642048,"SEA","SI","Sinker",-0.7,-1,"115",49.6,"33","0.323","0.484","0.37",5.7,0,0,"0.312","0.531","0.38",58.1
"Backhus, Kyle",679775,"AZ","ST","Sweeper",-4.7,-5,"116",27,"33","0.393","0.75","0.489",33.3,18.2,14.3,"0.252","0.446","0.337",25
"Aldegheri, Sam",691951,"LAA","FF","4-Seam Fastball",-2.1,-3,"143",47.2,"33","0.385","0.5","0.48",19.2,18.2,17.1,"0.268","0.37","0.366",35
"Halvorsen, Seth",678020,"COL","SL","Slider",-3.5,-4,"126",19.8,"33","0.29","0.613","0.426",35.5,30.3,20.8,"0.216","0.477","0.316",33.3
"Kelly, Kevin",687330,"TB","ST","Sweeper",-5,-6,"116",19.7,"33","0.303","0.576","0.371",27.3,27.3,16.1,"0.24","0.509","0.313",41.7
"Littell, Zack",641793,"CIN","ST","Sweeper",2.3,3,"150",5.4,"33","0.091","0.152","0.103",20.3,21.2,13.5,"0.173","0.332","0.212",23.1
"Pressly, Ryan",519151,"CHC","CU","Curveball",-1.8,-3,"163",24.7,"33","0.355","0.613","0.43",29.4,30.3,18.2,"0.286","0.478","0.348",52.4
"Mattson, Isaac",676755,"PIT","CH","Changeup",-2.6,-2,"90",11.6,"33","0.281","0.406","0.338",18,12.1,10.5,"0.27","0.464","0.324",42.9
"Ramírez, Yohan",670990,"PIT","CU","Curveball",-0.8,-1,"116",19.2,"33","0.143","0.179","0.259",40.9,48.5,33.3,"0.126","0.159","0.213",30.8
"Wentz, Joey",666214,"ATL","FC","Cutter",0.3,1,"167",9.2,"33","0.219","0.438","0.317",25,18.2,14,"0.186","0.352","0.24",38.5
"Strickland, Hunter",519326,"LAA","FF","4-Seam Fastball",2.8,3,"114",34.3,"33","0.172","0.241","0.242",15,15.2,15.2,"0.183","0.265","0.255",37.5
"Detmers, Reid",672282,"LAA","CU","Curveball",0.2,0,"229",21.1,"33","0.233","0.367","0.298",22.5,15.2,11.9,"0.23","0.336","0.286",24
"Birdsong, Hayden",806185,"SF","CU","Curveball",-0.8,-1,"155",13,"33","0.241","0.448","0.341",36,39.4,28.9,"0.216","0.393","0.312",62.5
"Snider, Collin",676092,"SEA","ST","Sweeper",-2.8,-4,"149",31.2,"33","0.3","0.7","0.47",19,15.2,6.8,"0.255","0.582","0.382",32
"Dunning, Dane",641540,"ATL","SI","Sinker",-1.2,-1,"111",29.8,"33","0.276","0.483","0.37",17.8,15.2,17.9,"0.287","0.537","0.392",41.7
"Darvish, Yu",506433,"SD","ST","Sweeper",-5.6,-7,"117",10.1,"33","0.323","0.871","0.497",35.2,30.3,24.4,"0.243","0.686","0.393",40.9
"Herget, Jimmy",623474,"COL","FF","4-Seam Fastball",2.5,2,"96",7.5,"33","0","0","0.127",45.2,60.6,25,"0.059","0.111","0.186",42.9
"Evans, Logan",688138,"SEA","FF","4-Seam Fastball",-2.7,-4,"147",11,"33","0.333","0.63","0.439",16.1,6.1,5.3,"0.262","0.533","0.382",42.3
"Hendriks, Liam",521230,"BOS","FF","4-Seam Fastball",0.7,1,"128",55.4,"33","0.286","0.393","0.358",11.7,6.1,9.1,"0.327","0.7","0.47",61.5
"Simpson, Josh",681006,"MIA","SI","Sinker",-1.1,-2,"136",22.2,"32","0.348","0.609","0.489",8.9,0,0,"0.319","0.614","0.48",60.9
"Chapman, Aroldis",547973,"BOS","FS","Split-Finger",2,2,"102",11.1,"32","0.097","0.161","0.15",44.8,46.9,24.2,"0.149","0.225","0.197",43.8
"Irvin, Jake",663623,"WSH","SL","Slider",0.9,1,"122",4.1,"32","0.161","0.355","0.231",20,15.6,8.6,"0.191","0.302","0.225",42.3
"Gordon, Colton",676467,"HOU","CU","Curveball",-0.6,-1,"148",10.2,"32","0.323","0.419","0.326",19.4,6.3,7.4,"0.376","0.536","0.392",26.7
"Rodríguez, Yariel",684320,"TOR","SI","Sinker",-4.5,-3,"69",6,"32","0.292","0.583","0.452",17.1,12.5,36.4,"0.313","0.711","0.496",55
"Blubaugh, AJ",805123,"HOU","ST","Sweeper",0.3,0,"108",21.3,"32","0.207","0.552","0.348",34.5,31.3,30.3,"0.154","0.358","0.26",21.1
"Devenski, Chris",606965,"NYM","CH","Changeup",2.2,2,"102",38.9,"32","0.138","0.276","0.202",25,28.1,18.4,"0.198","0.315","0.248",28.6
"Miller, Erik",669062,"SF","CH","Changeup",0.6,1,"124",25.7,"32","0.25","0.357","0.305",23.7,12.5,10.8,"0.276","0.338","0.307",24
"Farris, Mitch",815083,"LAA","CH","Changeup",-0.4,0,"108",26.7,"32","0.214","0.286","0.278",40.7,37.5,26.1,"0.201","0.238","0.255",18.8
"Blanco, Ronel",669854,"HOU","CH","Changeup",1.8,2,"99",12.5,"32","0.214","0.214","0.213",35.8,25,21.1,"0.215","0.276","0.234",4.5
"Murfee, Penn",682171,"CWS","ST","Sweeper",-3.7,-4,"114",49.1,"32","0.323","0.677","0.428",36,31.3,26.3,"0.269","0.605","0.376",33.3
"Brasier, Ryan",518489,"CHC","SL","Slider",-1.8,-3,"142",35.1,"32","0.355","0.548","0.397",36.8,34.4,20.8,"0.316","0.427","0.334",45
"Agnos, Zach",688642,"COL","FS","Split-Finger",-5.4,-6,"108",20.5,"32","0.367","0.733","0.478",36.2,18.8,16.2,"0.32","0.679","0.434",45.8
"Hoffmann, Andrew",694851,"AZ","FF","4-Seam Fastball",-1.1,-1,"102",41.6,"32","0.269","0.385","0.417",22,15.6,17.9,"0.209","0.319","0.313",33.3
"Crismatt, Nabil",622503,"AZ","SI","Sinker",1.6,2,"135",25.3,"32","0.31","0.31","0.325",7.5,6.3,12.5,"0.336","0.421","0.345",46.4
"Bummer, Aaron",607481,"ATL","ST","Sweeper",-0.2,0,"164",17.6,"32","0.2","0.32","0.283",28.3,31.3,15.4,"0.147","0.203","0.228",23.5
"Ellard, Fraser",686642,"CWS","FF","4-Seam Fastball",0.4,1,"168",51.1,"32","0.15","0.2","0.358",29.5,21.9,14.6,"0.222","0.387","0.425",53.8
"Burnes, Corbin",669203,"AZ","SI","Sinker",0.8,1,"97",9.6,"32","0.2","0.333","0.244",6.7,21.9,26.9,"0.302","0.529","0.364",50
"Hill, Jaden",677955,"COL","CH","Changeup",0.3,0,"120",24.6,"32","0.267","0.433","0.303",26.1,28.1,22,"0.222","0.341","0.25",31.8
"Flexen, Chris",623167,"CHC","CU","Curveball",-3.9,-4,"115",17.1,"32","0.345","0.69","0.461",28.8,28.1,18,"0.313","0.485","0.376",25
"Reynolds, Sean",669308,"SD","SL","Slider",-0.7,-1,"158",32,"32","0.25","0.357","0.319",18.5,18.8,16.2,"0.18","0.314","0.273",18.2
"Darvish, Yu",506433,"SD","FS","Split-Finger",-1.6,-2,"121",10.5,"32","0.226","0.323","0.253",28.1,28.1,15.5,"0.217","0.295","0.235",13.6
"Sears, JP",676664,"SD","CU","Curveball",-4,-3,"86",3.6,"32","0.2","0.567","0.338",25.6,28.1,12.7,"0.136","0.36","0.235",38.1
"Gray, Jon",592351,"TEX","FF","4-Seam Fastball",-5.1,-5,"99",47.1,"32","0.321","0.786","0.489",11.5,18.8,25,"0.271","0.576","0.398",59.1
"Long, Sam",669674,"KC","CU","Curveball",-0.1,0,"141",17.9,"32","0.207","0.31","0.297",23.7,28.1,20.5,"0.199","0.253","0.243",50
"Bradish, Kyle",680694,"BAL","SL","Slider",3.7,6,"158",32,"32","0.063","0.156","0.091",43.9,53.1,30.4,"0.086","0.184","0.113",26.7
"Ramírez, Yohan",670990,"PIT","ST","Sweeper",2.6,4,"147",24.3,"32","0.103","0.241","0.195",34.2,31.3,18.2,"0.17","0.295","0.243",31.6
"Bubic, Kris",663460,"KC","SI","Sinker",-1.5,-2,"117",6.5,"32","0.333","0.481","0.408",9.1,3.1,4.5,"0.317","0.486","0.398",50
"Coulombe, Danny",543056,"TEX","SI","Sinker",0.4,1,"138",19.2,"32","0.269","0.308","0.317",10.4,12.5,13.3,"0.262","0.465","0.359",39.1
"Mahle, Tyler",641816,"TEX","SL","Slider",0.2,0,"142",10.3,"32","0.276","0.31","0.302",22.2,9.4,8.8,"0.315","0.377","0.341",15.4
"Gillispie, Connor",687362,"MIA","FF","4-Seam Fastball",0.9,1,"137",29.1,"32","0.16","0.36","0.322",15.1,21.9,16.7,"0.238","0.476","0.388",50
"Williams, Trevor",592866,"WSH","SL","Slider",-0.4,-1,"127",8.8,"32","0.367","0.5","0.389",0,0,0,"0.392","0.657","0.439",41.9
"Matthews, Zebby",805673,"MIN","CH","Changeup",-1.2,-2,"143",10.6,"32","0.355","0.548","0.377",26.3,3.1,5.3,"0.317","0.426","0.346",32.3
"Wrobleski, Justin",680736,"LAD","FC","Cutter",0.1,0,"154",14.1,"32","0.379","0.586","0.442",25,9.4,17.6,"0.34","0.491","0.391",57.7
"Ashby, Aaron",676879,"MIL","SL","Slider",-0.5,0,"84",8.1,"31","0.214","0.321","0.277",51.5,54.8,29.3,"0.14","0.242","0.216",9.1
"Alvarado, Elvis",665660,"ATH","SI","Sinker",0.7,1,"117",15.3,"31","0.345","0.379","0.347",8.2,3.2,5.3,"0.408","0.639","0.463",71.4
"Newcomb, Sean",656794,"ATH","CH","Changeup",-2.7,-3,"107",6.9,"31","0.387","0.548","0.406",18.6,6.5,6.1,"0.315","0.494","0.348",37.9
"Alvarez, Andrew",674841,"WSH","FF","4-Seam Fastball",0.4,1,"142",34.1,"31","0.2","0.36","0.327",20.9,22.6,25.9,"0.242","0.369","0.346",44.4
"Ortiz, Luis",682847,"CLE","FC","Cutter",-1.3,-2,"184",12.3,"31","0.375","0.75","0.5",22.1,3.2,7.1,"0.394","0.885","0.555",41.7
"Cruz, Fernando",518585,"NYY","SI","Sinker",-3.9,-4,"113",14.3,"31","0.364","0.545","0.482",10.3,3.2,50,"0.373","0.529","0.48",28.6
"Guerrero, Luis",692285,"BOS","SL","Slider",1,1,"124",43.1,"31","0.16","0.24","0.274",35.1,9.7,14.3,"0.32","0.491","0.417",40.9
"Hall, DL",669084,"MIL","SL","Slider",1.5,2,"109",18.5,"31","0.148","0.259","0.242",17.3,6.5,5,"0.244","0.396","0.328",28
"Dobbins, Hunter",690928,"BOS","CU","Curveball",-0.5,-1,"112",12,"31","0.258","0.452","0.302",38.2,35.5,20,"0.165","0.332","0.208",25
"Seymour, Carson",693313,"SF","SL","Slider",-3.4,-4,"131",21.1,"31","0.367","0.667","0.438",39.1,22.6,14.3,"0.327","0.643","0.407",50
"Loutos, Ryan",702795,"WSH","FF","4-Seam Fastball",-2,-2,"107",46.3,"31","0.44","0.56","0.468",12,9.7,15.8,"0.286","0.461","0.371",43.5
"Miller, Erik",669062,"SF","SI","Sinker",0.6,0,"84",17.4,"31","0.321","0.357","0.328",16.3,12.9,20,"0.304","0.418","0.34",32
"Gipson-Long, Sawyer",687830,"DET","SI","Sinker",-2.2,-2,"85",18.4,"31","0.31","0.448","0.382",10,9.7,20,"0.272","0.42","0.322",30.8
"Kelly, Zack",677161,"BOS","FF","4-Seam Fastball",-3.3,-4,"115",19.8,"31","0.308","0.654","0.45",29,25.8,16.7,"0.207","0.433","0.338",44.4
"Peguero, Joel",666711,"SF","SL","Slider",3.5,4,"104",33,"31","0.133","0.2","0.139",37,38.7,25,"0.21","0.315","0.248",47.4
"Wilson, Bryse",669060,"CWS","FF","4-Seam Fastball",-3.7,-6,"151",17.7,"31","0.296","0.778","0.474",28.6,25.8,11.9,"0.329","0.726","0.471",63.2
"Veneziano, Anthony",685107,"STL","ST","Sweeper",0.5,1,"130",27,"31","0.231","0.423","0.323",30,25.8,19,"0.219","0.437","0.324",26.3
"Bernardino, Brennan",657514,"BOS","CH","Changeup",3.5,4,"104",12.5,"31","0.1","0.1","0.116",26.3,19.4,18.2,"0.176","0.216","0.168",20
"Gilbert, Tyler",656457,"CWS","FF","4-Seam Fastball",-1,-1,"102",12.2,"31","0.259","0.407","0.368",22.4,22.6,17.5,"0.243","0.494","0.359",50
"Harris, Hogan",663687,"ATH","CH","Changeup",4.1,6,"148",13.2,"31","0.034","0.069","0.085",23.4,22.6,17.9,"0.087","0.124","0.13",22.7
"Dubin, Shawn",681869,"BAL","ST","Sweeper",-2,-2,"96",17.4,"31","0.267","0.467","0.324",28.6,22.6,21.9,"0.25","0.429","0.303",26.1
"Petersen, Michael",656848,"MIA","SL","Slider",-2,-3,"135",41.3,"31","0.296","0.556","0.405",24.5,25.8,15.4,"0.291","0.577","0.41",47.4
"Rutledge, Jackson",671131,"WSH","FS","Split-Finger",-1.8,-2,"126",9.4,"31","0.267","0.433","0.313",29.3,22.6,15.9,"0.156","0.277","0.202",17.4
"Severino, Luis",622663,"ATH","CH","Changeup",-3.8,-6,"147",5.4,"31","0.467","0.633","0.515",20,0,0,"0.429","0.581","0.445",56.7
"Ryan, Joe",657746,"MIN","CU","Curveball",0.9,1,"109",3.9,"31","0.161","0.258","0.179",41.2,45.2,24.1,"0.195","0.388","0.245",41.2
"McDermott, Chayce",694646,"BAL","FF","4-Seam Fastball",-4.4,-5,"105",53.8,"31","0.273","0.545","0.448",18.9,16.1,29.4,"0.266","0.614","0.463",52.9
"Festa, David",701581,"MIN","SI","Sinker",1.2,1,"112",12.7,"31","0.308","0.308","0.323",12.7,6.5,25,"0.301","0.435","0.364",44
"Darnell, Dugan",699911,"COL","FF","4-Seam Fastball",1.9,2,"98",52.7,"31","0.167","0.167","0.274",11.6,9.7,13.6,"0.225","0.344","0.346",57.1
"Soriano, George",666277,"MIA","ST","Sweeper",-2,-2,"111",16,"31","0.321","0.607","0.421",30,12.9,10,"0.307","0.444","0.358",25
"Curvelo, Luis",681168,"TEX","FF","4-Seam Fastball",1.1,1,"101",31.1,"31","0.167","0.292","0.263",24,29,20.5,"0.185","0.3","0.292",41.2
"Strahm, Matt",621381,"PHI","FC","Cutter",2.6,4,"144",14.5,"31","0.259","0.259","0.294",18.3,19.4,22.2,"0.225","0.286","0.284",23.8
"Englert, Mason",669438,"TB","FC","Cutter",-0.6,-1,"140",19.3,"31","0.379","0.552","0.4",19.7,9.7,11.5,"0.41","0.57","0.422",48.1
"Brown, McCade",685326,"COL","SL","Slider",-2.3,-2,"97",19.4,"31","0.276","0.586","0.382",36.5,22.6,24.1,"0.249","0.489","0.336",45.5
"Spence, Mitch",687765,"ATH","SI","Sinker",-4.9,-6,"126",9.3,"30","0.423","0.769","0.533",13.5,0,0,"0.423","0.852","0.559",65.4
"Trivino, Lou",642152,"PHI","ST","Sweeper",1.2,2,"170",20.2,"30","0.172","0.172","0.173",33.3,30,14.3,"0.184","0.211","0.19",10
"Jackson, Luke",592426,"SEA","CU","Curveball",1.4,2,"126",16.1,"30","0.25","0.25","0.257",25,13.3,14.8,"0.285","0.364","0.308",45.8
"Hatch, Thomas",641672,"MIN","SL","Slider",0.2,0,"108",18.4,"30","0.179","0.429","0.28",25,16.7,13.2,"0.222","0.42","0.3",43.5
"Curvelo, Luis",681168,"TEX","SL","Slider",-2.6,-3,"131",40.3,"30","0.345","0.655","0.432",25.9,16.7,14.3,"0.301","0.459","0.339",33.3
"Hall, DL",669084,"MIL","CH","Changeup",2.2,2,"104",17.7,"30","0.167","0.233","0.173",24,16.7,18.5,"0.165","0.269","0.183",24
"Selby, Colin",681882,"BAL","SI","Sinker",2.7,2,"90",42.1,"30","0.25","0.321","0.28",20,10,21.4,"0.233","0.418","0.303",52
"Santillan, Tony",663574,"CIN","SL","Slider",0,0,"165",13.4,"30","0.231","0.385","0.298",38.8,23.3,11.7,"0.196","0.358","0.273",30
"Woodford, Jake",663765,"AZ","ST","Sweeper",-2.3,-3,"143",22.9,"30","0.333","0.556","0.443",18.5,16.7,11.4,"0.284","0.41","0.338",36.4
"Hiraldo, Yaramil",682274,"BAL","FF","4-Seam Fastball",-5.5,-7,"119",37.9,"30","0.333","0.852","0.51",14.8,13.3,14.8,"0.243","0.503","0.352",52.2
"Basso, Brady",669620,"ATH","FF","4-Seam Fastball",1.7,2,"108",52.4,"30","0.087","0.13","0.295",15.1,6.7,7.1,"0.248","0.315","0.349",47.6
"Lazar, Max",676661,"PHI","CU","Curveball",-0.9,-1,"169",26.2,"30","0.333","0.467","0.347",30.8,30,15.3,"0.348","0.472","0.352",66.7
"Snider, Collin",676092,"SEA","FC","Cutter",-3.1,-3,"105",22,"30","0.4","0.84","0.511",21.7,6.7,7.4,"0.348","0.626","0.436",53.8
"Booser, Cam",592155,"CWS","FC","Cutter",-5.8,-6,"112",19.6,"30","0.318","0.864","0.542",31.8,16.7,16.7,"0.258","0.602","0.45",52.9
"Ruiz, José",614179,"ATL","FF","4-Seam Fastball",-5.3,-6,"115",38.1,"30","0.48","0.92","0.608",25,13.3,10.8,"0.333","0.592","0.443",47.6
"Hagenman, Justin",663795,"NYM","CH","Changeup",-2.9,-3,"88",23,"30","0.4","0.433","0.372",13.6,10,10.3,"0.312","0.412","0.314",48.1
"Blubaugh, AJ",805123,"HOU","CH","Changeup",6.3,6,"98",19.3,"30","0","0","0",32,36.7,24.4,"0.105","0.161","0.109",36.8
"Nance, Tommy",667297,"TOR","SI","Sinker",0.4,1,"128",27.8,"30","0.269","0.269","0.363",20.8,6.7,15.4,"0.318","0.356","0.349",45.8
"Burnes, Corbin",669203,"AZ","SL","Slider",-1,-1,"90",8.9,"30","0.207","0.448","0.288",24,26.7,19,"0.247","0.537","0.339",47.6
"Cecconi, Slade",677944,"CLE","CH","Changeup",-1.3,-2,"155",7.5,"30","0.276","0.483","0.335",24.2,10,6.7,"0.392","0.594","0.432",53.8
"Sims, Lucas",608371,"WSH","FF","4-Seam Fastball",-3.1,-4,"125",44.8,"30","0.3","0.5","0.462",33.3,10,11.5,"0.348","0.672","0.521",47.1
"Henry, Cole",669371,"WSH","SI","Sinker",-2.7,-3,"98",10.1,"30","0.261","0.478","0.463",8.2,3.3,9.1,"0.323","0.57","0.453",50
"Herrin, Tim",682120,"CLE","SL","Slider",-0.1,0,"134",17.9,"30","0.286","0.536","0.348",29,13.3,16.7,"0.303","0.462","0.33",52
"Shugart, Chase",663767,"PIT","SI","Sinker",0.8,1,"140",20.2,"30","0.296","0.37","0.31",21,16.7,22.7,"0.312","0.407","0.355",47.8
"Rodriguez, Eduardo",593958,"AZ","SL","Slider",-5.8,-6,"99",3.8,"30","0.321","0.571","0.43",23.3,20,14.6,"0.288","0.501","0.36",54.5
"Morales, Luis",806960,"ATH","CH","Changeup",2.5,3,"107",13,"30","0.172","0.276","0.217",25,16.7,25,"0.253","0.365","0.28",25
"Altavilla, Dan",656186,"CWS","CH","Changeup",-1.1,-1,"107",23.5,"30","0.172","0.414","0.258",31.7,26.7,26.7,"0.207","0.361","0.257",33.3
"Dobbins, Hunter",690928,"BOS","ST","Sweeper",0.3,0,"96",10.3,"30","0.185","0.222","0.262",21.4,20,14.6,"0.139","0.181","0.196",14.3
"Boushley, Caleb",676961,"TEX","FC","Cutter",-0.9,-1,"140",18.9,"30","0.231","0.385","0.322",22.4,26.7,22.2,"0.243","0.361","0.316",44.4
"Roupp, Landen",694738,"SF","FC","Cutter",-1,-1,"124",6.7,"30","0.333","0.5","0.36",28.3,20,19.4,"0.302","0.643","0.396",41.7
"Coulombe, Danny",543056,"TEX","FF","4-Seam Fastball",0.5,1,"141",19.6,"30","0.222","0.222","0.28",23.8,23.3,20.6,"0.291","0.358","0.325",50
"Blackburn, Paul",621112,"NYY","ST","Sweeper",-3,-3,"108",16.2,"30","0.25","0.679","0.378",28.8,20,14,"0.238","0.533","0.325",30.4
"Ort, Kaleb",672391,"HOU","FC","Cutter",-0.7,-1,"112",14.2,"30","0.25","0.571","0.365",19.7,16.7,20,"0.215","0.458","0.31",39.1
"Hodge, Porter",687863,"CHC","SL","Slider",1.4,1,"108",17.3,"29","0.231","0.385","0.309",34.4,41.4,30,"0.155","0.236","0.223",50
"Poulin, PJ",676571,"WSH","ST","Sweeper",-0.7,-1,"101",24.1,"29","0.208","0.458","0.364",40,31,26.5,"0.217","0.434","0.35",33.3
"Cavalli, Cade",676917,"WSH","CH","Changeup",0.9,1,"107",13.6,"29","0.222","0.222","0.234",41.8,13.8,13.8,"0.249","0.297","0.271",26.1
"Boyd, Matthew",571510,"CHC","SI","Sinker",-0.4,0,"83",3,"29","0.292","0.292","0.338",16.7,17.2,26.3,"0.265","0.356","0.342",36.8
"Waddell, Brandon",663399,"NYM","FF","4-Seam Fastball",0.7,1,"116",22.7,"29","0.2","0.36","0.307",22.4,10.3,9.7,"0.233","0.457","0.336",47.8
"Pop, Zach",647315,"NYM","SI","Sinker",-4.8,-3,"70",55.1,"29","0.385","0.731","0.526",11.1,3.4,5.9,"0.362","0.549","0.423",72
"Tong, Jonah",804636,"NYM","CH","Changeup",-1.4,-1,"102",27.5,"29","0.227","0.364","0.36",22.2,17.2,12.5,"0.234","0.372","0.368",52.9
"Greene, Hunter",668881,"CIN","FS","Split-Finger",-2.9,-5,"188",10.8,"29","0.31","0.655","0.434",29,10.3,6.3,"0.302","0.477","0.333",50
"McLean, Nolan",690997,"NYM","CH","Changeup",0.9,1,"64",8.7,"29","0.143","0.25","0.186",30.3,31,36,"0.213","0.408","0.278",31.6
"Shuster, Jared",694363,"CWS","FF","4-Seam Fastball",-3.9,-4,"91",32.5,"29","0.462","0.538","0.5",20.4,13.8,15.4,"0.314","0.401","0.353",31.8
"Wrobleski, Justin",680736,"LAD","CU","Curveball",-1.8,-2,"94",8.6,"29","0.276","0.483","0.322",9.3,20.7,18.2,"0.267","0.409","0.288",56.5
"Severino, Luis",622663,"ATH","SL","Slider",0.5,1,"109",4,"29","0.185","0.222","0.198",17.9,31,18,"0.189","0.243","0.207",26.3
"Sauer, Matt",669422,"LAD","SL","Slider",-0.3,0,"96",18.8,"29","0.269","0.269","0.272",16.4,17.2,12.2,"0.339","0.424","0.32",34.8
"Hatch, Thomas",641672,"MIN","CH","Changeup",0.6,1,"102",17.4,"29","0.241","0.241","0.217",16.7,10.3,9.1,"0.199","0.286","0.209",23.1
"Adams, Travis",701519,"MIN","FC","Cutter",-0.6,-1,"123",18.6,"29","0.409","0.591","0.474",20,10.3,12.5,"0.4","0.719","0.547",50
"Oviedo, Johan",670912,"PIT","CU","Curveball",1.3,1,"105",15.8,"29","0.167","0.292","0.283",36.6,31,36,"0.179","0.351","0.304",33.3
"Festa, Matt",670036,"CLE","FC","Cutter",-1.8,-2,"116",14.2,"29","0.37","0.556","0.421",25,20.7,22.2,"0.304","0.443","0.349",33.3
"Gibson, Kyle",502043,"BAL","SI","Sinker",-1.3,-1,"100",35.7,"29","0.32","0.6","0.431",11.1,17.2,20,"0.346","0.618","0.449",75
"Wolfram, Grant",664991,"BAL","SL","Slider",0.1,0,"128",24.6,"29","0.308","0.385","0.345",31.3,31,23.1,"0.212","0.323","0.277",35.3
"Freeland, Kyle",607536,"COL","CH","Changeup",-1.8,-3,"147",5.9,"29","0.321","0.643","0.421",13.6,3.4,12.5,"0.342","0.607","0.394",60.7
"Hart, Kyle",606996,"SD","FF","4-Seam Fastball",-2.4,-3,"111",16.1,"29","0.24","0.64","0.409",6.9,13.8,10.5,"0.254","0.643","0.416",66.7
"Morillo, Juan",666661,"AZ","SL","Slider",-3.3,-4,"130",21.1,"29","0.4","0.64","0.483",28.8,20.7,13.6,"0.255","0.483","0.364",47.4
"Gilbert, Logan",669302,"SEA","CU","Curveball",0.7,1,"161",7.5,"29","0.148","0.259","0.21",38.6,44.8,21.3,"0.157","0.257","0.214",21.4
"Morillo, Juan",666661,"AZ","SI","Sinker",0.6,1,"120",19.4,"29","0.32","0.4","0.411",19.7,0,0,"0.26","0.31","0.283",25.9
"Blalock, Bradley",687134,"COL","CU","Curveball",-5.1,-7,"135",13.1,"29","0.444","0.667","0.497",19.1,17.2,9.1,"0.388","0.574","0.435",31.8
"Sewald, Paul",623149,"DET","ST","Sweeper",0.9,1,"131",41.3,"29","0.24","0.36","0.297",33.3,20.7,16.2,"0.161","0.313","0.251",25
"Javier, Cristian",664299,"HOU","ST","Sweeper",0.7,1,"123",19.9,"29","0.172","0.31","0.236",26.7,37.9,26.8,"0.162","0.243","0.174",38.9
"Fulmer, Carson",608334,"LAA","SI","Sinker",0.5,0,"106",23,"29","0.308","0.538","0.395",16.1,10.3,21.4,"0.307","0.561","0.402",56.5
"Hendricks, Kyle",543294,"LAA","CU","Curveball",-2.9,-6,"212",8.2,"29","0.429","0.929","0.578",15.2,17.2,13.9,"0.345","0.701","0.464",58.3
"Kimbrel, Craig",518886,"HOU","FF","4-Seam Fastball",1.5,2,"148",64.3,"29","0.136","0.136","0.262",29.3,44.8,25.5,"0.151","0.227","0.292",33.3
"Contreras, Luis",664351,"HOU","FF","4-Seam Fastball",0.6,1,"113",50.4,"29","0.25","0.458","0.369",30.9,20.7,21.4,"0.198","0.392","0.325",38.9
"Arrighetti, Spencer",681293,"HOU","CU","Curveball",-1.9,-3,"139",22.5,"29","0.222","0.519","0.334",35.1,34.5,20,"0.218","0.362","0.279",41.2
"Doval, Camilo",666808,"NYY","SI","Sinker",1.2,2,"135",12.2,"28","0.231","0.308","0.3",12.9,10.7,11.1,"0.235","0.333","0.277",47.8
"Legumina, Casey",668984,"SEA","CH","Changeup",-0.6,-1,"92",10.7,"28","0.222","0.333","0.289",14,25,21.9,"0.177","0.327","0.231",45
"Zuber, Tyler",676604,"MIA","ST","Sweeper",-0.9,-1,"84",34.3,"28","0.259","0.444","0.314",24.5,32.1,23.1,"0.313","0.596","0.396",44.4
"Taylor, Grant",691799,"CWS","FC","Cutter",-0.3,0,"102",16.7,"28","0.364","0.409","0.383",19.2,10.7,13.6,"0.323","0.442","0.384",57.1
"Lazar, Max",676661,"PHI","FC","Cutter",1.2,1,"99",15.3,"28","0.286","0.286","0.257",14.9,7.1,7.4,"0.348","0.451","0.345",26.9
"Assad, Javier",665871,"CHC","FC","Cutter",0.8,1,"124",21.9,"28","0.333","0.417","0.357",14.9,0,0,"0.389","0.556","0.428",48
"Junk, Janson",676083,"MIA","CH","Changeup",-1.8,-2,"127",7.8,"28","0.286","0.464","0.333",12.2,14.3,13.3,"0.256","0.436","0.294",50
"Mazur, Adam",800049,"MIA","FF","4-Seam Fastball",-2.6,-3,"117",23.9,"28","0.333","0.792","0.5",16.7,17.9,17.9,"0.316","0.853","0.515",57.9
"Skenes, Paul",694973,"PIT","CU","Curveball",-2.7,-4,"144",4.8,"28","0.32","0.68","0.448",40.8,25,16.3,"0.289","0.473","0.367",44.4
"Enns, Dietrich",608650,"BAL","FC","Cutter",-3.9,-5,"123",16.6,"28","0.393","0.607","0.43",18.8,17.9,13.2,"0.314","0.413","0.314",47.8
"Roycroft, Chris",688297,"STL","FF","4-Seam Fastball",-1,-1,"112",28.4,"28","0.32","0.52","0.37",26.1,17.9,11.6,"0.222","0.3","0.288",38.1
"Schultz, Paxton",687606,"TOR","FC","Cutter",0.7,1,"129",28.8,"28","0.28","0.4","0.313",32.7,28.6,22.2,"0.196","0.323","0.265",38.9
"Bivens, Spencer",702352,"SF","ST","Sweeper",-2.5,-3,"108",8.3,"28","0.321","0.536","0.366",26.3,28.6,17.4,"0.265","0.465","0.311",45
"Bigge, Hunter",685801,"TB","FF","4-Seam Fastball",0.2,0,"102",45.1,"28","0.231","0.5","0.334",14.3,7.1,9.5,"0.341","0.678","0.447",54.2
"Hagenman, Justin",663795,"NYM","FC","Cutter",2.3,3,"125",32.6,"28","0.148","0.407","0.277",25.7,21.4,25,"0.232","0.471","0.308",38.1
"Hill, Tim",657612,"NYY","FF","4-Seam Fastball",1,1,"121",13.5,"28","0.111","0.222","0.136",21.5,28.6,13.1,"0.189","0.407","0.246",35
"Banks, Tanner",621383,"PHI","SI","Sinker",1.3,2,"133",12.3,"28","0.321","0.357","0.302",12.1,10.7,16.7,"0.371","0.528","0.386",32
"Patrick, Chad",694477,"MIL","CH","Changeup",-2.5,-3,"134",6.7,"28","0.37","0.444","0.371",17.3,10.7,9.1,"0.37","0.461","0.374",50
"Messick, Parker",800048,"CLE","SI","Sinker",-2.5,-2,"84",13.4,"28","0.5","0.769","0.559",14.3,3.6,6.7,"0.375","0.639","0.449",28
"Bradish, Kyle",680694,"BAL","FF","4-Seam Fastball",-2.1,-2,"112",22.7,"28","0.286","0.476","0.42",23.8,14.3,13.3,"0.303","0.54","0.443",47.1
"Thornton, Trent",663423,"SEA","CU","Curveball",-0.2,0,"122",18.6,"28","0.292","0.417","0.339",22.8,28.6,17,"0.289","0.474","0.375",64.7
"Kochanowicz, Jack",686799,"LAA","ST","Sweeper",-1.2,-1,"103",5.5,"28","0.208","0.417","0.357",22,14.3,14.8,"0.265","0.446","0.36",30
"Shuster, Jared",694363,"CWS","CH","Changeup",0,0,"102",36.4,"28","0.259","0.37","0.288",29.6,25,19.4,"0.206","0.266","0.223",20
"Henriquez, Edgardo",683618,"LAD","SI","Sinker",0.7,1,"79",28.3,"28","0.32","0.32","0.332",23.3,3.6,9.1,"0.245","0.265","0.278",29.2
"Peguero, Elvis",665625,"CWS","SI","Sinker",-1.6,-1,"94",50.3,"28","0.261","0.304","0.363",15.4,14.3,22.2,"0.235","0.343","0.328",31.6
"King, John",667463,"STL","SL","Slider",-2.1,-2,"112",14.3,"28","0.269","0.538","0.361",34,21.4,16.2,"0.255","0.468","0.298",27.3
"Suarez, José",660761,"ATL","CH","Changeup",-1.3,-1,"84",28.5,"28","0.231","0.346","0.282",40.9,28.6,28.6,"0.204","0.305","0.253",44.4
"McLean, Nolan",690997,"NYM","CU","Curveball",1.7,2,"117",15.9,"28","0.074","0.074","0.089",50,67.9,25.7,"0.076","0.105","0.101",25
"Poulin, PJ",676571,"WSH","CH","Changeup",0.2,0,"94",22.4,"28","0.304","0.304","0.3",33.3,17.9,21.7,"0.261","0.309","0.295",25
"Altavilla, Dan",656186,"CWS","SI","Sinker",-0.2,0,"114",25,"28","0.167","0.333","0.28",26.5,28.6,28.6,"0.198","0.329","0.291",37.5
"Stephenson, Robert",596112,"LAA","FC","Cutter",0,0,"101",68.7,"28","0.16","0.36","0.3",39.3,25,24.1,"0.215","0.432","0.317",38.9
"Anderson, Nick",623433,"COL","FF","4-Seam Fastball",-0.1,0,"116",48.1,"28","0.308","0.615","0.426",11.9,14.3,10,"0.281","0.486","0.356",31.8
"Ginn, J.T.",669372,"ATH","CH","Changeup",-3.4,-5,"148",9.4,"28","0.357","0.607","0.411",47.9,28.6,27.6,"0.234","0.374","0.259",45
"Long, Sam",669674,"KC","SI","Sinker",0.6,1,"85",10.8,"28","0.2","0.36","0.288",10.3,14.3,18.2,"0.278","0.494","0.367",42.9
"Jobe, Jackson",695549,"DET","CH","Changeup",-1.8,-3,"148",16.9,"28","0.28","0.6","0.404",44.1,35.7,18.2,"0.177","0.298","0.255",33.3
"Peguero, Joel",666711,"SF","SI","Sinker",2.5,3,"108",34.3,"28","0.154","0.192","0.191",11.4,10.7,14.3,"0.184","0.295","0.238",34.8
"Mlodzinski, Carmen",669387,"PIT","CU","Curveball",2.7,4,"146",8.9,"28","0.192","0.192","0.165",29,25,17.5,"0.227","0.401","0.283",35
"Borucki, Ryan",621366,"TOR","FS","Split-Finger",0.6,1,"103",17.3,"28","0.25","0.357","0.263",41.8,35.7,23.8,"0.244","0.376","0.265",44.4
"Young, Danny",664849,"NYM","SI","Sinker",0.7,1,"87",55.1,"27","0.304","0.304","0.323",23.3,29.6,47.1,"0.249","0.286","0.288",18.8
"Ohtani, Shohei",660271,"LAD","SL","Slider",2.8,2,"85",11.3,"27","0.154","0.154","0.192",44.4,55.6,32.6,"0.151","0.193","0.197",27.3
"Stratton, Hunter",676702,"ATL","SL","Slider",0.4,0,"99",28.9,"27","0.208","0.25","0.257",33.3,25.9,16.7,"0.281","0.424","0.347",52.9
"Johnson, Ryan",696270,"LAA","FC","Cutter",-0.9,-1,"119",43.4,"27","0.391","0.522","0.419",31,18.5,21.7,"0.228","0.321","0.28",26.3
"Walter, Brandon",687888,"HOU","SI","Sinker",2.3,2,"102",12.5,"27","0.308","0.308","0.293",14.6,25.9,25,"0.301","0.411","0.322",68.4
"Pérez, Cionel",672335,"BAL","SV","Slurve",-0.1,0,"95",21.7,"27","0.231","0.423","0.267",34,33.3,21.4,"0.202","0.321","0.216",38.9
"Effross, Scott",664123,"NYY","SI","Sinker",-1.9,-1,"74",47.4,"27","0.36","0.6","0.43",5.1,7.4,15.4,"0.314","0.438","0.352",43.5
"Brogdon, Connor",641401,"LAA","FC","Cutter",-1.6,-2,"136",16.2,"27","0.24","0.48","0.367",23.1,0,0,"0.322","0.564","0.4",48
"Robert, Daniel",642016,"PHI","ST","Sweeper",-1.5,-2,"106",41.6,"27","0.24","0.44","0.352",34,40.7,24.4,"0.197","0.314","0.255",50
"Nicolas, Kyle",693312,"PIT","CU","Curveball",2,3,"145",22.2,"27","0.04","0.04","0.085",50,48.1,27.7,"0.104","0.142","0.149",16.7
"Wilson, Justin",458677,"BOS","FC","Cutter",-0.3,0,"121",14.8,"27","0.417","0.5","0.437",17.5,3.7,16.7,"0.293","0.398","0.344",39.1
"Estes, Joey",683155,"ATH","FF","4-Seam Fastball",-3.1,-3,"91",48.9,"27","0.286","0.81","0.478",22.4,14.8,16.7,"0.193","0.519","0.362",33.3
"Veneziano, Anthony",685107,"STL","SL","Slider",-2.8,-3,"115",23.9,"27","0.304","0.696","0.431",28.8,22.2,16.2,"0.311","0.682","0.431",83.3
"Nola, Aaron",605400,"PHI","FC","Cutter",-2.5,-3,"115",7.3,"27","0.391","0.609","0.47",27.4,18.5,22.7,"0.321","0.558","0.423",38.9
"Waddell, Brandon",663399,"NYM","SL","Slider",-0.7,-1,"89",17.4,"27","0.269","0.577","0.367",22.4,25.9,13.5,"0.3","0.601","0.392",31.6
"Bachman, Sam",696147,"LAA","SI","Sinker",-0.2,0,"114",34.1,"27","0.318","0.364","0.376",18.6,14.8,20,"0.329","0.395","0.388",61.1
"Kelly, Zack",677161,"BOS","ST","Sweeper",-1.5,-2,"120",20.7,"27","0.269","0.423","0.313",25.5,40.7,19.6,"0.21","0.356","0.258",33.3
"Guerrero, Luis",692285,"BOS","FF","4-Seam Fastball",0.5,0,"107",37.2,"27","0.15","0.2","0.269",24.4,22.2,20.7,"0.202","0.307","0.353",40
"Rolison, Ryan",669020,"COL","SL","Slider",-2.2,-2,"112",16.6,"27","0.385","0.654","0.428",14.8,7.4,8.7,"0.312","0.571","0.361",40
"Arias, Luarbert",678215,"MIA","SL","Slider",-1.6,-2,"96",46.4,"27","0.348","0.522","0.396",18.2,14.8,17.4,"0.29","0.463","0.366",45
"Loáisiga, Jonathan",642528,"NYY","CH","Changeup",-1.8,-2,"88",18.8,"27","0.259","0.444","0.3",35.8,29.6,21.6,"0.191","0.294","0.207",5.3
"Iglesias, Raisel",628452,"ATL","SL","Slider",-8.9,-8,"95",9.9,"27","0.346","1.038","0.57",34,37,25,"0.263","0.816","0.452",56.3
"Ribalta, Orlando",687377,"WSH","CH","Changeup",-1.5,-2,"105",21,"27","0.28","0.44","0.313",40.4,40.7,23.4,"0.214","0.309","0.235",13.3
"Jacob, Alek",689690,"SD","SI","Sinker",-3.8,-3,"86",14.7,"27","0.45","0.55","0.541",10.8,0,0,"0.374","0.46","0.448",20
"Wells, Tyler",669330,"BAL","FF","4-Seam Fastball",0.2,0,"125",36.5,"27","0.231","0.462","0.306",22.7,14.8,10.5,"0.233","0.504","0.322",50
"Phillips, Tyler",663969,"MIA","FF","4-Seam Fastball",-0.1,0,"99",8.9,"27","0.25","0.417","0.365",12.5,7.4,7.7,"0.348","0.622","0.444",63.6
"Burke, Sean",680732,"CWS","CH","Changeup",-4.5,-7,"155",6.5,"27","0.435","0.913","0.585",32.1,3.7,2.6,"0.349","0.679","0.474",36.4
"Hill, Jaden",677955,"COL","FF","4-Seam Fastball",0.4,0,"111",22.7,"27","0.182","0.273","0.289",19.6,29.6,22.2,"0.187","0.224","0.274",28.6
"Kolek, Stephen",663568,"KC","ST","Sweeper",-3.5,-4,"117",6.9,"27","0.407","0.63","0.446",18.4,14.8,10.8,"0.309","0.581","0.377",34.8
"Hernandez, Nick",663321,"HOU","SL","Slider",-3.4,-3,"101",45.7,"27","0.333","0.81","0.522",28.6,14.8,14.3,"0.279","0.704","0.472",52.9
"Mazur, Adam",800049,"MIA","SI","Sinker",0.5,0,"78",16,"26","0.208","0.25","0.344",10.6,7.7,13.3,"0.319","0.382","0.338",18.2
"Weissert, Greg",669711,"BOS","CH","Changeup",1.5,2,"104",9.7,"26","0.16","0.16","0.165",31.9,30.8,19.5,"0.147","0.163","0.159",17.6
"Vodnik, Victor",680767,"COL","SL","Slider",0.3,0,"118",12.8,"26","0.25","0.417","0.29",27.9,23.1,13.3,"0.228","0.364","0.283",31.6
"Bowden, Ben",641386,"ATH","FF","4-Seam Fastball",0,0,"110",58.8,"26","0.182","0.5","0.315",20.4,19.2,15.2,"0.288","0.719","0.438",66.7
"Peguero, Joel",666711,"SF","FF","4-Seam Fastball",-1.5,-2,"103",32.7,"26","0.35","0.65","0.48",15.7,7.7,6.7,"0.221","0.55","0.398",47.4
"Chandler, Bubba",696149,"PIT","CH","Changeup",3.6,4,"104",22.6,"26","0.08","0.12","0.11",39.6,26.9,20,"0.118","0.18","0.15",22.2
"Ross, Joe",605452,"PHI","CH","Changeup",1.7,1,"72",8.4,"26","0.16","0.4","0.23",11.9,7.7,13.3,"0.386","0.625","0.431",45.8
"Adam, Jason",592094,"SD","ST","Sweeper",-0.7,-1,"92",8.5,"26","0.174","0.304","0.288",30.6,23.1,16.2,"0.161","0.245","0.261",29.4
"Matzek, Tyler",554431,"NYY","FF","4-Seam Fastball",-3.4,-3,"76",59.8,"26","0.429","0.619","0.473",21.1,19.2,29.4,"0.237","0.437","0.34",47.1
"Burgos, Juan",686228,"AZ","SI","Sinker",-4.8,-3,"72",32.7,"26","0.348","0.565","0.496",0,3.8,14.3,"0.268","0.49","0.365",31.8
"Hoffman, Jeff",656546,"TOR","SI","Sinker",0.7,1,"100",8.9,"26","0.348","0.435","0.385",15.2,15.4,26.7,"0.243","0.377","0.315",42.1
"Salazar, Eduardo",674285,"WSH","FF","4-Seam Fastball",-1.8,-2,"119",21.8,"26","0.318","0.591","0.458",17.2,15.4,8.5,"0.255","0.527","0.37",47.4
"Altavilla, Dan",656186,"CWS","SL","Slider",0.1,0,"114",25,"26","0.304","0.391","0.35",12.8,0,0,"0.374","0.443","0.398",21.7
"Granillo, Andre",701552,"STL","FF","4-Seam Fastball",-0.9,-1,"102",28.3,"26","0.381","0.667","0.458",21.7,26.9,25.9,"0.375","0.563","0.422",50
"Cano, Yennier",666974,"BAL","FF","4-Seam Fastball",-3,-3,"113",11.5,"26","0.333","0.667","0.44",16.7,23.1,14.6,"0.213","0.355","0.278",38.9
"Sands, Cole",663485,"MIN","SI","Sinker",1.7,2,"103",9,"26","0.261","0.435","0.344",15.6,3.8,50,"0.335","0.575","0.421",40.9
"Coulombe, Danny",543056,"TEX","ST","Sweeper",0.4,1,"134",18.6,"26","0.12","0.24","0.173",23.3,19.2,9.4,"0.191","0.389","0.261",30
"Valdez, Framber",664285,"HOU","SL","Slider",1.3,1,"91",3.1,"26","0.16","0.24","0.165",31.8,34.6,21.4,"0.242","0.319","0.236",23.5
"Brazobán, Huascar",623211,"NYM","FF","4-Seam Fastball",0.4,1,"121",12,"26","0.167","0.458","0.302",23.1,26.9,17.9,"0.179","0.537","0.325",23.5
"Sandlin, Nick",680704,"TOR","SL","Slider",1.5,2,"141",48.8,"26","0.182","0.273","0.273",50,23.1,17.1,"0.211","0.307","0.296",31.3
"Snider, Collin",676092,"SEA","FF","4-Seam Fastball",1.5,2,"118",24.7,"26","0.24","0.28","0.248",15.4,26.9,14.6,"0.258","0.43","0.308",50
"Ragans, Cole",666142,"KC","CU","Curveball",-0.3,0,"138",12.8,"26","0.227","0.227","0.281",32.4,38.5,22.2,"0.222","0.251","0.284",33.3
"Rainey, Tanner",663432,"DET","FF","4-Seam Fastball",-1.3,-1,"106",52.7,"26","0.294","0.353","0.39",13.2,15.4,11.8,"0.33","0.403","0.436",46.7
"Arrighetti, Spencer",681293,"HOU","FC","Cutter",-3.1,-3,"86",13.9,"26","0.412","0.824","0.554",30.8,7.7,13.3,"0.234","0.426","0.443",62.5
"Miller, Erik",669062,"SF","SL","Slider",2.7,3,"107",22.2,"26","0.143","0.143","0.212",62.5,42.3,29.7,"0.133","0.148","0.226",27.3
"Tonkin, Michael",543859,"MIN","SL","Slider",0.6,1,"103",25.9,"26","0.136","0.227","0.238",23.8,19.2,14.3,"0.198","0.361","0.309",35.3
"Lovelady, Richard",663992,"NYM","ST","Sweeper",-0.7,-1,"93",42.1,"26","0.208","0.542","0.346",39.2,30.8,24.2,"0.258","0.512","0.324",52.9
"Suarez, José",660761,"ATL","FF","4-Seam Fastball",0.6,1,"123",41.7,"26","0.286","0.333","0.356",29.5,15.4,16,"0.299","0.44","0.391",58.8
"Hurter, Brant",676428,"DET","CH","Changeup",-1.7,-2,"112",10.6,"26","0.346","0.538","0.381",28.8,11.5,8.8,"0.33","0.495","0.353",34.8
"Messick, Parker",800048,"CLE","SL","Slider",2.1,2,"91",14.6,"26","0.16","0.28","0.208",22,15.4,12.1,"0.176","0.324","0.23",23.8
"Criswell, Cooper",681867,"BOS","CH","Changeup",-4.6,-4,"86",31.2,"26","0.4","0.52","0.504",21.2,11.5,9.7,"0.3","0.399","0.315",54.5
"Bigge, Hunter",685801,"TB","SL","Slider",-0.4,0,"101",44.7,"26","0.174","0.304","0.262",41.2,30.8,19.5,"0.199","0.349","0.287",46.7
"Hill, Jaden",677955,"COL","SL","Slider",1.4,2,"119",24.4,"26","0.192","0.192","0.173",45.1,34.6,23.7,"0.195","0.242","0.19",29.4
"Richardson, Lyon",680689,"CIN","FF","4-Seam Fastball",0.4,1,"138",20.5,"26","0.143","0.19","0.225",17.3,30.8,13.3,"0.247","0.387","0.333",57.1
"Soriano, George",666277,"MIA","SI","Sinker",-2.3,-3,"134",19.4,"26","0.4","0.75","0.537",17.8,11.5,21.4,"0.401","0.587","0.488",58.8
"Núñez, Dedniel",673380,"NYM","SL","Slider",2.1,2,"85",46.4,"26","0.167","0.25","0.219",28.8,30.8,20,"0.235","0.44","0.316",43.8
"Tinoco, Jesus",622786,"MIA","SI","Sinker",1.1,1,"97",31.9,"26","0.292","0.458","0.35",6.4,7.7,16.7,"0.313","0.456","0.359",50
"Walker, Taijuan",592836,"PHI","CU","Curveball",-4.7,-6,"133",6.5,"26","0.5","0.692","0.554",20.8,11.5,10,"0.361","0.525","0.379",47.8
"Weathers, Ryan",677960,"MIA","ST","Sweeper",0.9,1,"120",18.7,"26","0.174","0.261","0.246",39.1,34.6,25,"0.172","0.291","0.256",35.7
"Irvin, Jake",663623,"WSH","FC","Cutter",-0.7,-1,"129",4.4,"26","0.261","0.435","0.344",19.4,15.4,9.5,"0.257","0.41","0.333",52.6
"Abel, Mick",690953,"MIN","SI","Sinker",-1.1,-1,"95",13.2,"26","0.375","0.458","0.427",12.2,3.8,6.3,"0.339","0.398","0.352",39.1
"Lopez, Jacob",682052,"ATH","SI","Sinker",0.8,1,"103",6.2,"25","0.261","0.565","0.374",20,12,23.1,"0.341","0.785","0.487",50
"Hart, Kyle",606996,"SD","CH","Changeup",-4.1,-4,"95",13.7,"25","0.435","0.652","0.488",31.8,12,10.7,"0.255","0.364","0.303",20
"Strickland, Hunter",519326,"LAA","SL","Slider",1.6,2,"108",32.5,"25","0.19","0.238","0.252",24.5,8,10.5,"0.3","0.497","0.373",45
"Adams, Travis",701519,"MIN","CH","Changeup",-1.4,-2,"111",16.7,"25","0.286","0.381","0.364",32.6,16,13.8,"0.282","0.35","0.317",16.7
"Roberts, Ethan",681799,"CHC","ST","Sweeper",-5,-4,"83",57.6,"25","0.318","0.682","0.424",23.1,24,21.4,"0.305","0.58","0.389",41.2
"Alexander, Jason",669920,"HOU","FF","4-Seam Fastball",-0.3,0,"127",10.1,"25","0.13","0.261","0.208",26.2,28,10.8,"0.295","0.457","0.351",50
"Darrell-Hicks, Michael",690382,"PIT","SI","Sinker",-2.2,-2,"68",43,"25","0.35","0.5","0.408",10,8,12.5,"0.37","0.686","0.482",57.9
"Jax, Griffin",643377,"TB","SI","Sinker",-0.2,0,"128",11.7,"25","0.333","0.524","0.448",16.2,8,14.3,"0.309","0.473","0.383",45
"McKenzie, Triston",663474,"CLE","FF","4-Seam Fastball",-1.8,-2,"99",80.5,"25","0.294","0.529","0.434",19.6,8,11.1,"0.317","0.574","0.498",37.5
"Sisk, Evan",681895,"PIT","SI","Sinker",0.1,0,"103",31.3,"25","0.286","0.381","0.356",32.4,24,33.3,"0.209","0.295","0.293",53.3
"Woodruff, Brandon",605540,"MIL","FC","Cutter",2.6,4,"151",15.7,"25","0.174","0.174","0.236",24.3,8,14.3,"0.163","0.2","0.2",14.3
"Burrows, Mike",681347,"PIT","CU","Curveball",-1.1,-2,"183",11.9,"25","0.318","0.5","0.43",33.3,24,21.4,"0.331","0.515","0.402",37.5
"Young, Brandon",687064,"BAL","CU","Curveball",-1.2,-2,"148",15.8,"25","0.28","0.48","0.324",19.7,24,13,"0.239","0.415","0.279",31.6
"McDaniels, Garrett",680729,"LAA","SI","Sinker",-1.2,-1,"79",41.4,"25","0.263","0.526","0.42",18.8,4,7.7,"0.273","0.428","0.396",50
"Gómez, Yoendrys",672782,"CWS","CH","Changeup",-3.9,-3,"84",7.6,"25","0.391","0.739","0.496",16.7,4,5.9,"0.323","0.578","0.406",36.4
"Jansen, Kenley",445276,"LAA","SI","Sinker",-3.6,-3,"80",9.2,"25","0.273","0.455","0.358",36.1,40,20.8,"0.19","0.321","0.276",33.3
"Moreta, Dauri",664294,"PIT","FF","4-Seam Fastball",0.1,0,"121",42.5,"25","0.286","0.286","0.313",19.6,12,9.7,"0.196","0.321","0.282",26.3
"Fitts, Richard",690916,"BOS","SI","Sinker",1.9,1,"66",9,"25","0.2","0.25","0.31",18.4,4,25,"0.307","0.379","0.382",31.6
"Blalock, Bradley",687134,"COL","FC","Cutter",-0.7,-1,"102",9.9,"25","0.368","0.368","0.364",21.2,4,7.7,"0.322","0.423","0.377",45
"Mayza, Tim",641835,"PHI","SL","Slider",-0.2,0,"90",29.9,"25","0.227","0.409","0.294",23.3,12,7.7,"0.23","0.343","0.294",50
"Steele, Justin",657006,"CHC","SL","Slider",-1.8,-2,"97",31,"25","0.304","0.609","0.41",26.4,28,17.5,"0.208","0.398","0.292",25
"Brzykcy, Zach",694350,"WSH","CH","Changeup",-0.2,0,"102",22.2,"25","0.261","0.391","0.314",46.4,32,21.6,"0.265","0.324","0.292",26.7
"Stroman, Marcus",573186,"NYY","SV","Slurve",1.6,2,"136",19.3,"25","0.208","0.25","0.222",20.4,12,7.7,"0.212","0.268","0.228",33.3
"Barnes, Jacob",606930,"TOR","FC","Cutter",1.2,1,"82",56.2,"25","0.3","0.3","0.3",32.5,16,18.2,"0.271","0.354","0.334",27.8
"López, Jorge",605347,"WSH","FF","4-Seam Fastball",-0.2,0,"97",25.1,"25","0.238","0.429","0.35",4.8,4,4.5,"0.393","0.709","0.503",70
"Garcia, Rico",670329,"BAL","SL","Slider",2.8,3,"112",19.1,"25","0.167","0.167","0.172",40,20,20,"0.211","0.263","0.226",36.8
"Blackburn, Paul",621112,"NYY","CH","Changeup",-1.6,-1,"66",9.9,"25","0.32","0.4","0.352",26.2,20,20.8,"0.21","0.326","0.227",30
"Stroman, Marcus",573186,"NYY","FS","Split-Finger",4,3,"75",10.7,"25","0.083","0.083","0.1",39,44,25.6,"0.088","0.145","0.124",23.1
"Keller, Mitch",656605,"PIT","CU","Curveball",-0.5,-1,"210",7.3,"25","0.208","0.25","0.222",29.5,20,10.9,"0.28","0.419","0.317",31.6
"Pérez, Eury",691587,"MIA","ST","Sweeper",-1.4,-2,"130",7.8,"25","0.167","0.458","0.31",42.9,44,28.2,"0.115","0.198","0.156",30.8
"Soto, Gregory",642397,"NYM","FF","4-Seam Fastball",-5.3,-4,"72",7,"25","0.417","0.5","0.452",17.5,24,18.2,"0.321","0.447","0.346",33.3
"Bowman, Matt",621199,"BAL","ST","Sweeper",-4.1,-4,"87",19.5,"25","0.375","0.625","0.438",21.4,20,14.7,"0.339","0.684","0.442",42.1
"Dubin, Shawn",681869,"BAL","CH","Changeup",-1.1,-1,"80",14.5,"25","0.304","0.435","0.352",19,12,11.5,"0.255","0.315","0.285",60
"Bido, Osvaldo",674370,"ATH","FC","Cutter",-1.9,-2,"94",6.8,"24","0.364","0.591","0.433",29.2,12.5,16.7,"0.22","0.378","0.291",26.3
"Bergert, Ryan",686701,"KC","SI","Sinker",0.9,1,"86",6.6,"24","0.211","0.263","0.302",13.3,8.3,14.3,"0.268","0.415","0.354",31.6
"Contreras, Roansy",672710,"COL","FF","4-Seam Fastball",4.8,4,"83",42.1,"24","0.174","0.174","0.179",17.4,12.5,15.8,"0.224","0.395","0.28",50
"Molina, Anthony",683627,"COL","CU","Curveball",-0.3,0,"91",15,"24","0.25","0.375","0.271",48.8,25,15,"0.236","0.373","0.26",55.6
"Henriquez, Edgardo",683618,"LAD","FF","4-Seam Fastball",0.5,0,"80",28.7,"24","0.227","0.364","0.263",24.4,29.2,25,"0.224","0.495","0.334",40
"Brubaker, JT",664141,"SF","SL","Slider",0.8,1,"114",24.3,"24","0.19","0.238","0.252",43.6,45.8,21.6,"0.13","0.22","0.218",30
"Winn, Cole",668390,"TEX","FS","Split-Finger",0.6,0,"75",12.1,"24","0.1","0.15","0.206",43.3,37.5,23.7,"0.145","0.243","0.255",36.4
"Winn, Keaton",676775,"SF","FS","Split-Finger",-3.7,-3,"72",43.6,"24","0.304","0.565","0.381",34.7,25,22.2,"0.226","0.491","0.316",52.9
"Knack, Landon",689017,"LAD","SL","Slider",-3.8,-4,"92",11.9,"24","0.364","0.727","0.479",23.1,25,14,"0.382","0.615","0.447",50
"Jansen, Kenley",445276,"LAA","SL","Slider",4.9,3,"53",6.1,"24","0.083","0.083","0.113",25.6,33.3,25.8,"0.172","0.212","0.168",31.3
"Anderson, Ian",666120,"LAA","CH","Changeup",-1.5,-1,"71",35,"24","0.348","0.565","0.404",42.5,25,17.6,"0.249","0.41","0.299",41.2
"Stanek, Ryne",592773,"NYM","FS","Split-Finger",-3.6,-5,"127",11.9,"24","0.333","0.429","0.417",26.4,25,7.7,"0.247","0.29","0.293",53.3
"Bassitt, Chris",605135,"TOR","CH","Changeup",-1.2,-1,"104",3.7,"24","0.286","0.476","0.359",20.5,8.3,13.3,"0.331","0.651","0.437",40
"Smith, Dylan",681916,"DET","FF","4-Seam Fastball",1.5,1,"82",49.7,"24","0.2","0.25","0.293",21.4,8.3,10,"0.239","0.361","0.334",44.4
"Gervase, Paul",801434,"LAD","FF","4-Seam Fastball",-1.2,-1,"80",58.8,"24","0.211","0.579","0.402",33.3,25,30,"0.152","0.393","0.324",46.2
"Gibson, Cade",806188,"MIA","SL","Slider",3.7,3,"87",9.6,"24","0.174","0.217","0.231",14,4.2,8.3,"0.244","0.36","0.277",50
"Montas, Frankie",593423,"NYM","SL","Slider",-4.6,-5,"99",14,"24","0.318","0.591","0.448",22.2,16.7,9.1,"0.335","0.704","0.456",50
"Perkins, Jack",678022,"ATH","FC","Cutter",3.1,3,"90",14.1,"24","0.217","0.348","0.263",19.6,4.2,25,"0.298","0.484","0.349",27.3
"Young, Brandon",687064,"BAL","FC","Cutter",-4.2,-4,"86",9.2,"24","0.429","0.857","0.602",18.8,0,0,"0.332","0.584","0.509",46.7
"Harrington, Thomas",802419,"PIT","FF","4-Seam Fastball",-4.9,-4,"81",40.5,"24","0.45","0.75","0.5",13.3,12.5,10.7,"0.362","0.642","0.444",38.9
"Gray, Jon",592351,"TEX","SL","Slider",-1.3,-1,"89",42.4,"24","0.227","0.455","0.321",26.2,16.7,20,"0.317","0.694","0.446",44.4
"Herget, Kevin",643361,"NYM","FF","4-Seam Fastball",0.9,1,"95",44,"24","0.211","0.368","0.34",8.9,8.3,9.1,"0.298","0.442","0.397",47.1
"Kent, Zak",687849,"CLE","FF","4-Seam Fastball",0,0,"93",30.2,"24","0.391","0.478","0.396",22.7,12.5,23.1,"0.306","0.402","0.324",35
"McDaniels, Garrett",680729,"LAA","SL","Slider",-1.1,-1,"100",52.4,"24","0.333","0.476","0.396",30.8,20.8,21.7,"0.28","0.439","0.359",37.5
"Anderson, Tyler",542881,"LAA","SI","Sinker",-6.7,-6,"85",3.6,"24","0.286","0.952","0.525",15,12.5,16.7,"0.319","0.79","0.489",72.2
"Brash, Matt",666374,"SEA","CH","Changeup",-0.5,0,"98",11.9,"24","0.174","0.261","0.246",43.9,37.5,22,"0.171","0.253","0.203",50
"Holderman, Colin",670059,"PIT","FC","Cutter",-0.5,-1,"119",24.2,"24","0.318","0.591","0.41",26.8,16.7,13.3,"0.213","0.422","0.303",33.3
"Funderburk, Kody",681892,"MIN","CH","Changeup",1.5,1,"87",12,"24","0.25","0.292","0.24",18.6,12.5,10.3,"0.277","0.351","0.27",66.7
"Davis, Noah",663562,"MIN","SI","Sinker",-5.3,-5,"93",37.1,"24","0.5","0.85","0.635",11.4,25,28.6,"0.401","0.768","0.527",57.1
"McGee, Easton",668834,"MIL","SI","Sinker",-1.6,-1,"71",31.8,"24","0.261","0.435","0.315",12.9,29.2,28,"0.251","0.482","0.328",43.8
"Allard, Kolby",663465,"CLE","SI","Sinker",0.9,1,"86",8.6,"24","0.286","0.476","0.359",13.3,8.3,11.1,"0.274","0.45","0.343",20
"Hjelle, Sean",663546,"SF","CU","Curveball",-3.4,-3,"91",35.8,"24","0.318","0.591","0.41",41.9,29.2,17.1,"0.232","0.45","0.323",53.3
"Martinez, Justin",679885,"AZ","FS","Split-Finger",2.7,2,"86",32,"24","0","0","0.175",58.6,58.3,33.3,"0.029","0.032","0.195",0
"Maton, Phil",664208,"TEX","SI","Sinker",-0.4,0,"122",12.1,"24","0.278","0.333","0.363",21.2,4.2,11.1,"0.358","0.525","0.448",33.3
"Bassitt, Chris",605135,"TOR","FS","Split-Finger",-5.1,-5,"101",3.6,"24","0.542","0.708","0.548",20.5,8.3,6.9,"0.427","0.649","0.462",50
"López, Pablo",641154,"MIN","SI","Sinker",0,0,"82",6.5,"24","0.211","0.421","0.365",19.5,16.7,50,"0.215","0.315","0.314",25
"Skenes, Paul",694973,"PIT","SL","Slider",0.2,0,"168",5.6,"24","0.227","0.364","0.327",33.8,16.7,10,"0.161","0.208","0.204",16.7
"Hoffmann, Andrew",694851,"AZ","CH","Changeup",-1.3,-2,"117",47.8,"24","0.238","0.571","0.381",38.9,29.2,17.5,"0.296","0.666","0.44",28.6
"Pérez, Cionel",672335,"BAL","SL","Slider",0.9,1,"100",22.9,"24","0.227","0.409","0.306",32.7,33.3,24.2,"0.156","0.266","0.222",50
"Hall, DL",669084,"MIL","FC","Cutter",1,1,"106",18,"24","0.263","0.368","0.363",9.5,8.3,25,"0.311","0.514","0.424",35.3
"Lara, Andry",691251,"WSH","SL","Slider",-5.3,-4,"83",32.5,"24","0.476","0.762","0.523",21.4,16.7,14.3,"0.361","0.596","0.45",44.4
"Senga, Kodai",673540,"NYM","ST","Sweeper",-2.7,-4,"148",7.8,"24","0.304","0.696","0.465",16.7,16.7,21.1,"0.275","0.505","0.347",26.3
"Waldrep, Hurston",694462,"ATL","SL","Slider",2.8,3,"100",11.6,"24","0.227","0.227","0.246",24.5,4.2,5.9,"0.375","0.446","0.386",14.3
"Rodriguez, Eduardo",593958,"AZ","CU","Curveball",0.4,1,"121",4.7,"24","0.25","0.417","0.285",23.1,12.5,9.7,"0.258","0.349","0.266",28.6
"Harvey, Hunter",640451,"KC","FF","4-Seam Fastball",5.3,5,"89",53.3,"24","0.13","0.13","0.142",24.5,33.3,27.6,"0.135","0.174","0.157",40
"Ribalta, Orlando",687377,"WSH","SI","Sinker",-1.5,-1,"95",19,"24","0.316","0.474","0.452",13.3,4.2,5.3,"0.378","0.472","0.442",22.2
"Lawrence, Justin",664875,"PIT","SI","Sinker",0.9,1,"110",40.7,"23","0.263","0.368","0.348",18.2,17.4,50,"0.224","0.379","0.333",40
"Pearson, Nate",663878,"CHC","SL","Slider",-1.2,-1,"113",40.4,"23","0.35","0.5","0.413",28.9,13,12,"0.277","0.556","0.394",41.2
"Crismatt, Nabil",622503,"AZ","CU","Curveball",-3.1,-3,"83",15.5,"23","0.3","0.7","0.491",25.7,4.3,7.1,"0.25","0.555","0.386",36.8
"Soriano, George",666277,"MIA","SL","Slider",-0.5,-1,"111",16,"23","0.263","0.421","0.365",36.5,21.7,22.7,"0.186","0.315","0.3",21.4
"Chandler, Bubba",696149,"PIT","SL","Slider",5.6,4,"80",17.4,"23","0.087","0.087","0.078",23.1,26.1,26.1,"0.156","0.216","0.16",17.6
"Bruihl, Justin",677865,"TOR","ST","Sweeper",-1.3,-1,"91",41.6,"23","0.318","0.545","0.383",25,21.7,17.2,"0.257","0.403","0.303",23.5
"Ellard, Fraser",686642,"CWS","SL","Slider",1.6,1,"85",25.8,"23","0.053","0.053","0.2",46.9,47.8,30.6,"0.076","0.135","0.195",25
"Lao, Sauryn",666659,"WSH","SL","Slider",0.7,1,"89",48.1,"23","0.182","0.318","0.235",39.1,30.4,21.2,"0.234","0.365","0.276",40
"Sabrowski, Erik",681870,"CLE","SL","Slider",2.7,2,"85",16.9,"23","0.105","0.158","0.215",48,26.1,23.1,"0.163","0.246","0.268",30.8
"Thompson, Mason",666168,"WSH","SI","Sinker",-2.1,-2,"96",40.2,"23","0.333","0.667","0.48",12.8,8.7,14.3,"0.225","0.474","0.379",25
"Herrin, Tim",682120,"CLE","SI","Sinker",-2.2,-3,"126",16.8,"23","0.294","0.529","0.48",18.9,8.7,12.5,"0.28","0.453","0.416",40
"Johnson, Seth",686751,"PHI","FF","4-Seam Fastball",-0.6,-1,"110",51.4,"23","0.25","0.5","0.365",20,17.4,12.9,"0.249","0.378","0.324",68.8
"Ferrer, José A.",678606,"WSH","FF","4-Seam Fastball",-5,-5,"106",8.8,"23","0.478","0.652","0.491",8,17.4,7.1,"0.327","0.515","0.36",47.4
"Martinez, Justin",679885,"AZ","SI","Sinker",-0.3,0,"87",32.3,"23","0.211","0.474","0.396",11.1,0,0,"0.336","0.479","0.413",36.8
"Santos, Gregory",666619,"SEA","SL","Slider",0,0,"81",61.4,"23","0.211","0.263","0.316",12.5,0,0,"0.275","0.411","0.348",35
"Alvarez, Andrew",674841,"WSH","SL","Slider",3.8,5,"121",29,"23","0.091","0.091","0.148",34.6,17.4,40,"0.168","0.229","0.195",38.9
"Zastryzny, Rob",642239,"MIL","FC","Cutter",-1.1,-1,"115",33.1,"23","0.316","0.632","0.491",34,13,21.4,"0.243","0.541","0.391",37.5
"Kelly, Zack",677161,"BOS","SI","Sinker",1.2,1,"89",15.3,"23","0.273","0.318","0.28",14.3,17.4,21.1,"0.286","0.365","0.302",27.8
"Kowar, Jackson",663804,"SEA","SL","Slider",-1.2,-1,"100",35.6,"23","0.158","0.316","0.287",52.3,39.1,24.3,"0.155","0.324","0.288",30
"Martin, Corbin",656686,"BAL","CU","Curveball",-3.1,-2,"67",20.2,"23","0.217","0.348","0.283",33.3,34.8,23.5,"0.25","0.401","0.278",66.7
"Dana, Caden",702674,"LAA","CH","Changeup",-4.1,-4,"109",19.4,"23","0.3","0.7","0.441",53.1,43.5,26.3,"0.184","0.323","0.261",36.4
"Ober, Bailey",641927,"MIN","SI","Sinker",-6.5,-5,"75",3.2,"23","0.429","0.81","0.539",2.5,0,0,"0.356","0.655","0.451",71.4
"Abel, Mick",690953,"MIN","SL","Slider",2.2,2,"83",11.5,"23","0.227","0.227","0.226",16.3,13,9.4,"0.271","0.449","0.32",73.7
"Stewart, Brock",592779,"LAD","SI","Sinker",1.8,1,"67",11,"23","0.222","0.222","0.309",22.2,4.3,20,"0.246","0.279","0.33",29.4
"Megill, Tylor",656731,"NYM","CH","Changeup",-1.5,-1,"89",7.2,"23","0.211","0.368","0.293",36.7,21.7,13.2,"0.21","0.306","0.278",33.3
"Little, Brendon",663893,"TOR","FC","Cutter",1.1,1,"97",7.8,"23","0.25","0.35","0.317",29.5,17.4,19,"0.252","0.351","0.316",31.3
"Winn, Cole",668390,"TEX","SL","Slider",2.8,3,"119",19.2,"23","0.095","0.143","0.154",34,30.4,18.4,"0.218","0.332","0.276",42.9
"Fitts, Richard",690916,"BOS","ST","Sweeper",0.2,0,"78",10.6,"23","0.182","0.318","0.204",39.6,43.5,25.6,"0.172","0.385","0.241",30.8
"Garcia, Rico",670329,"BAL","CU","Curveball",-1.9,-2,"114",19.5,"23","0.391","0.435","0.367",17.8,34.8,12.7,"0.261","0.324","0.256",46.7
"Dubin, Shawn",681869,"BAL","SI","Sinker",0.2,0,"82",14.9,"23","0.316","0.368","0.372",12.5,13,16.7,"0.235","0.314","0.317",37.5
"Vasil, Mike",678024,"CWS","FC","Cutter",1.5,1,"90",5.5,"23","0.286","0.286","0.268",34,0,0,"0.364","0.641","0.451",52.4
"Gonsolin, Tony",664062,"LAD","SL","Slider",-2.9,-3,"98",16.1,"23","0.211","0.526","0.413",35.6,34.8,18.6,"0.267","0.638","0.433",54.5
"Cease, Dylan",656302,"SD","ST","Sweeper",4,4,"108",3.5,"23","0.091","0.091","0.078",26.7,30.4,24.1,"0.23","0.344","0.236",12.5
"Boushley, Caleb",676961,"TEX","CH","Changeup",0,0,"98",13.2,"23","0.318","0.318","0.304",38.8,26.1,25,"0.302","0.349","0.303",25
"Bowman, Matt",621199,"BAL","FC","Cutter",-1.4,-2,"115",25.7,"23","0.304","0.565","0.367",16.7,4.3,4.2,"0.278","0.493","0.326",31.8
"Abbott, Andrew",671096,"CIN","FC","Cutter",-3.4,-4,"115",4.3,"23","0.381","0.762","0.539",22.5,8.7,18.2,"0.303","0.538","0.386",47.4
"Suarez, Ranger",624133,"PHI","SL","Slider",2,2,"100",4.1,"23","0.095","0.238","0.187",61.5,60.9,35,"0.11","0.25","0.198",28.6
"Brieske, Beau",689225,"DET","CH","Changeup",0.6,1,"100",24.7,"23","0.19","0.333","0.304",26.7,13,12.5,"0.213","0.29","0.26",33.3
"Civale, Aaron",650644,"CHC","FS","Split-Finger",1.8,2,"101",5.8,"23","0.182","0.182","0.187",17.8,21.7,17.2,"0.195","0.248","0.213",5.9
"Hicks, Jordan",663855,"BOS","FS","Split-Finger",-1.7,-1,"72",6,"23","0.318","0.364","0.32",32.4,39.1,22.5,"0.193","0.235","0.21",53.8
"Brubaker, JT",664141,"SF","CH","Changeup",3.8,3,"72",15.4,"23","0.136","0.136","0.148",26.3,17.4,16.7,"0.267","0.335","0.283",44.4
"Morejon, Adrian",670970,"SD","CH","Changeup",6,4,"66",6.6,"23","0.043","0.043","0.039",48.8,52.2,38.7,"0.134","0.236","0.158",36.4
"Ruiz, José",614179,"ATL","CU","Curveball",-0.6,-1,"92",30.5,"23","0.25","0.5","0.335",32.5,17.4,19,"0.243","0.379","0.333",41.2
"Waddell, Brandon",663399,"NYM","ST","Sweeper",-0.5,-1,"121",23.6,"23","0.25","0.45","0.348",32.4,30.4,25.9,"0.297","0.365","0.343",23.1
"Suárez, Albert",544150,"BAL","FF","4-Seam Fastball",0,0,"75",43.4,"23","0.238","0.429","0.317",25.6,30.4,25.9,"0.207","0.388","0.292",50
"Koenig, Jared",657649,"MIL","CH","Changeup",-1.9,-2,"95",9.1,"23","0.304","0.565","0.386",32.6,13,10,"0.229","0.39","0.263",40
"Leclerc, José",600917,"ATH","FF","4-Seam Fastball",-3.3,-3,"77",33.6,"23","0.35","0.65","0.498",23.9,17.4,12.1,"0.319","0.555","0.414",50
"Mattson, Isaac",676755,"PIT","SL","Slider",2.8,2,"68",8.8,"23","0.13","0.304","0.18",32.4,21.7,19.2,"0.139","0.35","0.204",33.3
"Maton, Phil",664208,"TEX","ST","Sweeper",-0.7,-1,"138",13.7,"23","0.4","0.6","0.457",32.8,8.7,18.2,"0.267","0.475","0.348",42.1
"Brasier, Ryan",518489,"CHC","SI","Sinker",-2.2,-2,"67",16.6,"22","0.364","0.5","0.377",7.3,0,0,"0.344","0.528","0.371",50
"Sauer, Matt",669422,"LAD","FF","4-Seam Fastball",-0.6,-1,"112",21.9,"22","0.318","0.545","0.368",19.3,27.3,11.3,"0.293","0.454","0.32",56.3
"Anderson, Ian",666120,"LAA","FF","4-Seam Fastball",-1.7,-2,"104",51.2,"22","0.471","0.471","0.486",6.8,9.1,9.5,"0.33","0.368","0.397",40
"Hoglund, Gunnar",680684,"ATH","SI","Sinker",-2.3,-2,"91",16.6,"22","0.4","0.7","0.491",11.6,13.6,16.7,"0.282","0.539","0.377",41.2
"Estrada, Lazaro",681751,"TOR","FF","4-Seam Fastball",-7.1,-4,"58",48.7,"22","0.444","0.722","0.529",22.9,22.7,27.8,"0.303","0.496","0.392",28.6
"Herget, Kevin",643361,"NYM","CH","Changeup",0.7,1,"79",36.6,"22","0.227","0.273","0.22",17.9,13.6,9.7,"0.231","0.363","0.255",36.8
"López, Pablo",641154,"MIN","CU","Curveball",-0.6,-1,"124",9.9,"22","0.158","0.421","0.236",40,45.5,20,"0.14","0.302","0.21",36.4
"Rangel, Alan",660604,"PHI","FF","4-Seam Fastball",-1,-1,"76",43.7,"22","0.353","0.471","0.436",2.6,0,0,"0.344","0.624","0.474",58.8
"Boushley, Caleb",676961,"TEX","SL","Slider",-2.7,-3,"99",13.3,"22","0.318","0.591","0.427",20.5,9.1,6.9,"0.287","0.491","0.332",45
"Lively, Ben",594902,"CLE","ST","Sweeper",3.1,2,"78",10.8,"22","0.091","0.227","0.132",15.4,13.6,15,"0.175","0.388","0.234",26.3
"Sisk, Evan",681895,"PIT","ST","Sweeper",1.8,2,"88",26.7,"22","0.176","0.176","0.229",41,50,36.7,"0.061","0.064","0.154",0
"Criswell, Cooper",681867,"BOS","SI","Sinker",-2.2,-2,"77",27.9,"22","0.381","0.619","0.482",6.9,4.5,11.1,"0.305","0.483","0.353",40
"Murphy, Chris",669684,"BOS","SL","Slider",0,0,"114",20,"22","0.2","0.4","0.364",23.5,9.1,15.4,"0.277","0.555","0.438",57.1
"Wolfram, Grant",664991,"BAL","FF","4-Seam Fastball",0.1,0,"79",15.2,"22","0.273","0.364","0.318",20.5,18.2,15.4,"0.268","0.321","0.257",27.8
"Smith, Cade",671922,"CLE","ST","Sweeper",-1.2,-1,"105",8.9,"22","0.3","0.4","0.35",40.8,27.3,20,"0.203","0.261","0.22",40
"Seabold, Connor",657756,"ATL","FF","4-Seam Fastball",2.1,2,"94",50.8,"22","0.176","0.235","0.266",21.8,27.3,20,"0.165","0.341","0.297",41.7
"Fitts, Richard",690916,"BOS","CU","Curveball",-0.5,0,"81",11,"22","0.238","0.381","0.286",18.4,13.6,9.4,"0.312","0.5","0.362",44.4
"Rashi, Taylor",688497,"AZ","FS","Split-Finger",0.3,0,"78",24.5,"22","0.2","0.25","0.243",41,40.9,23.7,"0.104","0.121","0.153",18.2
"Feltner, Ryan",663372,"COL","CH","Changeup",-1.2,-1,"97",18.6,"22","0.238","0.429","0.343",40,31.8,19.4,"0.154","0.279","0.207",21.4
"Matsui, Yuki",673513,"SD","ST","Sweeper",1.7,2,"114",10.7,"22","0.056","0.056","0.168",43.6,36.4,23.5,"0.162","0.282","0.282",10
"Slaten, Justin",686580,"BOS","CU","Curveball",-3.1,-3,"90",18,"22","0.286","0.571","0.377",31.9,22.7,11.6,"0.314","0.566","0.386",50
"Jarvis, Bryce",686826,"AZ","CH","Changeup",1.7,2,"87",21.3,"22","0.15","0.2","0.202",21.1,18.2,14.8,"0.135","0.278","0.221",31.3
"Lovelady, Richard",663992,"NYM","SI","Sinker",-3.2,-2,"76",34.4,"22","0.385","0.462","0.475",14.8,4.5,8.3,"0.262","0.34","0.409",38.5
"Feltner, Ryan",663372,"COL","SL","Slider",-0.3,0,"89",17,"22","0.333","0.611","0.423",34.1,13.6,25,"0.205","0.343","0.287",31.3
"Mantiply, Joe",573009,"AZ","CU","Curveball",-7,-5,"69",35.9,"22","0.455","0.955","0.591",30.3,22.7,29.4,"0.188","0.424","0.254",41.2
"Pilkington, Konnor",663455,"WSH","SL","Slider",-6.3,-6,"97",19.4,"22","0.318","0.909","0.502",46.5,45.5,27,"0.254","0.633","0.367",50
"Brzykcy, Zach",694350,"WSH","CU","Curveball",-0.7,-1,"112",24.4,"22","0.25","0.3","0.325",31,27.3,14.6,"0.262","0.414","0.326",50
"Schultz, Paxton",687606,"TOR","CH","Changeup",-0.7,-1,"87",19.4,"22","0.19","0.333","0.255",28.9,27.3,16.2,"0.221","0.356","0.27",31.3
"Lauer, Eric",641778,"TOR","CH","Changeup",-3.4,-4,"134",8,"22","0.3","0.55","0.473",19,4.5,2.2,"0.436","0.675","0.498",52.6
"Ogasawara, Shinnosuke",829272,"WSH","CU","Curveball",-1.9,-2,"129",19.1,"22","0.1","0.3","0.293",27.9,27.3,20.7,"0.165","0.259","0.226",21.4
"Wilson, Steven",621051,"CWS","CH","Changeup",-11.2,-8,"71",7.3,"22","0.5","0.95","0.623",29.4,27.3,23.1,"0.249","0.482","0.341",50
"Gipson-Long, Sawyer",687830,"DET","SL","Slider",0.2,0,"99",21.4,"22","0.25","0.45","0.302",44.7,22.7,15.6,"0.226","0.407","0.279",18.8
"Yesavage, Trey",702056,"TOR","SL","Slider",0.4,0,"68",28.5,"22","0.286","0.333","0.334",30.6,18.2,19,"0.339","0.533","0.385",76.5
"King, Bryan",687911,"HOU","SI","Sinker",3.5,2,"55",5.3,"22","0.227","0.227","0.205",23.3,27.3,33.3,"0.174","0.196","0.161",37.5
"Williams, Trevor",592866,"WSH","SI","Sinker",-1.1,-1,"124",8.6,"22","0.368","0.474","0.4",14.8,4.5,12.5,"0.367","0.641","0.455",63.2
"Thielbar, Caleb",573204,"CHC","ST","Sweeper",1.3,2,"129",15.4,"22","0.143","0.286","0.173",23.1,13.6,7.9,"0.229","0.408","0.267",21.1
"Chafin, Andrew",605177,"LAA","FF","4-Seam Fastball",0.8,1,"123",20,"22","0.316","0.474","0.391",12,9.1,12.5,"0.202","0.403","0.315",58.8
"Daniel, Davis",669721,"ATL","FF","4-Seam Fastball",0.4,0,"93",50.8,"22","0.2","0.4","0.361",10.3,9.1,16.7,"0.255","0.681","0.46",57.1
"Peralta, Sammy",671111,"LAA","SL","Slider",-3.2,-2,"74",48.4,"22","0.444","0.611","0.47",28.6,18.2,25,"0.257","0.402","0.328",40
"Brieske, Beau",689225,"DET","SI","Sinker",-8.4,-6,"67",16.5,"22","0.35","1.05","0.582",9.4,9.1,18.2,"0.247","0.602","0.383",66.7
"Patrick, Chad",694477,"MIL","SL","Slider",-0.1,0,"106",5.3,"22","0.227","0.409","0.27",29.5,31.8,17.9,"0.242","0.421","0.281",20
"Mikolas, Miles",571945,"STL","ST","Sweeper",-3.8,-3,"71",2.9,"22","0.381","0.476","0.376",13.5,18.2,7.3,"0.366","0.496","0.361",44.4
"Gonsolin, Tony",664062,"LAD","CU","Curveball",-3.4,-3,"103",16.9,"22","0.353","0.706","0.505",28.6,13.6,13.6,"0.297","0.619","0.456",50
"Crochet, Garrett",676979,"BOS","CH","Changeup",1.9,3,"134",4.3,"22","0.091","0.091","0.082",42.1,36.4,17.8,"0.179","0.212","0.173",14.3
"Murdock, Noah",668716,"ATH","ST","Sweeper",-3.6,-3,"77",19.7,"22","0.333","0.381","0.334",35.7,36.4,15.1,"0.239","0.374","0.281",53.8
"Minter, A.J.",621345,"NYM","FC","Cutter",5,4,"88",47.6,"21","0.05","0.05","0.076",34.9,28.6,21.4,"0.135","0.262","0.194",28.6
"Kittredge, Andrew",552640,"CHC","FF","4-Seam Fastball",-4.7,-4,"81",10.5,"21","0.45","1.1","0.645",17.8,14.3,15.8,"0.375","0.781","0.493",70.6
"Martin, Corbin",656686,"BAL","SL","Slider",-3.5,-4,"108",32.5,"21","0.389","0.833","0.528",34.1,14.3,23.1,"0.273","0.42","0.336",43.8
"Roycroft, Chris",688297,"STL","FC","Cutter",-2.3,-2,"92",23.4,"21","0.25","0.438","0.357",17.1,14.3,9.4,"0.279","0.564","0.405",42.9
"Wells, Tyler",669330,"BAL","CH","Changeup",2.5,2,"79",23.1,"21","0.19","0.381","0.24",20.4,9.5,5.6,"0.287","0.584","0.367",47.4
"Gipson-Long, Sawyer",687830,"DET","CH","Changeup",-1,-1,"98",21.2,"21","0.167","0.444","0.314",41.9,42.9,30,"0.159","0.244","0.249",33.3
"Burrows, Mike",681347,"PIT","SI","Sinker",2.2,2,"87",5.7,"21","0.263","0.263","0.281",10.9,9.5,10.5,"0.351","0.501","0.4",35.3
"Hollowell, Gavin",668970,"CHC","FF","4-Seam Fastball",2.2,2,"78",45.3,"21","0.125","0.125","0.252",28.9,28.6,20,"0.205","0.424","0.367",40
"Sauer, Matt",669422,"LAD","SI","Sinker",-3.4,-3,"90",17.6,"21","0.389","0.611","0.469",10.3,4.8,10,"0.27","0.504","0.38",17.6
"Molina, Anthony",683627,"COL","CH","Changeup",-1.9,-2,"110",18.1,"21","0.353","0.588","0.46",25,9.5,7.1,"0.323","0.632","0.459",46.7
"McFarland, T.J.",519008,"ATH","ST","Sweeper",-2.7,-3,"101",37.1,"21","0.4","0.85","0.54",23.9,9.5,7.4,"0.324","0.646","0.408",42.1
"Teng, Kai-Wei",678906,"SF","CU","Curveball",-3.6,-3,"79",13.8,"21","0.444","0.5","0.46",20.6,19,11.8,"0.268","0.333","0.324",35.7
"Baz, Shane",669358,"TB","SL","Slider",-9.6,-8,"82",3,"21","0.429","1.286","0.7",17.1,4.8,7.7,"0.382","1.035","0.587",65
"Murdock, Noah",668716,"ATH","FC","Cutter",-1.6,-1,"89",22.8,"21","0.429","0.571","0.49",33.3,9.5,20,"0.32","0.479","0.437",30.8
"Waddell, Brandon",663399,"NYM","CH","Changeup",-1.6,-1,"75",14.6,"21","0.263","0.474","0.35",10.8,4.8,4.3,"0.24","0.377","0.305",27.8
"Maxwell, Zach",687209,"CIN","FF","4-Seam Fastball",-3.3,-3,"94",57,"21","0.333","0.667","0.46",37.5,38.1,33.3,"0.241","0.296","0.302",60
"Woodford, Jake",663765,"AZ","FF","4-Seam Fastball",-0.6,-1,"108",17.3,"21","0.278","0.389","0.314",30,9.5,4.3,"0.253","0.405","0.331",41.2
"Tidwell, Blade",694918,"NYM","FF","4-Seam Fastball",1,1,"120",38.8,"21","0.263","0.421","0.333",22,19,12.5,"0.217","0.371","0.294",33.3
"Francis, Bowden",670102,"TOR","CU","Curveball",-3.2,-5,"160",14,"21","0.444","1","0.617",40,9.5,10,"0.394","0.713","0.502",37.5
"Pepiot, Ryan",686752,"TB","CU","Curveball",0.1,0,"89",3.3,"21","0.105","0.105","0.186",32,33.3,24.1,"0.205","0.357","0.315",58.3
"Ferguson, Tyler",621053,"ATH","FC","Cutter",1.4,2,"111",11.2,"21","0.188","0.188","0.295",25,19,19,"0.238","0.28","0.338",50
"Assad, Javier",665871,"CHC","ST","Sweeper",2.7,2,"73",12.9,"21","0","0","0.067",22.2,14.3,9.7,"0.222","0.339","0.285",25
"DeSclafani, Anthony",543101,"AZ","FF","4-Seam Fastball",-2.6,-3,"114",18,"21","0.316","0.842","0.498",17.5,9.5,8.7,"0.416","0.799","0.497",57.9
"Anderson, Grant",681982,"MIL","CH","Changeup",-3.5,-2,"48",4.1,"21","0.35","0.45","0.367",21.4,9.5,11.1,"0.358","0.496","0.385",61.1
"Early, Connelly",813349,"BOS","CH","Changeup",1.6,1,"63",19.5,"21","0.238","0.238","0.257",23.1,19,17.4,"0.274","0.352","0.272",41.2
"Bummer, Aaron",607481,"ATL","FF","4-Seam Fastball",-1.2,-1,"116",12.4,"21","0.421","0.684","0.495",19.3,19,12.9,"0.375","0.587","0.437",46.7
"Hoglund, Gunnar",680684,"ATH","ST","Sweeper",-3.4,-3,"95",17.4,"21","0.3","0.5","0.36",34.2,14.3,8.8,"0.329","0.612","0.412",47.1
"Criswell, Cooper",681867,"BOS","FC","Cutter",5,4,"82",29.7,"21","0.05","0.05","0.119",14.6,19,16.7,"0.138","0.16","0.158",18.8
"Schmidt, Clarke",657376,"NYY","FF","4-Seam Fastball",1.6,2,"93",7.6,"21","0.167","0.278","0.262",24,38.1,17.8,"0.156","0.21","0.236",30
"Junis, Jakob",596001,"CLE","FF","4-Seam Fastball",-1.5,-1,"91",8.8,"21","0.313","0.625","0.433",16.1,4.8,14.3,"0.292","0.622","0.428",56.3
"McGee, Easton",668834,"MIL","CU","Curveball",1.8,1,"66",29.6,"21","0.15","0.25","0.195",22.2,19,15.4,"0.221","0.3","0.248",56.3
"Rainey, Tanner",663432,"DET","SL","Slider",0.9,1,"95",47.3,"21","0.167","0.222","0.245",58.7,33.3,22.6,"0.203","0.267","0.274",36.4
"Knack, Landon",689017,"LAD","CU","Curveball",-2.6,-3,"104",13.5,"21","0.294","0.471","0.376",14.3,19,16,"0.326","0.501","0.389",60
"King, Michael",650633,"SD","SL","Slider",1.2,1,"69",5.7,"21","0.222","0.278","0.288",25,14.3,21.4,"0.238","0.302","0.3",53.3
"Cabrera, Génesis",650893,"MIN","FS","Split-Finger",-3.1,-3,"93",13,"21","0.35","0.65","0.438",52.1,33.3,17.5,"0.215","0.397","0.281",30.8
"Hagenman, Justin",663795,"NYM","SI","Sinker",-1.3,-1,"96",25.1,"21","0.263","0.684","0.419",32.4,42.9,30,"0.227","0.651","0.392",100
"Bergert, Ryan",686701,"KC","CH","Changeup",-3.7,-4,"99",7.5,"21","0.421","0.579","0.448",37.5,28.6,21.4,"0.334","0.415","0.343",35.7
"Rasmussen, Drew",656876,"TB","ST","Sweeper",-2.4,-3,"109",4.7,"21","0.286","0.476","0.326",27.5,28.6,8.1,"0.271","0.555","0.347",66.7
"Hendriks, Liam",521230,"BOS","SL","Slider",-0.3,0,"76",32.9,"21","0.211","0.368","0.333",54.8,33.3,24.1,"0.192","0.365","0.28",33.3
"Ureña, José",570632,"LAA","FF","4-Seam Fastball",-4.1,-4,"94",10.1,"21","0.368","0.895","0.54",12.8,14.3,12.5,"0.322","0.855","0.508",62.5
"Misiorowski, Jacob",694819,"MIL","CH","Changeup",3.1,2,"69",5.9,"21","0.05","0.05","0.076",37.8,52.4,29.7,"0.077","0.097","0.102",11.1
"Winans, Allan",642216,"NYY","SI","Sinker",-4.4,-2,"53",31,"21","0.412","0.765","0.471",3.7,0,0,"0.312","0.523","0.396",73.7
"Johnson, Seth",686751,"PHI","SL","Slider",4,3,"73",34.1,"20","0.105","0.105","0.17",40.9,45,42.9,"0.071","0.094","0.099",20
"Stratton, Chris",608717,"LAD","CH","Changeup",-1.6,-1,"75",18.2,"20","0.3","0.5","0.343",47.4,40,32,"0.18","0.275","0.195",25
"Ferrer, José A.",678606,"WSH","SL","Slider",0.9,1,"90",7.5,"20","0.105","0.158","0.143",52.5,60,26.7,"0.115","0.166","0.15",71.4
"Garcia, Brandyn",805299,"AZ","ST","Sweeper",0.8,1,"84",30.3,"20","0.167","0.222","0.223",47.2,45,24.3,"0.082","0.098","0.138",0
"Puk, A.J.",640462,"AZ","FF","4-Seam Fastball",-1.4,-1,"97",62.2,"20","0.263","0.684","0.405",31.6,40,25.8,"0.182","0.372","0.256",36.4
"deGrom, Jacob",594798,"TEX","CU","Curveball",1.5,2,"133",5.1,"20","0.316","0.316","0.321",36.5,20,26.7,"0.219","0.274","0.241",26.7
"Stratton, Chris",608717,"LAD","CU","Curveball",-1.6,-1,"86",20.9,"20","0.35","0.55","0.388",21.1,25,16.1,"0.262","0.48","0.315",33.3
"Senga, Kodai",673540,"NYM","SI","Sinker",-0.9,-1,"114",6,"20","0.308","0.308","0.425",15,0,0,"0.328","0.401","0.455",38.5
"Suero, Wander",593833,"ATL","FC","Cutter",-0.7,-1,"108",76.1,"20","0.235","0.647","0.413",28,35,21.2,"0.088","0.224","0.215",40
"Whitley, Forrest",666215,"TB","FF","4-Seam Fastball",-2.7,-2,"86",33.6,"20","0.333","0.667","0.49",20.5,15,13.6,"0.252","0.549","0.425",58.3
"McGough, Scott",543518,"ATH","FS","Split-Finger",0.4,0,"99",33.3,"20","0.158","0.263","0.25",43.1,50,25.6,"0.134","0.256","0.193",44.4
"Bivens, Spencer",702352,"SF","FF","4-Seam Fastball",0.2,0,"81",6.3,"20","0.176","0.353","0.293",24.4,30,12.2,"0.21","0.517","0.362",72.7
"Ross, Joe",605452,"PHI","CU","Curveball",-10.8,-5,"47",5.5,"20","0.3","0.65","0.398",19.4,30,17.6,"0.291","0.619","0.38",42.9
"Bernardino, Brennan",657514,"BOS","FC","Cutter",-0.5,0,"103",12.4,"20","0.25","0.313","0.383",14.6,5,12.5,"0.261","0.419","0.373",40
"Long, Sam",669674,"KC","FS","Split-Finger",-0.8,-1,"73",9.3,"20","0.263","0.474","0.333",13.8,15,12.5,"0.258","0.373","0.295",18.8
"Meyer, Max",676974,"MIA","ST","Sweeper",-0.6,-1,"119",11.5,"20","0.368","0.632","0.44",15.4,0,0,"0.298","0.493","0.357",47.4
"Burke, Brock",656271,"LAA","SI","Sinker",2.6,2,"81",8,"20","0.188","0.188","0.253",10,5,10,"0.198","0.238","0.282",18.8
"Burgos, Juan",686228,"AZ","ST","Sweeper",-2.7,-2,"70",31.8,"20","0.316","0.579","0.395",36.6,40,25,"0.229","0.518","0.332",36.4
"Faucher, Calvin",676534,"MIA","SI","Sinker",0.2,0,"131",12.4,"20","0.235","0.235","0.285",24.4,20,19,"0.313","0.363","0.357",0
"Murfee, Penn",682171,"CWS","FF","4-Seam Fastball",0.6,0,"82",35.3,"20","0.294","0.353","0.348",20.5,15,20,"0.229","0.401","0.331",35.7
"Melton, Troy",675512,"DET","FC","Cutter",-5.1,-4,"71",10.8,"20","0.368","1.053","0.588",12.8,5,9.1,"0.344","0.836","0.497",61.1
"Anderson, Nick",623433,"COL","CU","Curveball",-0.9,-1,"71",29.5,"20","0.3","0.5","0.343",20.7,15,13,"0.265","0.425","0.296",35.3
"Payamps, Joel",606303,"ATL","SI","Sinker",-3.8,-3,"70",15.6,"20","0.444","1","0.608",6.7,5,100,"0.437","0.927","0.583",52.9
"Yesavage, Trey",702056,"TOR","FS","Split-Finger",3.3,2,"63",26.4,"20","0.111","0.111","0.16",57.1,50,30.3,"0.138","0.193","0.199",37.5
"Messick, Parker",800048,"CLE","CU","Curveball",3.5,3,"79",12.6,"20","0.056","0.056","0.16",25,25,25,"0.197","0.27","0.251",38.5
"Waldrep, Hurston",694462,"ATL","CU","Curveball",1,1,"113",13.1,"20","0.158","0.211","0.188",38.7,35,38.9,"0.174","0.191","0.188",50
"Stratton, Chris",608717,"LAD","SL","Slider",-1.5,-1,"68",16.5,"20","0.316","0.632","0.378",13.9,15,20,"0.327","0.637","0.393",47.1
"Yesavage, Trey",702056,"TOR","FF","4-Seam Fastball",-0.4,0,"108",45.2,"20","0.313","0.375","0.383",21.4,10,10,"0.263","0.35","0.353",57.1
"McDonald, Trevor",686790,"SF","SI","Sinker",0.3,0,"82",38.7,"20","0.368","0.368","0.35",13.8,10,14.3,"0.357","0.441","0.367",64.7
"Shuster, Jared",694363,"CWS","SL","Slider",-0.6,0,"74",26.4,"20","0.368","0.526","0.413",23.8,5,5.6,"0.35","0.604","0.387",31.6
"Whitley, Forrest",666215,"TB","FC","Cutter",-4.6,-3,"68",26.6,"20","0.412","0.824","0.555",19.4,10,14.3,"0.354","0.52","0.413",50
"Minter, A.J.",621345,"NYM","FF","4-Seam Fastball",1.5,1,"79",42.7,"20","0.235","0.294","0.303",26.9,35,38.9,"0.272","0.518","0.387",70
"Castillo, Luis F.",622379,"SEA","FF","4-Seam Fastball",-2.2,-2,"77",45.8,"20","0.385","0.615","0.513",10.3,5,5,"0.338","0.702","0.52",23.1
"Pressly, Ryan",519151,"CHC","SI","Sinker",1.7,1,"78",11.8,"20","0.071","0.143","0.25",20,5,25,"0.159","0.174","0.294",21.4
"Funderburk, Kody",681892,"MIN","SL","Slider",-2,-2,"78",10.8,"20","0.353","0.471","0.375",14.7,5,5.6,"0.348","0.575","0.407",41.2
"Hagenman, Justin",663795,"NYM","SL","Slider",3.5,3,"74",19.3,"20","0.15","0.2","0.153",34.1,25,27.8,"0.228","0.354","0.249",40
"Beeks, Jalen",656222,"AZ","FC","Cutter",-2.1,-2,"91",9.9,"20","0.316","0.632","0.378",39.4,25,16.7,"0.262","0.456","0.301",46.7
"Hamilton, Ian",641656,"NYY","FF","4-Seam Fastball",-0.3,0,"83",12.9,"20","0.176","0.353","0.237",13,25,15.2,"0.239","0.578","0.341",28.6
"Hurter, Brant",676428,"DET","FF","4-Seam Fastball",-0.2,0,"56",5.3,"20","0.2","0.2","0.215",42.3,65,32.5,"0.123","0.147","0.153",14.3
"Sabrowski, Erik",681870,"CLE","CU","Curveball",-5.8,-4,"76",15.1,"20","0.333","0.556","0.413",32.3,30,16.7,"0.26","0.517","0.363",58.3
"Darvish, Yu",506433,"SD","FC","Cutter",-0.6,-1,"136",11.8,"20","0.316","0.895","0.505",17.5,15,23.1,"0.388","0.964","0.568",68.8
"Stanek, Ryne",592773,"NYM","ST","Sweeper",-2.9,-3,"98",9.2,"20","0.211","0.684","0.345",17.4,0,0,"0.258","0.597","0.361",40
"Brown, McCade",685326,"COL","CU","Curveball",-0.9,-1,"90",18,"19","0.188","0.25","0.271",25.9,31.6,18.8,"0.224","0.27","0.292",0
"Avila, Luinder",679883,"KC","CU","Curveball",3.9,3,"71",32.7,"19","0.111","0.111","0.095",40.5,52.6,27.8,"0.132","0.16","0.136",22.2
"Tidwell, Blade",694918,"NYM","SL","Slider",-4,-2,"53",17.2,"19","0.385","0.462","0.439",13,5.3,5.9,"0.259","0.304","0.354",15.4
"Dobbins, Hunter",690928,"BOS","FS","Split-Finger",0.4,0,"81",8.7,"19","0.158","0.263","0.239",20.6,21.1,17.4,"0.164","0.185","0.155",33.3
"Morillo, Juan",666661,"AZ","CH","Changeup",2.1,2,"82",13.3,"19","0.158","0.211","0.161",40,42.1,30.8,"0.183","0.205","0.171",36.4
"Hudson, Bryan",663542,"CWS","ST","Sweeper",-0.8,-1,"70",22,"19","0.176","0.353","0.274",41.2,52.6,27.8,"0.134","0.245","0.216",42.9
"Strider, Spencer",675911,"ATL","CH","Changeup",-2.9,-3,"97",4.6,"19","0.333","0.5","0.361",29.4,10.5,7.1,"0.269","0.518","0.314",23.5
"Blackburn, Paul",621112,"NYY","CU","Curveball",-1.7,-1,"83",12.5,"19","0.25","0.625","0.376",38.5,31.6,16.7,"0.235","0.445","0.35",36.4
"Yamamoto, Yoshinobu",808967,"LAD","SL","Slider",2.4,2,"77",2.8,"19","0.105","0.263","0.153",28.9,26.3,11.9,"0.129","0.311","0.183",21.4
"Avila, Luinder",679883,"KC","SI","Sinker",1.2,1,"52",24,"19","0.25","0.375","0.337",10.7,5.3,16.7,"0.228","0.348","0.319",33.3
"Young, Brandon",687064,"BAL","SL","Slider",-0.4,0,"84",8.9,"19","0.167","0.5","0.295",19.4,10.5,13.3,"0.233","0.466","0.314",25
"Scott, Tayler",605463,"HOU","ST","Sweeper",-5.8,-4,"75",14,"19","0.429","0.857","0.575",18.5,0,0,"0.339","0.687","0.489",60
"Peguero, Elvis",665625,"CWS","SL","Slider",-1.4,-1,"93",49.7,"19","0.353","0.588","0.434",44.9,21.1,13.3,"0.301","0.499","0.381",23.1
"Hernandez, Nick",663321,"HOU","FF","4-Seam Fastball",1.9,2,"95",43,"19","0.222","0.278","0.245",27.5,15.8,17.6,"0.151","0.271","0.205",33.3
"Festa, Matt",670036,"CLE","SI","Sinker",3.7,2,"66",8.1,"19","0.118","0.118","0.168",25,47.4,32.1,"0.189","0.232","0.235",62.5
"Flexen, Chris",623167,"CHC","SL","Slider",-1.9,-1,"60",8.9,"19","0.222","0.389","0.332",25,26.3,18.5,"0.241","0.411","0.301",30.8
"Wentz, Joey",666214,"ATL","CH","Changeup",-5,-3,"63",3.5,"19","0.353","0.765","0.492",22.6,15.8,16.7,"0.268","0.417","0.339",28.6
"Wolfram, Grant",664991,"BAL","CU","Curveball",0.4,0,"73",14,"19","0.263","0.263","0.237",34.6,36.8,26.9,"0.189","0.285","0.204",16.7
"Thompson, Mason",666168,"WSH","SL","Slider",-0.6,0,"80",33.5,"19","0.313","0.375","0.366",27.6,31.6,23.1,"0.249","0.427","0.353",50
"Snell, Blake",605483,"LAD","SL","Slider",0.3,0,"114",11.1,"19","0.235","0.294","0.282",54,36.8,21.2,"0.207","0.27","0.26",20
"Farris, Mitch",815083,"LAA","SL","Slider",-2.3,-2,"95",23.5,"19","0.444","0.833","0.547",23.4,10.5,22.2,"0.367","0.511","0.398",37.5
"Strickland, Hunter",519326,"LAA","ST","Sweeper",1,0,"44",13.3,"19","0.167","0.278","0.216",29.2,26.3,19.2,"0.233","0.296","0.253",30.8
"Gillispie, Connor",687362,"MIA","CH","Changeup",-1.2,-1,"73",15.5,"19","0.211","0.474","0.332",23.7,15.8,13.6,"0.242","0.363","0.259",56.3
"Barnett, Mason",686930,"ATH","ST","Sweeper",-3.9,-4,"92",21.3,"19","0.353","0.824","0.474",33.3,36.8,17.9,"0.184","0.376","0.249",36.4
"Soto, Gregory",642397,"NYM","ST","Sweeper",0.2,0,"78",7.6,"19","0.133","0.2","0.308",53.5,47.4,29,"0.088","0.104","0.214",0
"Tidwell, Blade",694918,"NYM","ST","Sweeper",-4.8,-3,"67",21.7,"19","0.353","0.706","0.474",24.2,15.8,12,"0.328","0.703","0.463",28.6
"Moll, Sam",594580,"CIN","FF","4-Seam Fastball",-6,-4,"72",21.7,"19","0.353","0.824","0.511",14.3,21.1,13.3,"0.254","0.477","0.351",53.8
"Pilkington, Konnor",663455,"WSH","CH","Changeup",-1.6,-2,"108",21.6,"19","0.133","0.267","0.326",37,21.1,17.4,"0.219","0.272","0.317",36.4
"Stewart, Brock",592779,"LAD","CH","Changeup",-1.7,-1,"66",10.8,"19","0.235","0.294","0.282",37.5,31.6,16.7,"0.103","0.115","0.161",18.2
"Davis, Noah",663562,"MIN","ST","Sweeper",-3.9,-3,"79",31.5,"19","0.286","0.5","0.432",51.9,31.6,20,"0.277","0.434","0.407",37.5
"Chavez, Jesse",445926,"ATL","SI","Sinker",-3.8,-2,"59",34.5,"19","0.278","0.667","0.408",0,15.8,21.4,"0.19","0.414","0.276",40
"Hart, Kyle",606996,"SD","SL","Slider",-1.8,-1,"73",10.6,"19","0.333","0.833","0.492",11.9,5.3,16.7,"0.281","0.622","0.393",52.9
"Muñoz, Roddery",682610,"STL","SL","Slider",-3.9,-3,"70",30.6,"19","0.25","0.75","0.439",42.1,47.4,21.4,"0.262","0.481","0.359",50
"Herget, Jimmy",623474,"COL","CH","Changeup",-3.9,-3,"71",5.5,"18","0.389","0.889","0.531",12.5,5.6,5.9,"0.31","0.603","0.384",58.8
"Mey, Luis",682825,"CIN","SL","Slider",-4,-4,"104",25.1,"18","0.353","0.588","0.419",40,38.9,15.6,"0.291","0.424","0.333",10
"Taylor, Troy",700187,"SEA","ST","Sweeper",-6,-3,"51",37.5,"18","0.4","0.667","0.403",11.5,0,0,"0.371","0.65","0.387",27.8
"Miller, Bryce",682243,"SEA","SL","Slider",0.4,1,"118",7.7,"18","0.375","0.438","0.397",38.5,11.1,10.5,"0.381","0.478","0.409",42.9
"Bowlan, Jonathan",680742,"KC","CH","Changeup",-3.4,-2,"61",8.4,"18","0.412","0.588","0.447",14.3,5.6,7.1,"0.341","0.559","0.403",43.8
"Hoeing, Bryan",663773,"SD","SI","Sinker",0.4,0,"61",46.6,"18","0.313","0.438","0.378",6.3,11.1,28.6,"0.206","0.349","0.266",40
"Weissert, Greg",669711,"BOS","ST","Sweeper",-4.9,-5,"95",8.9,"18","0.412","0.824","0.531",21.9,33.3,20.7,"0.27","0.548","0.362",45.5
"Assad, Javier",665871,"CHC","FF","4-Seam Fastball",-1.9,-1,"72",12.7,"18","0.294","0.588","0.389",14.7,33.3,26.1,"0.239","0.369","0.285",54.5
"Raley, Brooks",548384,"NYM","FC","Cutter",4.8,4,"78",20.1,"18","0.111","0.167","0.119",14.3,5.6,8.3,"0.147","0.285","0.181",29.4
"Santana, Dennis",642701,"PIT","CH","Changeup",1,1,"61",6.1,"18","0.176","0.235","0.208",29.6,27.8,16.7,"0.241","0.325","0.27",41.7
"Feltner, Ryan",663372,"COL","ST","Sweeper",2.3,1,"64",12.3,"18","0.118","0.176","0.158",39.4,38.9,23.3,"0.151","0.189","0.18",10
"Cano, Yennier",666974,"BAL","FS","Split-Finger",-0.3,0,"71",7.2,"18","0.25","0.25","0.278",36.1,33.3,16.2,"0.118","0.137","0.179",20
"VanWey, Logan",701121,"HOU","FF","4-Seam Fastball",1.4,1,"96",52.7,"18","0.267","0.267","0.317",25.6,22.2,19,"0.316","0.382","0.373",63.6
"Varland, Louis",686973,"TOR","SL","Slider",-2.9,-2,"75",7,"18","0.412","0.647","0.469",34.2,11.1,14.3,"0.34","0.677","0.441",46.7
"Hiraldo, Yaramil",682274,"BAL","SL","Slider",1.2,1,"82",26.1,"18","0.2","0.267","0.286",27.5,11.1,13.3,"0.198","0.321","0.301",7.7
"Borucki, Ryan",621366,"TOR","ST","Sweeper",0.8,1,"91",15.3,"18","0.111","0.167","0.119",25,33.3,13.6,"0.209","0.252","0.199",16.7
"Snider, Collin",676092,"SEA","SV","Slurve",-0.1,0,"51",10.7,"18","0.188","0.25","0.308",30.3,27.8,21.7,"0.227","0.29","0.268",50
"Martin, Davis",663436,"CWS","ST","Sweeper",-3.6,-3,"98",4.2,"18","0.438","0.813","0.547",24.3,5.6,4.3,"0.301","0.571","0.403",40
"Eder, Jake",671109,"LAA","ST","Sweeper",-2,-1,"59",19.5,"18","0.25","0.688","0.403",19.4,16.7,15,"0.192","0.423","0.283",14.3
"Gibaut, Ian",664139,"CIN","SL","Slider",2.1,1,"57",14.7,"18","0.188","0.25","0.208",25.8,11.1,10.5,"0.269","0.432","0.32",46.7
"Horn, Bailey",690544,"DET","ST","Sweeper",1,1,"73",32.6,"18","0.235","0.235","0.253",35,33.3,25,"0.29","0.392","0.32",45.5
"Zastryzny, Rob",642239,"MIL","ST","Sweeper",2.4,1,"50",14.4,"18","0.167","0.222","0.169",43.3,44.4,25,"0.111","0.136","0.107",10
"López, Reynaldo",625643,"ATL","FF","4-Seam Fastball",1.5,1,"49",52.1,"18","0.294","0.529","0.369",3.7,5.6,9.1,"0.385","0.614","0.443",43.8
"Headrick, Brent",687396,"NYY","SL","Slider",0.1,0,"93",25.4,"18","0.222","0.5","0.3",58.9,44.4,23.5,"0.204","0.397","0.254",20
"Woods Richardson, Simeon",680573,"MIN","CH","Changeup",-6.3,-5,"80",4.3,"18","0.333","0.722","0.442",25.8,11.1,10.5,"0.399","0.801","0.504",43.8
"Feltner, Ryan",663372,"COL","SI","Sinker",2.1,1,"65",12.5,"18","0.167","0.389","0.191",11.8,5.6,12.5,"0.24","0.401","0.272",41.2
"Adams, Travis",701519,"MIN","SI","Sinker",1.1,1,"74",11.2,"18","0.267","0.533","0.358",18.4,11.1,18.2,"0.311","0.515","0.441",42.9
"González, Wikelman",682790,"CWS","SV","Slurve",-0.9,-1,"86",23.4,"18","0.25","0.375","0.317",44.8,38.9,24.1,"0.261","0.297","0.296",0
"Sandlin, Nick",680704,"TOR","FS","Split-Finger",3.1,2,"57",19.7,"18","0.111","0.111","0.15",36.4,38.9,21.2,"0.209","0.249","0.199",45.5
"Early, Connelly",813349,"BOS","FF","4-Seam Fastball",2.1,2,"94",29.1,"18","0.176","0.176","0.189",29.3,44.4,29.6,"0.177","0.3","0.233",44.4
"Schultz, Paxton",687606,"TOR","SL","Slider",-3.6,-2,"66",14.7,"18","0.294","0.647","0.447",20,11.1,16.7,"0.153","0.333","0.268",26.7
"Raley, Brooks",548384,"NYM","SI","Sinker",3.1,3,"94",24.2,"18","0.133","0.133","0.217",12.9,11.1,18.2,"0.208","0.323","0.303",53.8
"Castillo, José",620454,"BAL","FF","4-Seam Fastball",-1,-1,"81",14.9,"18","0.333","0.6","0.369",23.5,22.2,13.3,"0.221","0.42","0.267",69.2
"Brazobán, Huascar",623211,"NYM","FC","Cutter",1.8,2,"92",9.1,"18","0.143","0.143","0.217",32.4,16.7,14.3,"0.219","0.289","0.319",25
"Santana, Dennis",642701,"PIT","SI","Sinker",-0.2,0,"85",8.5,"18","0.375","0.5","0.417",12.2,0,0,"0.302","0.467","0.369",56.3
"Arrighetti, Spencer",681293,"HOU","CH","Changeup",-0.8,0,"58",9.4,"18","0.353","0.353","0.339",24.1,22.2,25,"0.384","0.549","0.418",53.8
"Loáisiga, Jonathan",642528,"NYY","CU","Curveball",-2.1,-2,"77",16.5,"18","0.235","0.647","0.456",24.2,5.6,4.5,"0.231","0.425","0.305",18.8
"Saucedo, Tayler",642048,"SEA","CH","Changeup",-7.7,-3,"43",18.5,"18","0.5","0.75","0.558",45.8,22.2,33.3,"0.383","0.702","0.487",41.7
"Matthews, Zebby",805673,"MIN","SI","Sinker",-1,-1,"58",4.3,"18","0.471","0.471","0.424",7.7,11.1,50,"0.264","0.32","0.255",12.5
"Arrighetti, Spencer",681293,"HOU","SI","Sinker",-4.1,-2,"55",8.9,"18","0.267","0.667","0.439",4.3,11.1,22.2,"0.301","0.554","0.419",46.2
"Ramírez, Erasmo",541640,"MIN","FC","Cutter",-1.8,-1,"70",44.3,"17","0.438","0.688","0.497",14.3,17.6,15,"0.32","0.543","0.387",30.8
"De los Santos, Yerry",660787,"NYY","SL","Slider",-4.9,-3,"56",9.5,"17","0.357","0.571","0.453",37.5,5.9,4.8,"0.266","0.684","0.448",30.8
"Mantiply, Joe",573009,"AZ","CH","Changeup",-1.7,-1,"51",26.6,"17","0.412","0.412","0.371",22.6,11.8,14.3,"0.261","0.297","0.246",6.7
"Miley, Wade",489119,"CIN","FC","Cutter",-3,-2,"70",34.1,"17","0.462","0.923","0.612",7.4,0,0,"0.33","0.633","0.474",46.2
"Gómez, Yoendrys",672782,"CWS","FC","Cutter",-1.2,-1,"75",6.8,"17","0.308","0.462","0.418",24.3,23.5,19,"0.275","0.363","0.375",33.3
"Mantiply, Joe",573009,"AZ","SI","Sinker",-7.5,-5,"68",35.4,"17","0.571","1.143","0.718",7.7,5.9,11.1,"0.418","0.893","0.574",53.8
"Aldegheri, Sam",691951,"LAA","CH","Changeup",-0.4,0,"72",23.8,"17","0.2","0.467","0.285",25,29.4,18.5,"0.274","0.584","0.361",45.5
"Burgos, Juan",686228,"AZ","FC","Cutter",1.7,1,"73",33.2,"17","0.154","0.154","0.271",40.6,29.4,33.3,"0.229","0.431","0.379",50
"Seabold, Connor",657756,"ATL","CH","Changeup",-4.4,-2,"49",26.5,"17","0.333","0.533","0.412",22.7,17.6,15,"0.307","0.599","0.42",50
"Fairbanks, Pete",664126,"TB","CH","Changeup",-3.4,-2,"48",4.9,"17","0.353","0.412","0.338",28,35.3,20.7,"0.253","0.298","0.242",54.5
"Curvelo, Luis",681168,"TEX","SI","Sinker",1.8,1,"75",23.1,"17","0.214","0.429","0.347",12.1,23.5,33.3,"0.178","0.394","0.318",30
"Rodriguez, Carlos",692230,"MIL","FF","4-Seam Fastball",0.2,0,"54",26,"17","0.286","0.286","0.335",33.3,29.4,20,"0.156","0.196","0.248",33.3
"Montero, Rafael",606160,"DET","SL","Slider",3.3,3,"82",7.5,"17","0","0","0",23.3,23.5,10.3,"0.11","0.165","0.117",15.4
"Schlittler, Cam",693645,"NYY","SI","Sinker",-0.3,0,"76",6.1,"17","0.357","0.357","0.388",21.1,17.6,14.3,"0.327","0.36","0.372",36.4
"Johnson, Ryan",696270,"LAA","SI","Sinker",-0.4,0,"60",21.9,"17","0.313","0.375","0.326",14.3,23.5,22.2,"0.237","0.335","0.274",50
"Manaea, Sean",640455,"NYM","CH","Changeup",-7.3,-4,"61",5.6,"17","0.412","0.765","0.5",24.1,23.5,16.7,"0.378","0.759","0.478",53.8
"Klein, Will",694361,"LAD","CU","Curveball",4.2,3,"67",22,"17","0.059","0.059","0.053",30.8,41.2,23.3,"0.128","0.236","0.153",20
"Jarvis, Bryce",686826,"AZ","SL","Slider",-2.1,-2,"86",21,"17","0.231","0.462","0.388",48.1,35.3,17.1,"0.192","0.368","0.345",14.3
"Seymour, Ian",693855,"TB","ST","Sweeper",-1.9,-1,"54",5.4,"17","0.25","0.5","0.338",32,29.4,20,"0.186","0.381","0.266",27.3
"Strowd, Kade",669704,"BAL","ST","Sweeper",3.1,2,"53",13.1,"17","0.118","0.118","0.106",22.6,23.5,19,"0.214","0.271","0.211",23.1
"Lucas, Easton",687922,"TOR","SL","Slider",-4.2,-2,"53",12.1,"17","0.333","0.733","0.476",20,23.5,16.7,"0.386","0.83","0.53",54.5
"Martinez, Justin",679885,"AZ","FF","4-Seam Fastball",0,0,"72",26.8,"17","0.154","0.154","0.271",44.8,47.1,25,"0.049","0.058","0.2",0
"Pivetta, Nick",601713,"SD","SI","Sinker",-0.7,0,"65",2.3,"17","0.231","0.231","0.335",7.7,0,0,"0.27","0.305","0.32",28.6
"Fuentes, Didier",800311,"ATL","ST","Sweeper",0.1,0,"80",27.3,"17","0.188","0.375","0.318",33.3,17.6,11.1,"0.197","0.373","0.267",46.2
"Sale, Chris",519242,"ATL","SI","Sinker",6.5,5,"71",3.5,"17","0","0","0.124",17.9,0,0,"0.181","0.192","0.262",35.7
"Mederos, Victor",682989,"LAA","ST","Sweeper",-1.7,-1,"63",20.1,"17","0.214","0.357","0.324",42.3,23.5,14.3,"0.239","0.333","0.326",40
"Yoho, Craig",684974,"MIL","FF","4-Seam Fastball",-1.5,-1,"67",38.1,"17","0.25","0.333","0.385",18.2,17.6,17.6,"0.243","0.349","0.385",66.7
"Sanders, Cam",676742,"PIT","FF","4-Seam Fastball",-1,-1,"77",52.4,"17","0.214","0.429","0.347",23.5,11.8,9.5,"0.27","0.587","0.419",41.7
"Morgan, Eli",669212,"CHC","FF","4-Seam Fastball",-11.3,-4,"39",29.5,"17","0.467","1.267","0.709",4,5.9,7.1,"0.294","0.75","0.464",50
"Campbell, Isaiah",663462,"BOS","SL","Slider",-6.8,-3,"46",42.2,"17","0.5","0.813","0.571",22.2,5.9,12.5,"0.287","0.431","0.332",26.7
"Poche, Colin",621363,"NYM","SL","Slider",-4.2,-3,"69",28.3,"17","0.364","0.455","0.479",20,17.6,13.6,"0.219","0.346","0.404",25
"Gibaut, Ian",664139,"CIN","ST","Sweeper",-3.8,-2,"64",16.5,"17","0.25","0.688","0.456",12.5,17.6,18.8,"0.205","0.514","0.321",23.1
"Dunning, Dane",641540,"ATL","CH","Changeup",-1.1,-1,"67",18,"17","0.267","0.333","0.315",32.4,29.4,22.7,"0.245","0.472","0.349",40
"Maldonado, Anthony",687424,"ATH","FF","4-Seam Fastball",-1.1,-1,"62",48.1,"17","0.313","0.563","0.391",15.4,5.9,11.1,"0.337","0.532","0.387",60
"Guenther, Sean",674944,"DET","SL","Slider",0.2,0,"53",34.4,"17","0.25","0.313","0.274",13,23.5,17.4,"0.263","0.453","0.329",41.7
"Hahn, Jesse",534910,"SEA","SI","Sinker",-5.5,-2,"43",54.4,"17","0.385","0.615","0.481",5,5.9,14.3,"0.338","0.47","0.413",53.8
"Lawrence, Casey",596271,"SEA","ST","Sweeper",-2.1,-1,"68",24.6,"17","0.313","0.688","0.432",25,11.8,11.8,"0.326","0.588","0.405",28.6
"Swanson, Erik",657024,"TOR","FF","4-Seam Fastball",-1,-1,"59",46.1,"17","0.308","0.385","0.397",7.4,11.8,8,"0.303","0.421","0.405",27.3
"Sisk, Evan",681895,"PIT","FF","4-Seam Fastball",-1.8,-1,"66",20.1,"17","0.357","0.5","0.429",14.8,23.5,22.2,"0.303","0.434","0.384",40
"Montas, Frankie",593423,"NYM","ST","Sweeper",-3,-3,"89",12.6,"17","0.429","0.714","0.485",17.2,5.9,5,"0.303","0.505","0.367",35.7
"Slaten, Justin",686580,"BOS","ST","Sweeper",1.5,1,"57",11.4,"17","0.176","0.294","0.2",39.4,35.3,27.3,"0.165","0.292","0.193",27.3
"Richards, Trevor",670950,"AZ","FF","4-Seam Fastball",1,1,"68",58.6,"17","0.4","0.4","0.381",18.4,17.6,18.8,"0.211","0.263","0.237",7.7
"Bassitt, Chris",605135,"TOR","SL","Slider",-6.2,-5,"83",2.9,"17","0.5","0.786","0.579",15.2,5.9,5,"0.468","0.67","0.527",53.8
"Bivens, Spencer",702352,"SF","SV","Slurve",0,0,"69",5.3,"17","0.235","0.529","0.318",28.9,11.8,6.9,"0.224","0.321","0.234",33.3
"Yoho, Craig",684974,"MIL","CH","Changeup",-0.5,0,"81",46,"17","0.231","0.462","0.325",28.9,23.5,16,"0.177","0.279","0.246",9.1
"Vest, Will",676684,"DET","CH","Changeup",0.9,1,"80",7,"17","0.25","0.25","0.253",38.5,29.4,18.5,"0.29","0.365","0.312",27.3
"Horton, Cade",690990,"CHC","SI","Sinker",-3.6,-4,"98",5.5,"17","0.4","0.733","0.506",20.9,0,0,"0.333","0.68","0.457",40
"Kranick, Max",668820,"NYM","CU","Curveball",-1.7,-1,"63",11.9,"17","0.176","0.471","0.265",20,35.3,27.3,"0.246","0.557","0.335",54.5
"Agnos, Zach",688642,"COL","ST","Sweeper",2.1,2,"86",16.3,"17","0.063","0.063","0.094",45.9,47.1,22.9,"0.114","0.164","0.154",37.5
"Stratton, Hunter",676702,"ATL","FC","Cutter",0.4,0,"73",21.3,"17","0.357","0.357","0.388",19.4,5.9,7.1,"0.375","0.441","0.42",23.1
"Gibaut, Ian",664139,"CIN","FC","Cutter",-2.2,-1,"54",14,"17","0.25","0.5","0.391",10,5.9,14.3,"0.252","0.366","0.289",20
"Marinaccio, Ron",676760,"SD","FF","4-Seam Fastball",3.7,3,"79",48.2,"17","0","0","0.124",28.6,35.3,20.7,"0.099","0.107","0.195",12.5
"Johnson, Ryan",696270,"LAA","ST","Sweeper",-3.8,-2,"61",22.3,"17","0.353","0.529","0.382",40,41.2,24.1,"0.216","0.323","0.232",20
"Rodríguez, Manuel",655889,"TB","FF","4-Seam Fastball",-1.1,-1,"70",16.2,"17","0.25","0.313","0.326",23.3,23.5,23.5,"0.331","0.411","0.342",58.3
"Sulser, Cole",642121,"TB","FC","Cutter",-1.8,-1,"81",20.9,"17","0.471","0.706","0.509",17.5,0,0,"0.338","0.489","0.357",29.4
"Molina, Anthony",683627,"COL","SL","Slider",1.9,2,"87",14.3,"17","0.188","0.188","0.169",37.2,29.4,26.3,"0.265","0.396","0.284",25
"Newcomb, Sean",656794,"ATH","CU","Curveball",-2.3,-2,"83",5.4,"16","0.267","0.467","0.338",23.3,25,10.5,"0.19","0.334","0.252",54.5
"Lawrence, Casey",596271,"SEA","CH","Changeup",-1.4,-1,"60",21.7,"16","0.375","0.438","0.359",14.8,12.5,11.8,"0.387","0.468","0.372",35.7
"Neris, Héctor",593576,"HOU","SI","Sinker",-1.7,-1,"44",8,"16","0.308","0.615","0.396",15.4,12.5,25,"0.253","0.62","0.412",41.7
"Cox, Austin",680735,"ATL","CU","Curveball",-1.2,-1,"75",17.6,"16","0.214","0.429","0.325",27.6,25,11.1,"0.19","0.392","0.303",40
"Waldron, Matt",663362,"SD","KN","Knuckleball",-2.3,-2,"77",74,"16","0.231","0.462","0.369",19.4,18.8,12,"0.276","0.478","0.392",40
"Ohtani, Shohei",660271,"LAD","FC","Cutter",-3.2,-2,"50",6.6,"16","0.462","0.692","0.494",17.9,6.3,25,"0.449","0.748","0.506",46.2
"Melton, Troy",675512,"DET","SI","Sinker",-1.8,-1,"69",10.5,"16","0.286","0.5","0.381",7.1,6.3,20,"0.259","0.673","0.424",53.8
"Stewart, Brock",592779,"LAD","ST","Sweeper",-1,-1,"87",14.3,"16","0.2","0.4","0.281",39.4,43.8,15.2,"0.123","0.219","0.179",25
"Francis, Bowden",670102,"TOR","SL","Slider",-1,-1,"66",5.8,"16","0.286","0.357","0.334",37.9,18.8,25,"0.305","0.526","0.393",63.6
"McLean, Nolan",690997,"NYM","FF","4-Seam Fastball",0.9,1,"98",13.3,"16","0.154","0.154","0.244",37.1,25,16.7,"0.181","0.269","0.288",33.3
"Peralta, Sammy",671111,"LAA","SI","Sinker",3.8,2,"49",32,"16","0.188","0.25","0.191",18.2,12.5,20,"0.279","0.353","0.275",57.1
"Gipson-Long, Sawyer",687830,"DET","FC","Cutter",4.8,2,"50",10.8,"16","0.188","0.313","0.213",15.6,18.8,30,"0.321","0.518","0.357",46.2
"Kelly, Kevin",687330,"TB","FF","4-Seam Fastball",4.7,2,"50",8.5,"16","0","0","0",52.4,68.8,27.5,"0.153","0.184","0.148",40
"Crismatt, Nabil",622503,"AZ","FF","4-Seam Fastball",-2.6,-2,"83",15.5,"16","0.308","0.538","0.481",13,18.8,13.6,"0.339","0.568","0.446",30
"Arrighetti, Spencer",681293,"HOU","ST","Sweeper",1.7,1,"84",13.6,"16","0.071","0.071","0.144",42.4,37.5,23.1,"0.124","0.197","0.206",12.5
"Lynch IV, Daniel",663738,"KC","CU","Curveball",-0.5,-1,"107",9.8,"16","0.429","0.714","0.503",23.7,6.3,6.7,"0.379","0.597","0.437",57.1
"Núñez, Eduarniel",674384,"ATH","SL","Slider",-2.3,-2,"88",35.3,"16","0.375","0.625","0.428",41.9,31.3,19.2,"0.311","0.466","0.335",27.3
"Hernández, Enrique",571771,"LAD","CU","Curveball",-2.6,-1,"51",40.8,"16","0.308","0.385","0.434",16.7,0,0,"0.256","0.278","0.325",15.4
"Ramírez, Erasmo",541640,"MIN","SI","Sinker",4.9,3,"51",32.3,"16","0.125","0.313","0.181",11.1,6.3,12.5,"0.271","0.386","0.282",33.3
"Tidwell, Blade",694918,"NYM","SI","Sinker",-3,-2,"58",18.8,"16","0.429","0.714","0.572",18.2,12.5,22.2,"0.276","0.438","0.357",16.7
"Strowd, Kade",669704,"BAL","FF","4-Seam Fastball",1.1,1,"74",18.2,"16","0.214","0.214","0.256",31,37.5,18.2,"0.14","0.153","0.201",25
"Hicks, Jordan",663855,"BOS","SL","Slider",-2.7,-3,"92",7.7,"16","0.308","0.615","0.447",48.6,18.8,9.1,"0.201","0.306","0.307",40
"Curtiss, John",595928,"AZ","SL","Slider",-5.6,-3,"49",9,"16","0.375","0.688","0.45",8,0,0,"0.35","0.578","0.395",25
"Gallen, Zac",668678,"AZ","SI","Sinker",2,2,"79",2.5,"16","0.25","0.438","0.294",15.2,6.3,9.1,"0.283","0.476","0.325",20
"Mederos, Victor",682989,"LAA","FC","Cutter",1.4,1,"81",25.8,"16","0","0","0.263",37.9,25,25,"0.072","0.131","0.311",33.3
"Spiers, Carson",686730,"CIN","CH","Changeup",0.6,0,"55",22.4,"16","0.143","0.143","0.2",21.7,18.8,17.6,"0.305","0.407","0.357",54.5
"Spiers, Carson",686730,"CIN","SI","Sinker",-3.8,-2,"53",21.6,"16","0.417","0.667","0.467",16,12.5,15.4,"0.415","0.732","0.495",50
"Aldegheri, Sam",691951,"LAA","SL","Slider",-5.7,-3,"53",17.5,"16","0.417","0.917","0.594",20.7,6.3,5,"0.37","0.736","0.525",36.4
"Kriske, Brooks",621139,"MIN","FF","4-Seam Fastball",-2,-3,"133",34.9,"16","0.5","0.714","0.503",11.9,12.5,7.4,"0.39","0.548","0.395",76.9
"Hatch, Thomas",641672,"MIN","FF","4-Seam Fastball",-1.8,-1,"70",11.9,"16","0.308","0.615","0.447",23.1,12.5,8.7,"0.331","0.546","0.433",54.5
"Martin, Chris",455119,"TEX","SI","Sinker",0.9,1,"92",14.4,"16","0.333","0.467","0.369",23.5,6.3,7.7,"0.233","0.368","0.282",35.7
"Murray, Jayden",681151,"HOU","SI","Sinker",2.2,1,"39",22.2,"16","0.313","0.313","0.281",0,12.5,28.6,"0.336","0.491","0.357",57.1
"Otañez, Michel",671305,"ATH","FF","4-Seam Fastball",-5.6,-3,"51",42.1,"16","0.25","0.917","0.525",23.5,25,30.8,"0.216","0.694","0.455",62.5
"Cecconi, Slade",677944,"CLE","FC","Cutter",-1.7,-1,"63",3.1,"16","0.188","0.438","0.316",14.3,6.3,14.3,"0.236","0.564","0.332",40
"McGough, Scott",543518,"ATH","SL","Slider",-5.4,-4,"70",23.6,"16","0.429","1","0.606",36.4,0,0,"0.345","0.78","0.497",50
"López, Jorge",605347,"WSH","SL","Slider",4.5,4,"80",20.7,"16","0.067","0.067","0.056",25,31.3,18.5,"0.216","0.385","0.237",45.5
"Banks, Tanner",621383,"PHI","CH","Changeup",-2.6,-2,"71",6.5,"16","0.25","0.5","0.316",25.9,31.3,11.1,"0.261","0.449","0.301",63.6
"Van Belle, Brian",687003,"TB","CH","Changeup",0,0,"56",43.4,"16","0.375","0.375","0.338",40,25,18.2,"0.236","0.283","0.226",33.3
"Bieber, Shane",669456,"TOR","CH","Changeup",-4.1,-3,"83",12.9,"16","0.467","0.667","0.506",38.2,25,12.9,"0.233","0.316","0.267",54.5
"Anderson, Shaun",641312,"LAA","SL","Slider",-3.9,-3,"67",31,"16","0.5","0.875","0.588",18.8,0,0,"0.454","0.839","0.547",43.8
"García, Yimi",554340,"TOR","ST","Sweeper",1.1,1,"62",17.3,"15","0.143","0.357","0.24",42.3,33.3,29.4,"0.261","0.491","0.341",33.3
"Silseth, Chase",681217,"LAA","ST","Sweeper",0.4,0,"69",32.5,"15","0.231","0.308","0.25",50,33.3,25,"0.184","0.234","0.211",33.3
"Graveman, Kendall",608665,"AZ","CH","Changeup",0.9,1,"66",20.4,"15","0.091","0.182","0.27",30.3,6.7,9.1,"0.239","0.266","0.35",20
"Puk, A.J.",640462,"AZ","SL","Slider",-0.3,0,"57",36.5,"15","0.231","0.308","0.297",34.6,26.7,18.2,"0.223","0.257","0.275",11.1
"Dubin, Shawn",681869,"BAL","CU","Curveball",0.4,0,"80",14.5,"15","0.267","0.267","0.24",28.6,40,22.2,"0.234","0.258","0.219",11.1
"Wells, Tyler",669330,"BAL","FC","Cutter",3.3,1,"45",13.2,"15","0.071","0.286","0.18",32.4,53.3,33.3,"0.078","0.198","0.153",33.3
"Selby, Colin",681882,"BAL","CU","Curveball",2.5,1,"56",26.2,"15","0.2","0.2","0.193",33.3,46.7,28,"0.184","0.252","0.188",37.5
"Rodríguez, Elvin",660730,"BAL","CU","Curveball",0.3,0,"70",20.9,"15","0.214","0.286","0.25",19.2,33.3,26.3,"0.311","0.489","0.366",66.7
"Giolito, Lucas",608337,"BOS","CU","Curveball",-1,-1,"82",3.5,"15","0.2","0.267","0.203",19.2,26.7,7.5,"0.224","0.314","0.234",45.5
"Brown, Ben",676962,"CHC","CH","Changeup",-1.4,-1,"80",4.5,"15","0.143","0.357","0.3",29,26.7,26.7,"0.206","0.365","0.272",50
"La Sorsa, Joe",686747,"CIN","SI","Sinker",2.4,1,"39",39,"15","0.308","0.538","0.407",14.3,6.7,25,"0.267","0.322","0.317",8.3
"Moll, Sam",594580,"CIN","SI","Sinker",1.2,1,"76",22.9,"15","0.273","0.364","0.39",10.5,0,0,"0.243","0.27","0.353",45.5
"Lively, Ben",594902,"CLE","SL","Slider",2.9,2,"63",8.8,"15","0.143","0.143","0.167",15.2,6.7,5.3,"0.33","0.573","0.404",53.8
"Lively, Ben",594902,"CLE","CH","Changeup",2,1,"56",7.8,"15","0.143","0.143","0.167",8.3,6.7,5,"0.25","0.39","0.3",53.8
"Gomber, Austin",596295,"COL","FS","Split-Finger",-6.7,-3,"45",4.5,"15","0.4","0.8","0.507",25.9,13.3,8,"0.401","0.825","0.515",38.5
"Palmquist, Carson",687223,"COL","FC","Cutter",-5.8,-5,"88",12.5,"15","0.455","1.455","0.753",25,6.7,9.1,"0.319","1.066","0.6",50
"Peralta, Luis",678821,"COL","CU","Curveball",-1.5,-2,"118",27.1,"15","0.308","0.385","0.357",42.9,20,7,"0.243","0.359","0.315",50
"Melton, Troy",675512,"DET","FS","Split-Finger",2.7,1,"53",8.1,"15","0.067","0.067","0.06",13,13.3,11.8,"0.17","0.203","0.161",46.2
"Guenther, Sean",674944,"DET","SI","Sinker",-0.9,-1,"63",40.9,"15","0.385","0.462","0.477",12.5,6.7,8.3,"0.402","0.643","0.478",58.3
"Bowlan, Jonathan",680742,"KC","CU","Curveball",0.3,0,"70",9.6,"15","0.154","0.385","0.287",16.7,13.3,11.8,"0.183","0.427","0.312",36.4
"Vesia, Alex",681911,"LAD","CH","Changeup",0.6,0,"63",6.2,"15","0.267","0.333","0.263",22.2,20,17.6,"0.228","0.273","0.221",33.3
"Stewart, Brock",592779,"LAD","FC","Cutter",-1.3,-1,"58",9.5,"15","0.286","0.5","0.357",12,6.7,25,"0.239","0.416","0.307",23.1
"Klein, Will",694361,"LAD","FC","Cutter",-4.9,-2,"49",16.1,"15","0.545","0.727","0.571",26.9,6.7,11.1,"0.407","0.474","0.475",20
"Kershaw, Clayton",477132,"LAD","FS","Split-Finger",-0.1,0,"98",5.5,"15","0.2","0.267","0.203",41.5,13.3,8.7,"0.205","0.276","0.208",30.8
"Loutos, Ryan",702795,"WSH","CH","Changeup",-6.9,-3,"39",16.9,"15","0.333","0.667","0.537",11.1,0,0,"0.365","0.56","0.459",50
"Cavalli, Cade",676917,"WSH","FC","Cutter",-3.8,-2,"63",8,"15","0.417","0.75","0.537",12.1,0,0,"0.278","0.543","0.416",33.3
"López, Jorge",605347,"WSH","CH","Changeup",-3.8,-1,"37",9.6,"15","0.429","0.429","0.407",22.7,20,16.7,"0.332","0.419","0.348",27.3
"Sproat, Brandon",687075,"NYM","ST","Sweeper",3.2,2,"55",19,"15","0.077","0.077","0.153",34.6,33.3,26.3,"0.268","0.418","0.348",37.5
"Warren, Austin",681810,"NYM","SI","Sinker",1.5,1,"52",35.6,"15","0.231","0.462","0.347",20.8,26.7,36.4,"0.215","0.431","0.328",55.6
"Megill, Tylor",656731,"NYM","CU","Curveball",3,3,"86",7,"15","0.071","0.071","0.107",22.9,26.7,12.5,"0.176","0.199","0.2",20
"Garza, Justin",621057,"NYM","FC","Cutter",3.7,2,"43",50,"15","0.267","0.333","0.263",25,6.7,20,"0.307","0.353","0.291",50
"Maldonado, Anthony",687424,"ATH","SL","Slider",-7.5,-5,"67",51.9,"15","0.417","1.083","0.633",43.3,40,28.6,"0.221","0.616","0.417",66.7
"Bowden, Ben",641386,"ATH","SL","Slider",-4.7,-3,"53",28.3,"15","0.25","0.667","0.393",28.6,13.3,8.3,"0.199","0.415","0.301",27.3
"Oviedo, Johan",670912,"PIT","SI","Sinker",-0.7,0,"61",9.2,"15","0.25","0.25","0.32",23.1,6.7,25,"0.297","0.429","0.391",45.5
"Shugart, Chase",663767,"PIT","CH","Changeup",2.4,1,"49",7.1,"15","0.133","0.133","0.129",10,13.3,11.1,"0.235","0.42","0.278",38.5
"Cortes, Nestor",641482,"SD","ST","Sweeper",2.4,2,"80",13.4,"15","0.154","0.154","0.213",25.7,20,18.8,"0.23","0.388","0.319",50
"Cortes, Nestor",641482,"SD","CH","Changeup",0,0,"83",13.9,"15","0.133","0.2","0.143",48.6,33.3,16.1,"0.239","0.396","0.273",20
"Buttó, José",676130,"SF","ST","Sweeper",-0.6,0,"77",7,"15","0.286","0.357","0.31",17.9,20,14.3,"0.23","0.533","0.344",45.5
"Rock, Joe",697812,"TB","SI","Sinker",-0.4,0,"64",44.1,"15","0.25","0.25","0.38",9.1,6.7,12.5,"0.235","0.306","0.328",54.5
"Rocker, Kumar",677958,"TEX","CH","Changeup",-2,-1,"69",6.1,"15","0.286","0.714","0.387",18.9,0,0,"0.384","0.8","0.529",73.3
"Lucas, Easton",687922,"TOR","CH","Changeup",-1.8,-2,"92",21,"15","0.267","0.467","0.373",25,6.7,5.6,"0.33","0.528","0.367",28.6
"Sandlin, Nick",680704,"TOR","FF","4-Seam Fastball",-1.8,-1,"60",20.8,"15","0.2","0.5","0.487",13,6.7,6.7,"0.307","0.651","0.499",44.4
"Robert, Daniel",642016,"PHI","FF","4-Seam Fastball",-4.4,-3,"60",23.5,"15","0.2","0.6","0.45",24,20,10.7,"0.243","0.602","0.466",71.4
"Rangel, Alan",660604,"PHI","CH","Changeup",2.4,1,"54",31,"15","0.143","0.143","0.179",37.5,40,24,"0.2","0.348","0.264",25
"Daniel, Davis",669721,"ATL","FS","Split-Finger",-1.1,0,"41",22.4,"15","0.267","0.333","0.263",23.1,33.3,25,"0.293","0.351","0.281",40
"Suarez, José",660761,"ATL","SL","Slider",1.8,1,"62",21,"15","0.167","0.25","0.254",27.6,6.7,7.7,"0.276","0.589","0.412",50
"Castro, Miguel",612434,"CWS","FF","4-Seam Fastball",-2.2,-1,"50",47.6,"15","0.182","0.545","0.403",16.7,13.3,22.2,"0.22","0.443","0.388",44.4
"Simpson, Josh",681006,"MIA","FF","4-Seam Fastball",1.6,1,"72",11.7,"15","0.154","0.154","0.213",26.3,26.7,15.4,"0.203","0.266","0.271",33.3
"Pérez, Eury",691587,"MIA","CH","Changeup",-1,-1,"131",7.8,"15","0.067","0.133","0.143",61.1,66.7,15.2,"0.055","0.106","0.068",20
"Mazur, Adam",800049,"MIA","CU","Curveball",-1,-1,"53",10.8,"15","0.286","0.357","0.31",14.3,0,0,"0.324","0.488","0.37",21.4
"Simpson, Josh",681006,"MIA","CH","Changeup",-3.1,-2,"67",10.9,"15","0.4","0.733","0.48",18.4,26.7,13.3,"0.353","0.591","0.401",36.4
"Gibson, Cade",806188,"MIA","FF","4-Seam Fastball",1,1,"86",9.5,"15","0.133","0.2","0.143",17.2,33.3,10.4,"0.131","0.212","0.147",30
"Hill, Tim",657612,"NYY","FC","Cutter",-3.1,-1,"39",4.3,"15","0.143","0.571","0.313",35.3,33.3,26.3,"0.165","0.455","0.288",22.2
"Hall, DL",669084,"MIL","CU","Curveball",2.1,1,"56",9.5,"15","0.143","0.143","0.167",23.5,20,17.6,"0.126","0.164","0.164",27.3
"Skubal, Tarik",669373,"DET","CU","Curveball",-0.5,0,"79",2.8,"14","0.167","0.333","0.279",35.7,42.9,27.3,"0.103","0.131","0.187",16.7
"Burnes, Corbin",669203,"AZ","CH","Changeup",2.3,2,"73",7.2,"14","0.083","0.083","0.123",31.3,14.3,13.3,"0.297","0.476","0.358",27.3
"Senzatela, Antonio",622608,"COL","FC","Cutter",-2.3,-1,"42",1.8,"14","0.462","0.692","0.511",14.3,14.3,28.6,"0.28","0.367","0.31",27.3
"Hollowell, Gavin",668970,"CHC","ST","Sweeper",-2.3,-1,"58",33.7,"14","0.308","0.538","0.386",16.7,21.4,13,"0.299","0.429","0.34",20
"Eder, Jake",671109,"LAA","SL","Slider",4.5,2,"55",18.2,"14","0.143","0.143","0.129",34.5,28.6,57.1,"0.271","0.369","0.275",40
"Miley, Wade",489119,"CIN","CH","Changeup",-7.1,-3,"49",23.9,"14","0.462","0.769","0.539",17.6,21.4,23.1,"0.408","0.818","0.527",40
"Varland, Louis",686973,"TOR","CH","Changeup",-1.7,-1,"50",4.7,"14","0.214","0.714","0.375",28,14.3,33.3,"0.276","0.624","0.373",50
"Devenski, Chris",606965,"NYM","FC","Cutter",-1.5,-1,"45",17.2,"14","0.333","0.417","0.382",15,7.1,25,"0.31","0.468","0.389",45.5
"Fulmer, Carson",608334,"LAA","SL","Slider",-1.4,-1,"82",17.8,"14","0.308","0.308","0.277",21.7,7.1,7.1,"0.194","0.218","0.181",7.7
"Garrett, Reed",657585,"NYM","FF","4-Seam Fastball",-1.4,-1,"39",4,"14","0.182","0.273","0.304",25,42.9,20,"0.175","0.283","0.303",80
"Weems, Jordan",607179,"HOU","FF","4-Seam Fastball",-2.6,-2,"57",58.2,"14","0.5","0.667","0.536",22.6,0,0,"0.529","0.738","0.572",58.3
"Hancock, Emerson",676106,"SEA","ST","Sweeper",-5.9,-3,"46",3.2,"14","0.357","0.5","0.436",36.8,42.9,23.1,"0.278","0.369","0.282",25
"Strowd, Kade",669704,"BAL","CU","Curveball",2.4,1,"50",12.3,"14","0.154","0.231","0.204",30,35.7,21.7,"0.104","0.139","0.148",12.5
"Scholtens, Jesse",669947,"TB","SL","Slider",-0.5,0,"51",33.1,"14","0.308","0.308","0.371",37,35.7,41.7,"0.26","0.308","0.279",50
"Kelly, Kevin",687330,"TB","FC","Cutter",-3.8,-3,"75",12.8,"14","0.357","1","0.557",31.3,28.6,57.1,"0.295","0.835","0.466",60
"Hill, Rich",448179,"KC","FF","4-Seam Fastball",-6.2,-4,"63",36.8,"14","0.5","0.8","0.6",21.1,7.1,7.7,"0.387","0.763","0.545",66.7
"Taylor, Troy",700187,"SEA","FF","4-Seam Fastball",-2.9,-2,"64",47.1,"14","0.5","0.75","0.564",13.3,14.3,20,"0.453","0.784","0.553",50
"Ramírez, Yohan",670990,"PIT","SI","Sinker",-2.5,-1,"40",6.6,"14","0.273","0.364","0.368",0,7.1,14.3,"0.255","0.428","0.379",40
"Lara, Andry",691251,"WSH","SI","Sinker",-1.9,-1,"41",16.1,"14","0.462","0.615","0.523",10,7.1,50,"0.424","0.602","0.461",50
"Tinoco, Jesus",622786,"MIA","CH","Changeup",1.5,1,"46",15.1,"14","0.091","0.091","0.214",5.6,0,0,"0.181","0.224","0.287",18.2
"Montas, Frankie",593423,"NYM","FC","Cutter",-2.8,-2,"72",10.2,"14","0.385","0.692","0.539",23.1,0,0,"0.449","0.676","0.499",38.5
"Thompson, Ryan",657044,"AZ","FF","4-Seam Fastball",-2,-1,"50",7.7,"14","0.25","0.25","0.293",15.8,21.4,8.3,"0.162","0.183","0.23",11.1
"Sproat, Brandon",687075,"NYM","CU","Curveball",-2.6,-1,"43",14.8,"14","0.385","0.538","0.371",20.8,35.7,27.8,"0.301","0.353","0.273",33.3
"Núñez, Dedniel",673380,"NYM","FF","4-Seam Fastball",0.7,1,"96",52.5,"14","0.1","0.2","0.289",35.9,21.4,13.6,"0.163","0.436","0.376",42.9
"Martin, Davis",663436,"CWS","CU","Curveball",-2.4,-3,"111",4.8,"14","0.286","0.571","0.411",33.3,28.6,17.4,"0.269","0.517","0.379",20
"Montero, Rafael",606160,"DET","SI","Sinker",-2.1,-1,"53",4.9,"14","0.429","0.5","0.411",7.7,14.3,25,"0.332","0.373","0.313",25
"Maeda, Kenta",628317,"DET","FS","Split-Finger",-0.1,0,"62",36.5,"14","0.1","0.2","0.289",21.7,21.4,13.6,"0.21","0.267","0.35",42.9
"Thompson, Mason",666168,"WSH","FF","4-Seam Fastball",-0.3,0,"44",18.4,"14","0.25","0.333","0.318",25,21.4,16.7,"0.332","0.431","0.38",44.4
"Wells, Tyler",669330,"BAL","SL","Slider",0.7,0,"63",18.4,"14","0.286","0.571","0.361",24.2,28.6,17.4,"0.24","0.396","0.269",60
"Lively, Ben",594902,"CLE","CU","Curveball",-11.3,-6,"51",7.1,"14","0.429","1.071","0.621",16,21.4,10.3,"0.275","0.699","0.404",54.5
"Maxwell, Zach",687209,"CIN","FC","Cutter",-0.4,0,"40",24.2,"14","0.231","0.538","0.346",24,0,0,"0.291","0.474","0.351",53.8
"Matthews, Zebby",805673,"MIN","CU","Curveball",-1.1,-1,"78",5.8,"14","0.357","0.429","0.346",32.1,14.3,10.5,"0.304","0.487","0.338",41.7
"Tate, Dillon",622253,"TOR","ST","Sweeper",2.7,2,"60",43.2,"14","0.154","0.154","0.179",30.8,42.9,28.6,"0.188","0.231","0.22",14.3
"López, Jorge",605347,"WSH","CU","Curveball",-0.4,0,"65",16.8,"14","0.308","0.462","0.357",20,14.3,7.7,"0.188","0.295","0.239",36.4
"Anderson, Shaun",641312,"LAA","CH","Changeup",2.7,1,"48",22.2,"14","0.083","0.083","0.164",40.9,42.9,30,"0.1","0.167","0.196",33.3
"Eisert, Brandon",685126,"CWS","SI","Sinker",-5.8,-2,"41",3.4,"14","0.364","0.727","0.511",4.8,0,0,"0.13","0.26","0.28",9.1
"Bradish, Kyle",680694,"BAL","CU","Curveball",-2.7,-2,"63",12.8,"14","0.429","0.5","0.411",46.9,50,30.4,"0.267","0.338","0.261",57.1
"Edwards Jr., Carl",605218,"TEX","FF","4-Seam Fastball",-0.4,0,"46",51.1,"14","0.3","0.3","0.343",21.7,21.4,20,"0.198","0.348","0.323",25
"Winckowski, Josh",670174,"BOS","FC","Cutter",0.6,0,"55",26.6,"14","0.2","0.3","0.304",27.6,7.1,6.3,"0.23","0.518","0.382",30
"Silseth, Chase",681217,"LAA","FF","4-Seam Fastball",-0.3,0,"75",35.4,"14","0.3","0.7","0.496",41.5,35.7,25,"0.257","0.576","0.449",100
"Dreyer, Jack",676263,"LAD","CU","Curveball",-2.7,-3,"100",8.7,"14","0.357","0.643","0.425",25,21.4,10.7,"0.255","0.431","0.293",36.4
"Sasaki, Roki",808963,"LAD","ST","Sweeper",-1.6,-2,"101",16.3,"14","0.25","0.417","0.343",33.3,14.3,12.5,"0.246","0.283","0.3",0
"Early, Connelly",813349,"BOS","CU","Curveball",-0.5,0,"67",20.7,"14","0.25","0.25","0.293",39.4,50,25,"0.098","0.106","0.177",40
"Graveman, Kendall",608665,"AZ","SL","Slider",-4,-3,"71",21.9,"14","0.417","0.75","0.525",44.4,7.1,4.8,"0.31","0.475","0.389",45.5
"Laweryson, Cody",689520,"MIN","FF","4-Seam Fastball",2.7,2,"58",62.4,"14","0.231","0.231","0.208",30,42.9,35.3,"0.25","0.315","0.245",50
"Hoeing, Bryan",663773,"SD","FS","Split-Finger",-0.4,0,"51",38.9,"14","0.25","0.417","0.343",23.8,14.3,9.5,"0.192","0.219","0.253",20
"Anderson, Shaun",641312,"LAA","FF","4-Seam Fastball",-3.6,-2,"60",27.8,"14","0.308","1","0.543",19.4,21.4,20,"0.264","0.808","0.459",40
"Murray, Jayden",681151,"HOU","FF","4-Seam Fastball",0.1,0,"83",47.2,"14","0.25","0.25","0.293",25.6,21.4,12,"0.315","0.475","0.39",55.6
"Gilbert, Tyler",656457,"CWS","FS","Split-Finger",-3.9,-3,"66",7.9,"14","0.429","0.929","0.568",19.2,7.1,7.1,"0.364","0.636","0.423",61.5
"Chavez, Jesse",445926,"ATL","FC","Cutter",-0.5,0,"66",38.6,"14","0.333","0.75","0.486",16.1,21.4,20,"0.26","0.569","0.396",44.4
"Alexander, Scott",518397,"SF","SL","Slider",-3.2,-2,"65",20.8,"13","0.333","0.667","0.442",28,23.1,14.3,"0.21","0.477","0.315",55.6
"Fried, Max",608331,"NYY","SL","Slider",-0.6,0,"52",1.7,"13","0.231","0.462","0.362",24,23.1,11.5,"0.243","0.509","0.317",50
"White, Owen",669391,"CWS","FF","4-Seam Fastball",-0.2,0,"38",31.9,"13","0.417","0.417","0.4",5,15.4,22.2,"0.337","0.418","0.358",60
"Paddack, Chris",663978,"DET","SL","Slider",-1.8,-1,"58",2.3,"13","0.333","0.583","0.415",36,38.5,21.7,"0.304","0.558","0.392",57.1
"Santana, Dennis",642701,"PIT","FC","Cutter",1.7,2,"103",10.3,"13","0.308","0.385","0.304",29.4,0,0,"0.375","0.41","0.345",30.8
"Abner, Philip",691769,"AZ","FF","4-Seam Fastball",0.6,0,"52",73.2,"13","0.2","0.4","0.354",32,30.8,28.6,"0.106","0.365","0.309",33.3
"González, Wikelman",682790,"CWS","CH","Changeup",-2.2,-1,"57",15.5,"13","0.2","0.2","0.3",47.8,30.8,21.1,"0.23","0.313","0.343",33.3
"Mercado, Michael",675650,"PHI","FF","4-Seam Fastball",-2.4,-1,"47",55.3,"13","0.444","0.778","0.523",18.2,23.1,23.1,"0.294","0.7","0.458",42.9
"Fernández, Julian",642759,"WSH","FF","4-Seam Fastball",-0.3,0,"52",68.4,"13","0.25","0.75","0.431",20,7.7,16.7,"0.388","0.835","0.525",54.5
"Hernández, Carlos",672578,"CLE","CU","Curveball",-6.1,-3,"52",6.9,"13","0.4","1","0.6",6.3,7.7,11.1,"0.512","1.233","0.72",60
"Horn, Bailey",690544,"DET","FF","4-Seam Fastball",-0.1,0,"73",32.6,"13","0.3","0.3","0.369",22.2,23.1,11.1,"0.364","0.411","0.422",57.1
"Kelly, Zack",677161,"BOS","CH","Changeup",-1.5,-1,"69",11.9,"13","0.308","0.462","0.331",32,38.5,16.1,"0.188","0.28","0.201",25
"Ohtani, Shohei",660271,"LAD","CU","Curveball",1.1,1,"66",8.8,"13","0.154","0.154","0.138",55,69.2,34.6,"0.167","0.244","0.177",25
"Varland, Louis",686973,"TOR","SI","Sinker",1.5,1,"58",5.4,"13","0.25","0.417","0.315",14.3,0,0,"0.241","0.4","0.305",41.7
"Canning, Griffin",656288,"NYM","CU","Curveball",2.8,2,"86",6.4,"13","0.083","0.083","0.123",26.7,23.1,12.5,"0.169","0.284","0.232",22.2
"Contreras, Luis",664351,"HOU","SL","Slider",-2.5,-1,"44",19.6,"13","0.273","0.545","0.4",34.8,23.1,27.3,"0.218","0.263","0.289",25
"Treinen, Blake",595014,"LAD","FC","Cutter",-3.2,-2,"57",11.2,"13","0.3","0.9","0.538",25.9,7.7,11.1,"0.249","0.662","0.452",33.3
"Ohl, Pierson",701487,"MIN","FC","Cutter",-0.7,0,"64",11.8,"13","0.333","0.333","0.331",25,30.8,22.2,"0.309","0.367","0.327",25
"Ragans, Cole",666142,"KC","FC","Cutter",-1.5,-1,"51",4.7,"13","0.462","0.692","0.496",11.5,23.1,60,"0.316","0.509","0.353",80
"Henriquez, Edgardo",683618,"LAD","FC","Cutter",-4.1,-2,"55",19.7,"13","0.154","0.615","0.377",25.9,30.8,26.7,"0.195","0.554","0.31",55.6
"Ruiz, José",614179,"ATL","SI","Sinker",-3.8,-2,"47",15.6,"13","0.545","0.545","0.523",4.2,0,0,"0.192","0.2","0.258",18.2
"Wesneski, Hayden",669713,"HOU","SI","Sinker",-1.7,-1,"56",11,"13","0.25","0.583","0.346",32.1,30.8,40,"0.277","0.564","0.354",66.7
"Javier, Cristian",664299,"HOU","CU","Curveball",-1.7,-1,"74",12,"13","0.364","0.636","0.415",10.5,15.4,9.5,"0.32","0.616","0.402",40
"Smith, Dylan",681916,"DET","ST","Sweeper",0.4,0,"56",33.9,"13","0.182","0.182","0.246",36,15.4,18.2,"0.192","0.23","0.262",11.1
"Kent, Zak",687849,"CLE","CU","Curveball",-3.2,-2,"77",25,"13","0.333","0.583","0.415",12.5,30.8,11.1,"0.286","0.353","0.311",25
"Hjelle, Sean",663546,"SF","FC","Cutter",-7.2,-3,"36",14.2,"13","0.385","0.615","0.431",16.7,7.7,14.3,"0.376","0.568","0.403",50
"Seymour, Carson",693313,"SF","FC","Cutter",-0.6,0,"62",10,"13","0.333","0.333","0.331",12,7.7,8.3,"0.319","0.392","0.342",27.3
"Burns, Chase",695505,"CIN","CH","Changeup",-0.4,0,"43",5.6,"13","0.182","0.273","0.342",33.3,30.8,25,"0.203","0.317","0.296",28.6
"Javier, Cristian",664299,"HOU","SI","Sinker",-0.8,0,"59",9.6,"13","0.3","0.5","0.369",18.2,0,0,"0.422","0.652","0.474",54.5
"Loutos, Ryan",702795,"WSH","SL","Slider",0.3,0,"52",22.5,"13","0.167","0.583","0.331",30.4,30.8,33.3,"0.209","0.346","0.269",62.5
"Joyce, Ben",690829,"LAA","FF","4-Seam Fastball",-7.9,-3,"35",50,"13","0.364","0.909","0.619",17.4,7.7,8.3,"0.337","0.762","0.497",60
"Senga, Kodai",673540,"NYM","SL","Slider",0.4,0,"78",4.1,"13","0.182","0.364","0.3",41.7,7.7,9.1,"0.176","0.226","0.257",20
"Whitley, Forrest",666215,"TB","SI","Sinker",-3.4,-2,"45",17.6,"13","0.385","0.769","0.485",0,0,0,"0.455","0.769","0.518",61.5
"Gage, Matt",657424,"SF","SI","Sinker",-1.9,-1,"50",9.4,"13","0.364","0.455","0.412",9.1,7.7,8.3,"0.417","0.481","0.439",40
"Weaver, Luke",596133,"NYY","FC","Cutter",0.9,1,"99",9.4,"13","0.333","0.333","0.277",29.5,7.7,20,"0.346","0.574","0.364",41.7
"Kirby, George",669923,"SEA","FS","Split-Finger",-4.7,-3,"59",2.8,"13","0.333","0.583","0.485",38.7,30.8,16,"0.349","0.519","0.399",75
"Scholtens, Jesse",669947,"TB","FF","4-Seam Fastball",-1.8,-1,"59",38.3,"13","0.308","0.538","0.362",29,30.8,23.5,"0.293","0.52","0.345",44.4
"Darnell, Dugan",699911,"COL","FS","Split-Finger",-2.5,-1,"50",26.9,"13","0.333","0.5","0.385",16.7,15.4,11.1,"0.257","0.373","0.304",20
"Raley, Brooks",548384,"NYM","CH","Changeup",-2.1,-1,"53",13.7,"13","0.308","0.385","0.304",20.8,15.4,9.1,"0.325","0.374","0.306",0
"Ellard, Fraser",686642,"CWS","SI","Sinker",-2.9,-1,"49",14.9,"13","0.3","0.6","0.454",11.8,0,0,"0.441","0.776","0.559",50
"Effross, Scott",664123,"NYY","ST","Sweeper",-1.3,-1,"52",33.3,"13","0.308","0.692","0.415",34.8,23.1,21.4,"0.209","0.317","0.223",50
"Roberts, Ethan",681799,"CHC","FC","Cutter",-0.2,0,"52",36.1,"13","0.25","0.583","0.373",8,0,0,"0.261","0.564","0.373",16.7
"Pérez, Martín",527048,"CWS","CU","Curveball",-2,-2,"75",8.3,"13","0.333","0.5","0.454",12,7.7,4.8,"0.313","0.673","0.435",36.4
"Pepiot, Ryan",686752,"TB","SI","Sinker",1.7,1,"70",2.6,"13","0.167","0.167","0.208",4.5,0,0,"0.277","0.328","0.298",41.7
"Walker, Josh",677020,"TOR","SL","Slider",0.2,0,"49",53.3,"13","0.25","0.333","0.288",43.5,38.5,38.5,"0.155","0.228","0.207",42.9
"Church, Marc",687847,"TEX","FF","4-Seam Fastball",-6,-3,"47",47.5,"13","0.5","0.75","0.6",7.7,7.7,12.5,"0.442","1.092","0.659",85.7
"Fairbanks, Pete",664126,"TB","FC","Cutter",8.4,3,"41",4.2,"13","0","0","0",34.4,30.8,21.1,"0.103","0.125","0.099",55.6
"Smith-Shawver, AJ",700363,"ATL","CU","Curveball",-0.7,-1,"108",15.2,"13","0.385","0.692","0.458",31.4,7.7,9.1,"0.273","0.427","0.299",41.7
"Teng, Kai-Wei",678906,"SF","CH","Changeup",1.5,1,"59",10.3,"13","0.083","0.083","0.123",30.8,30.8,15.4,"0.167","0.225","0.21",12.5
"Rodríguez, Elvin",660730,"BAL","FC","Cutter",-9.5,-5,"57",17,"13","0.545","1.364","0.777",5.6,7.7,20,"0.383","0.753","0.511",50
"Cruz, Omar",678316,"SD","FF","4-Seam Fastball",1.8,1,"50",61.7,"13","0.25","0.25","0.262",31.8,38.5,33.3,"0.198","0.246","0.231",71.4
"Horn, Bailey",690544,"DET","SI","Sinker",-2.9,-1,"44",19.6,"13","0.364","0.727","0.496",5,7.7,8.3,"0.3","0.461","0.382",40
"Barnett, Mason",686930,"ATH","CU","Curveball",2.5,2,"65",15.1,"13","0","0","0.108",31.8,15.4,9.1,"0.088","0.104","0.178",0
"Gomber, Austin",596295,"COL","FC","Cutter",-1,0,"46",4.6,"13","0.273","0.364","0.342",24,23.1,37.5,"0.312","0.513","0.405",50
"Gillaspie, Logan",670810,"SD","FF","4-Seam Fastball",-4.7,-2,"39",34.8,"13","0.4","0.7","0.523",25,7.7,9.1,"0.408","0.736","0.536",55.6
"VanWey, Logan",701121,"HOU","ST","Sweeper",-1.5,-1,"43",23.6,"13","0.308","0.538","0.362",10,7.7,11.1,"0.234","0.386","0.264",25
"Garcia, Luis",677651,"HOU","FF","4-Seam Fastball",2.7,1,"52",49.1,"13","0.154","0.385","0.223",14.3,15.4,16.7,"0.147","0.42","0.231",27.3
"Mazur, Adam",800049,"MIA","ST","Sweeper",-2,-1,"60",12.3,"13","0.417","0.5","0.373",20,7.7,5.6,"0.352","0.529","0.363",33.3
"Winans, Allan",642216,"NYY","CH","Changeup",-3.3,-2,"56",32.7,"13","0.333","0.417","0.427",37.9,38.5,20,"0.314","0.591","0.406",57.1
"Díaz, Yilber",700270,"AZ","FF","4-Seam Fastball",-1,0,"34",56.7,"13","0.3","0.4","0.396",0,7.7,20,"0.389","0.75","0.533",77.8
"Anderson, Tyler",542881,"LAA","SL","Slider",-1.1,-1,"81",3.5,"13","0.091","0.364","0.262",34.4,46.2,16.7,"0.127","0.315","0.263",20
"Anderson, Nick",623433,"COL","CH","Changeup",-0.7,0,"51",21.2,"13","0.231","0.308","0.304",33.3,23.1,15.8,"0.273","0.383","0.285",20
"Zulueta, Yosver",691172,"CIN","SL","Slider",-2.1,-1,"48",34.3,"13","0.25","0.5","0.346",29.6,23.1,13.6,"0.301","0.703","0.438",66.7
"Petty, Chase",695534,"CIN","SI","Sinker",-4.2,-2,"39",23.1,"12","0.5","0.7","0.55",15.8,8.3,9.1,"0.409","0.558","0.464",55.6
"Patrick, Chad",694477,"MIL","SV","Slurve",0.8,0,"32",1.6,"12","0.182","0.182","0.208",35.7,41.7,25,"0.173","0.327","0.252",50
"Phillips, Evan",623465,"LAD","ST","Sweeper",3.1,2,"49",53.3,"12","0.091","0.091","0.133",36.4,41.7,25,"0.146","0.173","0.186",16.7
"Ruiz, José",614179,"ATL","CH","Changeup",5.5,3,"46",15.2,"12","0","0","0",44.4,58.3,28,"0.109","0.153","0.106",40
"Mena, Cristian",691441,"AZ","CU","Curveball",1.2,0,"33",33,"12","0.091","0.364","0.225",50,58.3,36.8,"0.098","0.238","0.185",50
"Arias, Luarbert",678215,"MIA","FF","4-Seam Fastball",-3.5,-2,"59",28.5,"12","0.25","1","0.567",14.3,25,16.7,"0.303","0.86","0.55",80
"Brubaker, JT",664141,"SF","CU","Curveball",1.6,1,"49",10.4,"12","0.167","0.25","0.179",39.1,33.3,23.5,"0.131","0.35","0.198",50
"Nelson, Ryne",669194,"AZ","CH","Changeup",-2.6,-2,"70",2.8,"12","0.3","0.6","0.433",20,0,0,"0.357","0.598","0.453",40
"Weissert, Greg",669711,"BOS","CU","Curveball",2.3,1,"43",4,"12","0.083","0.083","0.075",35.3,33.3,12.9,"0.186","0.324","0.216",25
"Lee, Chase",695445,"DET","CH","Changeup",5.9,2,"36",6,"12","0","0","0.058",11.8,8.3,8.3,"0.188","0.235","0.227",20
"Vargas, Carlos",672841,"SEA","CH","Changeup",-9.8,-3,"33",3,"12","0.333","0.667","0.421",50,50,28.6,"0.224","0.428","0.274",16.7
"Veneziano, Anthony",685107,"STL","SI","Sinker",0,0,"56",11.6,"12","0.364","0.636","0.423",21.4,0,0,"0.282","0.45","0.311",25
"Saalfrank, Andrew",685314,"AZ","FF","4-Seam Fastball",5.9,2,"41",9.6,"12","0.083","0.083","0.075",14.8,0,0,"0.29","0.477","0.327",16.7
"Brasier, Ryan",518489,"CHC","FC","Cutter",1.8,1,"52",12.9,"12","0.273","0.364","0.313",7.4,16.7,28.6,"0.221","0.338","0.278",22.2
"Silseth, Chase",681217,"LAA","FS","Split-Finger",-0.6,0,"38",17.9,"12","0.182","0.182","0.208",5.3,25,10.3,"0.235","0.38","0.3",37.5
"Lao, Sauryn",666659,"WSH","FF","4-Seam Fastball",-3.7,-2,"55",29.7,"12","0.5","1","0.629",24.1,16.7,16.7,"0.258","0.73","0.406",50
"Poulin, PJ",676571,"WSH","SI","Sinker",0.9,0,"38",9.1,"12","0.273","0.364","0.388",16.7,25,37.5,"0.169","0.194","0.205",50
"Monteverde, Patrick",687287,"MIA","FC","Cutter",-3.9,-2,"39",44.8,"12","0.455","0.636","0.492",20,16.7,14.3,"0.307","0.457","0.361",11.1
"Wicks, Jordan",696136,"CHC","CH","Changeup",-0.2,0,"53",24.4,"12","0.273","0.455","0.342",48.3,33.3,33.3,"0.27","0.337","0.302",42.9
"Zulueta, Yosver",691172,"CIN","SI","Sinker",-1.5,-1,"57",40.7,"12","0.25","0.25","0.436",20,0,0,"0.36","0.57","0.48",44.4
"Muñoz, Roddery",682610,"STL","SI","Sinker",0.5,0,"50",21.8,"12","0.2","0.5","0.358",21.7,0,0,"0.409","0.768","0.532",60
"Suero, Wander",593833,"ATL","CH","Changeup",-7.1,-2,"32",22.5,"12","0.545","0.818","0.6",25,0,0,"0.337","0.749","0.477",18.2
"Hartlieb, Geoff",664129,"DET","SL","Slider",-4.9,-3,"67",61.5,"12","0.4","1","0.6",37.5,33.3,19,"0.302","0.816","0.5",66.7
"Carrillo, Alex",692024,"NYM","FF","4-Seam Fastball",-14.4,-5,"35",41.7,"12","0.455","1.545","0.8",17.6,8.3,25,"0.479","1.405","0.768",60
"Bieber, Shane",669456,"TOR","FC","Cutter",-0.1,0,"82",12.7,"12","0.333","0.667","0.421",20.7,0,0,"0.428","0.66","0.468",25
"Feyereisen, J.P.",656420,"LAD","CH","Changeup",-8.4,-3,"36",44.4,"12","0.5","1.167","0.692",21.7,25,15.8,"0.312","0.706","0.426",55.6
"Peraza, Oswald",672724,"LAA","CU","Curveball",-9.9,-3,"32",80,"12","0.667","1","0.721",12.5,0,,"0.359","0.514","0.374",33.3
"Gage, Matt",657424,"SF","CH","Changeup",-0.8,0,"47",8.9,"12","0.333","0.333","0.3",36,16.7,13.3,"0.232","0.253","0.215",20
"Teng, Kai-Wei",678906,"SF","SI","Sinker",-2.2,-2,"71",12.4,"12","0.556","0.556","0.492",4.8,0,0,"0.306","0.335","0.341",40
"Sanders, Cam",676742,"PIT","SL","Slider",-1.8,-1,"37",25.2,"12","0.3","0.7","0.463",31.6,8.3,11.1,"0.424","0.821","0.557",44.4
"García, Yimi",554340,"TOR","CU","Curveball",0.9,1,"62",17.3,"12","0.182","0.182","0.208",28,25,20,"0.151","0.186","0.192",50
"Winckowski, Josh",670174,"BOS","FF","4-Seam Fastball",-0.4,0,"61",29.5,"12","0.273","0.364","0.313",22.2,25,13,"0.317","0.506","0.379",87.5
"Winckowski, Josh",670174,"BOS","CH","Changeup",2.4,1,"36",17.4,"12","0.182","0.182","0.25",20,25,20,"0.378","0.63","0.458",50
"Woodford, Jake",663765,"AZ","FC","Cutter",1.3,1,"62",9.9,"12","0.273","0.273","0.283",24,8.3,25,"0.219","0.337","0.277",40
"Clevinger, Mike",605182,"CWS","FF","4-Seam Fastball",-1.4,-1,"42",36.8,"12","0.333","0.333","0.4",25,8.3,11.1,"0.295","0.323","0.381",37.5
"Banda, Anthony",607455,"LAD","CH","Changeup",2.8,1,"40",3.8,"12","0.167","0.167","0.15",16.7,8.3,10,"0.129","0.139","0.121",18.2
"Ort, Kaleb",672391,"HOU","CH","Changeup",-2,-1,"65",8.2,"12","0.273","0.364","0.313",42.9,16.7,13.3,"0.242","0.281","0.27",22.2
"Abel, Mick",690953,"MIN","CH","Changeup",-2.2,-1,"63",8.8,"12","0.417","0.417","0.375",25,16.7,13.3,"0.332","0.537","0.373",50
"Treinen, Blake",595014,"LAD","FF","4-Seam Fastball",-1.1,-1,"61",11.9,"12","0.222","0.222","0.325",37.5,50,17.1,"0.174","0.198","0.297",0
"Gerber, Joey",680702,"TB","FF","4-Seam Fastball",-2.4,-1,"45",70.3,"12","0.25","0.5","0.164",26.1,33.3,25,"0.176","0.205","0.168",12.5
"Robert, Daniel",642016,"PHI","FC","Cutter",1.1,1,"66",25.9,"12","0.222","0.222","0.325",29,0,0,"0.172","0.246","0.308",11.1
"Devenski, Chris",606965,"NYM","FF","4-Seam Fastball",1,1,"56",21.4,"11","0.143","0.286","0.305",18.2,27.3,25,"0.22","0.605","0.405",40
"Arias, Luarbert",678215,"MIA","FS","Split-Finger",-4.9,-2,"33",15.9,"11","0.455","0.636","0.473",10,27.3,21.4,"0.378","0.56","0.398",62.5
"Criswell, Cooper",681867,"BOS","ST","Sweeper",-7.6,-2,"31",11.2,"11","0.5","0.875","0.555",8.3,9.1,5,"0.384","0.816","0.509",25
"Little, Jack",669193,"LAD","FF","4-Seam Fastball",-4.5,-1,"25",56.8,"11","0.333","0.556","0.436",11.8,0,0,"0.245","0.315","0.323",33.3
"Hill, Rich",448179,"KC","CU","Curveball",-0.6,0,"59",34.5,"11","0.222","0.556","0.391",32.1,9.1,5,"0.271","0.54","0.407",37.5
"Kopech, Michael",656629,"LAD","FC","Cutter",-0.7,0,"38",16.5,"11","0.273","0.273","0.245",53.3,45.5,29.4,"0.254","0.317","0.249",66.7
"Gervase, Paul",801434,"LAD","SL","Slider",-0.2,0,"40",29.4,"11","0.273","0.545","0.345",40.9,18.2,20,"0.243","0.498","0.31",44.4
"Misiewicz, Anthony",664948,"MIN","FC","Cutter",1.2,1,"64",55.7,"11","0.3","0.3","0.309",23.3,18.2,11.8,"0.408","0.646","0.472",62.5
"Santos, Gregory",666619,"SEA","SI","Sinker",-3.7,-2,"51",38.6,"11","0.5","0.75","0.582",6.3,0,0,"0.341","0.597","0.48",50
"Harris, Hayden",802686,"ATL","FF","4-Seam Fastball",0.3,0,"42",84,"11","0.3","0.4","0.341",0,0,0,"0.399","0.603","0.453",40
"Heuer, Codi",676051,"DET","FF","4-Seam Fastball",-12.6,-5,"39",44.8,"11","0.364","1.182","0.709",10.5,9.1,10,"0.342","0.851","0.495",70
"Spiers, Carson",686730,"CIN","ST","Sweeper",-4.2,-2,"56",22.9,"11","0.273","0.636","0.377",25,18.2,16.7,"0.184","0.468","0.27",33.3
"Brash, Matt",666374,"SEA","FF","4-Seam Fastball",-1.7,-1,"41",5,"11","0.375","0.375","0.436",41.2,27.3,17.6,"0.257","0.31","0.371",20
"Morgan, Eli",669212,"CHC","CH","Changeup",-0.8,0,"55",41.7,"11","0.273","0.364","0.277",25,18.2,10.5,"0.197","0.276","0.205",11.1
"Castillo, Luis F.",622379,"SEA","ST","Sweeper",0.9,0,"42",25,"11","0.2","0.2","0.227",46.2,36.4,23.5,"0.161","0.188","0.204",16.7
"Miller, Bryce",682243,"SEA","ST","Sweeper",-2,-1,"66",4.3,"11","0.364","0.364","0.327",20,18.2,8.3,"0.314","0.346","0.292",11.1
"Snider, Collin",676092,"SEA","SI","Sinker",0.2,0,"54",11.3,"11","0.364","0.364","0.327",34.6,45.5,35.7,"0.337","0.556","0.381",66.7
"Miley, Wade",489119,"CIN","FF","4-Seam Fastball",-0.7,0,"45",22,"11","0.3","0.4","0.341",10,18.2,10.5,"0.384","0.626","0.453",75
"Uceta, Edwin",670955,"TB","ST","Sweeper",-6.2,-2,"36",3,"11","0.273","0.545","0.427",11.1,18.2,11.8,"0.273","0.518","0.333",33.3
"Jobe, Jackson",695549,"DET","CU","Curveball",2.2,2,"69",7.9,"11","0.091","0.091","0.082",21.4,27.3,9.4,"0.237","0.336","0.242",50
"Marinaccio, Ron",676760,"SD","CH","Changeup",-2.8,-1,"35",21.3,"11","0.455","0.455","0.36",26.1,36.4,22.2,"0.231","0.29","0.224",28.6
"Richardson, Lyon",680689,"CIN","CU","Curveball",-3.6,-2,"65",9.6,"11","0.273","0.636","0.459",19,9.1,5,"0.336","0.428","0.333",20
"Olson, Reese",681857,"DET","CU","Curveball",0.6,0,"64",5.5,"11","0","0","0.064",36.8,27.3,12.5,"0.256","0.293","0.278",28.6
"Muñoz, Rolddy",691548,"ATL","SI","Sinker",-3.2,-1,"42",53.8,"11","0.333","0.333","0.482",33.3,9.1,25,"0.143","0.164","0.392",0
"Reynolds, Sean",669308,"SD","ST","Sweeper",1.7,1,"52",10.5,"11","0.091","0.182","0.114",26.1,27.3,10.3,"0.154","0.361","0.214",37.5
"Cox, Austin",680735,"ATL","FS","Split-Finger",4.4,2,"44",10.3,"11","0","0","0",30.4,36.4,16.7,"0.195","0.375","0.24",28.6
"Rodriguez, Bradgley",699134,"SD","FF","4-Seam Fastball",3.9,2,"52",40.9,"11","0","0","0.064",11.8,36.4,21.1,"0.065","0.087","0.12",16.7
"Fulmer, Michael",605242,"CHC","FC","Cutter",2.7,1,"39",43.3,"11","0.2","0.2","0.227",18.2,9.1,10,"0.27","0.478","0.352",22.2
"Harrington, Thomas",802419,"PIT","FS","Split-Finger",-7.8,-4,"47",23.5,"11","0.444","1","0.618",40,18.2,9.5,"0.232","0.43","0.354",42.9
"Guenther, Sean",674944,"DET","FS","Split-Finger",2.2,1,"34",22.1,"11","0.111","0.111","0.23",35.3,27.3,27.3,"0.149","0.213","0.265",16.7
"Fernandez, Ryan",681676,"STL","CH","Changeup",-1.9,-1,"42",8,"11","0.4","0.4","0.391",54.2,45.5,41.7,"0.277","0.48","0.353",20
"Gray, Sonny",543243,"STL","SL","Slider",1.7,1,"45",1.7,"11","0.273","0.455","0.309",36.4,27.3,42.9,"0.238","0.434","0.284",37.5
"Corbin, Patrick",571578,"TEX","FF","4-Seam Fastball",-2.2,-2,"69",2.7,"11","0.4","0.7","0.491",12.9,0,0,"0.303","0.539","0.386",40
"Estes, Joey",683155,"ATH","ST","Sweeper",-8.1,-2,"29",15.6,"11","0.5","0.625","0.486",15.4,9.1,16.7,"0.365","0.441","0.414",25
"Murfee, Penn",682171,"CWS","SI","Sinker",-1.6,-1,"34",14.7,"11","0.444","0.556","0.445",6.3,0,0,"0.425","0.61","0.493",44.4
"Morales, Luis",806960,"ATH","SL","Slider",-0.8,-1,"64",7.8,"11","0.182","0.545","0.295",40,54.5,19.4,"0.133","0.465","0.244",40
"Perdomo, Angel",622780,"ATH","FF","4-Seam Fastball",0.4,0,"48",66.7,"11","0.222","0.222","0.291",20.8,9.1,5.9,"0.321","0.544","0.432",25
"McCullers Jr., Lance",621121,"HOU","FF","4-Seam Fastball",-3.2,-2,"62",5.4,"11","0.3","0.6","0.491",39.1,18.2,11.8,"0.33","0.9","0.519",62.5
"Strowd, Kade",669704,"BAL","SI","Sinker",2.9,2,"62",15.3,"11","0","0","0.064",12.5,18.2,14.3,"0.186","0.326","0.261",37.5
"VanWey, Logan",701121,"HOU","CH","Changeup",-2.6,-1,"22",12.1,"11","0.364","0.364","0.327",8.3,18.2,18.2,"0.29","0.335","0.271",33.3
"Nikhazy, Doug",680951,"CLE","FF","4-Seam Fastball",-4.4,-2,"50",46.3,"11","0.333","0.778","0.5",34.8,18.2,12.5,"0.283","0.666","0.448",57.1
"Turnbull, Spencer",605513,"TOR","FF","4-Seam Fastball",-7.9,-4,"47",37.6,"11","0.625","1.25","0.764",20,0,0,"0.466","1.061","0.655",50
"Zuber, Tyler",676604,"MIA","FF","4-Seam Fastball",0.3,0,"68",27.8,"11","0.25","0.25","0.355",28.6,27.3,12.5,"0.229","0.263","0.349",20
"Suárez, Albert",544150,"BAL","FC","Cutter",7.4,3,"34",19.7,"11","0.1","0.1","0.082",26.3,18.2,50,"0.179","0.217","0.216",22.2
"Kimbrel, Craig",518886,"HOU","CU","Curveball",-2.4,-1,"40",17.4,"11","0.364","0.636","0.427",25,18.2,28.6,"0.281","0.469","0.319",44.4
"Muñoz, Roddery",682610,"STL","FC","Cutter",0.7,0,"64",27.9,"11","0.143","0.143","0.336",40.6,27.3,16.7,"0.189","0.425","0.418",50
"Bellozo, Valente",678368,"MIA","CU","Curveball",-7.6,-5,"59",4.5,"11","0.4","0.9","0.555",10,9.1,7.1,"0.172","0.514","0.32",22.2
"Morán, Jovani",663558,"BOS","FF","4-Seam Fastball",-2.1,-1,"29",36.3,"11","0.333","0.333","0.373",20,18.2,20,"0.133","0.236","0.254",28.6
"García, Yimi",554340,"TOR","SI","Sinker",1,1,"54",15,"11","0.2","0.2","0.309",10.5,0,0,"0.319","0.392","0.344",30
"Tate, Dillon",622253,"TOR","SI","Sinker",-5.7,-3,"47",33.8,"11","0.556","1","0.668",6.3,18.2,22.2,"0.262","0.522","0.398",42.9
"Wesneski, Hayden",669713,"HOU","FC","Cutter",0.6,0,"58",11.4,"11","0.2","0.5","0.327",32,18.2,20,"0.182","0.3","0.255",25
"Burdi, Nick",595897,"BOS","SI","Sinker",-0.5,0,"36",43.4,"11","0.3","0.4","0.423",6.3,18.2,25,"0.34","0.439","0.369",37.5
"Mazur, Adam",800049,"MIA","CH","Changeup",-4.2,-2,"41",8.4,"11","0.4","0.5","0.423",11.1,0,0,"0.296","0.403","0.338",30
"Simpson, Josh",681006,"MIA","SL","Slider",-11.4,-4,"35",5.7,"11","0.625","1.125","0.732",27.8,18.2,22.2,"0.287","0.548","0.445",50
"McDermott, Chayce",694646,"BAL","SL","Slider",-7.1,-4,"52",26.7,"11","0.5","1.125","0.75",14.3,9.1,14.3,"0.335","0.621","0.535",25
"Avila, Luinder",679883,"KC","FF","4-Seam Fastball",3.1,2,"63",29,"11","0","0","0.145",17.9,18.2,13.3,"0.16","0.189","0.204",37.5
"Zimmermann, Bruce",669145,"MIL","SI","Sinker",4.2,1,"28",30.8,"10","0.111","0.111","0.25",0,0,0,"0.318","0.406","0.35",33.3
"King, John",667463,"STL","CU","Curveball",-8.3,-4,"43",5.5,"10","0.222","0.889","0.54",43.8,50,18.5,"0.139","0.46","0.359",75
"Spiers, Carson",686730,"CIN","FF","4-Seam Fastball",-5.2,-2,"35",14.3,"10","0.222","0.556","0.36",29.4,40,20,"0.321","0.719","0.46",80
"Lao, Sauryn",666659,"WSH","SI","Sinker",-2.9,-1,"27",14.6,"10","0.444","0.556","0.465",16.7,0,0,"0.444","0.569","0.468",77.8
"Sommers, Drew",805427,"DET","SL","Slider",-3,-1,"33",42.3,"10","0.333","0.667","0.45",40,30,25,"0.24","0.379","0.309",50
"Lugo, Seth",607625,"KC","ST","Sweeper",-3.6,-2,"48",2,"10","0.375","0.375","0.41",18.8,10,7.7,"0.301","0.383","0.377",42.9
"Petty, Chase",695534,"CIN","SL","Slider",-3.9,-2,"54",32,"10","0.286","0.714","0.5",47.6,40,19,"0.328","0.765","0.53",33.3
"Gasser, Robert",688107,"MIL","ST","Sweeper",2.4,1,"34",33.3,"10","0","0","0.23",40,20,18.2,"0.075","0.084","0.197",33.3
"Miley, Wade",489119,"CIN","SI","Sinker",6.5,2,"31",15.1,"10","0","0","0.07",12.5,10,7.7,"0.133","0.143","0.181",25
"Gibson, Kyle",502043,"BAL","CH","Changeup",-13.5,-5,"36",12.9,"10","0.667","1.222","0.79",25,10,7.1,"0.34","0.451","0.375",75
"Seymour, Ian",693855,"TB","SI","Sinker",0.5,0,"54",5.4,"10","0.286","0.286","0.39",13.3,0,0,"0.314","0.361","0.419",28.6
"Dunning, Dane",641540,"ATL","SL","Slider",-6.8,-2,"34",9.1,"10","0.444","1","0.61",33.3,40,26.7,"0.261","0.429","0.333",100
"Taylor, Grant",691799,"CWS","SL","Slider",3.3,1,"38",6.2,"10","0.1","0.1","0.09",31.6,30,12.5,"0.179","0.471","0.269",28.6
"Brazobán, Huascar",623211,"NYM","SL","Slider",2.1,1,"35",3.5,"10","0.111","0.111","0.16",35.3,30,18.8,"0.145","0.194","0.203",33.3
"Walker, Josh",677020,"TOR","FF","4-Seam Fastball",-3.2,-1,"37",40.2,"10","0.444","0.667","0.5",29.4,30,42.9,"0.322","0.642","0.434",83.3
"Gordon, Colton",676467,"HOU","SL","Slider",-2,-1,"41",2.8,"10","0.3","0.4","0.305",10,20,13.3,"0.246","0.502","0.315",75
"Englert, Mason",669438,"TB","CU","Curveball",0.6,0,"61",8.4,"10","0.444","0.444","0.43",28,20,20,"0.189","0.233","0.237",14.3
"Sproat, Brandon",687075,"NYM","CH","Changeup",1.5,1,"41",14.1,"10","0.2","0.3","0.215",8.7,10,7.1,"0.258","0.401","0.28",55.6
"Sandlin, Nick",680704,"TOR","SI","Sinker",-3.2,-1,"31",10.7,"10","0.333","0.667","0.45",7.7,20,25,"0.227","0.535","0.359",57.1
"Gibson, Kyle",502043,"BAL","ST","Sweeper",-8.7,-5,"53",18.9,"10","0.778","1.222","0.77",31.6,10,5.3,"0.58","0.817","0.547",66.7
"De los Santos, Yerry",660787,"NYY","FF","4-Seam Fastball",1.1,1,"65",11,"10","0.3","0.4","0.305",29.6,30,17.6,"0.257","0.302","0.244",57.1
"Rodriguez, Carlos",692230,"MIL","FC","Cutter",-4.2,-2,"43",20.7,"10","0.5","0.75","0.57",23.8,20,25,"0.325","0.505","0.425",83.3
"Barnes, Jacob",606930,"TOR","FF","4-Seam Fastball",-2,-1,"54",37,"10","0.4","0.8","0.505",15.4,10,6.7,"0.365","0.872","0.514",55.6
"Winn, Keaton",676775,"SF","SI","Sinker",2.5,1,"42",25.5,"10","0.222","0.333","0.285",12.5,10,16.7,"0.279","0.411","0.336",37.5
"Basso, Brady",669620,"ATH","CU","Curveball",-2.4,-1,"36",17.5,"10","0.333","0.333","0.34",22.2,30,17.6,"0.155","0.271","0.234",33.3
"White, Owen",669391,"CWS","ST","Sweeper",-3.8,-1,"33",27.7,"10","0.4","0.4","0.36",43.8,40,25,"0.264","0.321","0.257",16.7
"Harrison, Kyle",690986,"BOS","CH","Changeup",-0.3,0,"47",8,"10","0.3","0.4","0.305",29.2,20,16.7,"0.384","0.599","0.419",62.5
"Muñoz, Rolddy",691548,"ATL","SL","Slider",-2.6,-1,"35",44.9,"10","0.25","0.625","0.43",53.3,40,33.3,"0.247","0.638","0.435",75
"Rock, Joe",697812,"TB","SL","Slider",0.2,0,"38",26.2,"10","0.2","0.5","0.29",36.8,50,20.8,"0.22","0.504","0.303",40
"Darrell-Hicks, Michael",690382,"PIT","FC","Cutter",-0.1,0,"53",33.5,"10","0.222","0.333","0.375",28.6,20,20,"0.238","0.443","0.326",57.1
"Herget, Kevin",643361,"NYM","FC","Cutter",-0.4,0,"40",18.5,"10","0.333","0.333","0.36",10,10,16.7,"0.352","0.437","0.306",33.3
"Maeda, Kenta",628317,"DET","ST","Sweeper",-3.2,-1,"30",17.6,"10","0.4","0.8","0.505",44.4,40,50,"0.305","0.621","0.388",50
"Warren, Austin",681810,"NYM","ST","Sweeper",1.2,1,"42",28.8,"10","0.222","0.222","0.25",15.8,30,20,"0.296","0.545","0.393",50
"Holton, Tyler",663947,"DET","CU","Curveball",-0.2,0,"41",3.5,"10","0.2","0.2","0.18",40,50,17.2,"0.118","0.136","0.112",0
"Murphy, Chris",669684,"BOS","CH","Changeup",-1.4,0,"29",5.1,"10","0.4","0.4","0.36",0,0,0,"0.327","0.384","0.31",40
"Hoglund, Gunnar",680684,"ATH","SL","Slider",-5.9,-2,"39",7.1,"10","0.3","0.9","0.49",15,0,0,"0.465","1.05","0.634",30
"Schlittler, Cam",693645,"NYY","ST","Sweeper",-10.6,-3,"29",2.3,"10","0.444","1.222","0.615",11.8,0,0,"0.309","0.883","0.506",30
"Early, Connelly",813349,"BOS","SI","Sinker",3.2,1,"42",13,"10","0.3","0.3","0.27",30.4,20,28.6,"0.213","0.259","0.204",25
"Basso, Brady",669620,"ATH","FC","Cutter",-2.4,-1,"38",18.4,"10","0.4","0.5","0.395",35,30,33.3,"0.228","0.279","0.22",28.6
"Tarnok, Freddy",676206,"MIA","FF","4-Seam Fastball",-2.9,-1,"44",33.8,"10","0.143","0.571","0.41",26.3,30,20,"0.152","0.252","0.329",50
"Rodón, Carlos",607074,"NYY","CU","Curveball",-1.6,-2,"123",3.8,"10","0.333","0.778","0.485",29.4,20,12.5,"0.177","0.241","0.233",14.3
"De León, José",592254,"BOS","FF","4-Seam Fastball",1.3,1,"48",47.5,"10","0.143","0.143","0.3",10.5,20,15.4,"0.131","0.152","0.296",20
"Wilson, Justin",458677,"BOS","FS","Split-Finger",2.6,1,"41",5,"10","0.1","0.1","0.09",28.6,40,28.6,"0.17","0.197","0.161",16.7
"Thomas, Connor",671162,"MIL","SI","Sinker",3,1,"45",37.8,"10","0.111","0.111","0.16",16.7,30,37.5,"0.182","0.222","0.229",33.3
"Vásquez, Randy",681190,"SD","SL","Slider",-0.4,0,"46",2.1,"10","0.4","0.4","0.36",21.7,10,11.1,"0.333","0.371","0.313",11.1
"Helsley, Ryan",664854,"NYM","CU","Curveball",-2.9,-2,"57",5.8,"10","0.2","0.6","0.325",12.5,20,8.3,"0.315","0.752","0.436",50
"Ohtani, Shohei",660271,"LAD","SI","Sinker",-3.3,-2,"53",7,"10","0.5","0.7","0.52",18.2,0,0,"0.394","0.459","0.374",30
"Anderson, Shaun",641312,"LAA","ST","Sweeper",-7.5,-3,"34",15.7,"10","0.5","0.8","0.56",23.5,20,11.1,"0.211","0.282","0.212",25
"Rasmussen, Drew",656876,"TB","CU","Curveball",-3.4,-3,"99",4.3,"10","0.3","1","0.525",15.4,10,6.3,"0.327","0.778","0.462",55.6
"Swanson, Erik",657024,"TOR","FS","Split-Finger",-4.4,-2,"56",43.8,"10","0.333","1","0.465",31,0,0,"0.309","0.514","0.359",25
"Winckowski, Josh",670174,"BOS","SI","Sinker",4.7,2,"36",17.4,"9","0.143","0.143","0.178",40,11.1,16.7,"0.271","0.313","0.329",42.9
"Fuentes, Didier",800311,"ATL","CU","Curveball",-2.9,-1,"35",11.9,"9","0.25","0.625","0.4",35.7,44.4,28.6,"0.2","0.594","0.361",75
"Garabito, Gerson",642520,"TEX","CU","Curveball",0.4,0,"29",24,"9","0.25","0.25","0.278",25,22.2,28.6,"0.201","0.239","0.246",50
"Kelly, Michael",547184,"ATH","SL","Slider",-0.6,-1,"94",14.3,"9","0.25","0.375","0.517",27,0,0,"0.169","0.256","0.24",37.5
"Selby, Colin",681882,"BAL","FF","4-Seam Fastball",-13.2,-4,"32",15,"9","0.556","1.333","0.783",21.1,22.2,40,"0.306","0.677","0.41",57.1
"McFarland, T.J.",519008,"ATH","CH","Changeup",1.8,1,"29",10.7,"9","0.333","0.333","0.3",20,11.1,16.7,"0.233","0.28","0.226",37.5
"Carrasco, Carlos",471911,"ATL","CU","Curveball",-1,-1,"78",10,"9","0.333","0.556","0.425",28.6,22.2,28.6,"0.266","0.343","0.266",14.3
"Rock, Joe",697812,"TB","FF","4-Seam Fastball",1.9,1,"33",22.8,"9","0.25","0.25","0.278",31.3,55.6,33.3,"0.141","0.182","0.201",66.7
"Romero, JoJo",668941,"STL","FF","4-Seam Fastball",-0.8,-1,"59",6,"9","0.222","0.333","0.239",30,33.3,10.7,"0.161","0.371","0.224",33.3
"Holman, Grant",680880,"ATH","SL","Slider",0.5,0,"50",13.3,"9","0.25","0.25","0.278",44.4,11.1,20,"0.19","0.223","0.238",0
"McGee, Easton",668834,"MIL","FF","4-Seam Fastball",-0.6,0,"45",20.2,"9","0.333","0.333","0.356",25,22.2,10,"0.321","0.541","0.406",40
"Graveman, Kendall",608665,"AZ","FF","4-Seam Fastball",-4.5,-2,"52",16,"9","0.5","1.125","0.678",30.4,11.1,5.3,"0.283","0.396","0.338",42.9
"Gasser, Robert",688107,"MIL","SI","Sinker",-4.1,-1,"27",26.5,"9","0.333","0.333","0.433",10,11.1,20,"0.277","0.455","0.441",60
"May, Dustin",669160,"BOS","CH","Changeup",-3.2,-1,"18",0.8,"9","0.25","0.625","0.4",10,22.2,40,"0.283","0.581","0.404",33.3
"Chavez, Jesse",445926,"ATL","CH","Changeup",-9.1,-3,"29",17,"9","0.571","1","0.678",40,22.2,16.7,"0.356","0.81","0.536",20
"Fernandez, Ryan",681676,"STL","FC","Cutter",-4.5,-2,"37",7.1,"9","0.333","0.889","0.5",26.7,33.3,60,"0.295","0.61","0.382",33.3
"Church, Marc",687847,"TEX","SL","Slider",3.1,2,"49",49.5,"9","0","0","0.078",38.1,33.3,20,"0.057","0.072","0.119",0
"Henry, Cole",669371,"WSH","FC","Cutter",-2,-1,"35",3.6,"9","0.25","0.625","0.4",5.9,0,0,"0.241","0.586","0.384",37.5
"Wesneski, Hayden",669713,"HOU","CH","Changeup",2.9,1,"36",7.1,"9","0.111","0.222","0.139",31.3,11.1,5.9,"0.105","0.188","0.119",37.5
"Barnett, Mason",686930,"ATH","CH","Changeup",-6,-3,"44",10.2,"9","0.556","1","0.661",15,11.1,11.1,"0.229","0.473","0.288",50
"Jacob, Alek",689690,"SD","ST","Sweeper",-6,-4,"64",10.9,"9","0.556","1.333","0.881",21.7,0,0,"0.487","1.089","0.661",44.4
"Finnegan, Kyle",640448,"DET","SL","Slider",2,1,"39",4.6,"9","0.111","0.111","0.1",23.5,11.1,6.7,"0.097","0.119","0.093",0
"Detmers, Reid",672282,"LAA","SI","Sinker",-2.4,-1,"23",2.1,"9","0.375","0.375","0.378",14.3,0,0,"0.294","0.324","0.323",37.5
"Ureña, José",570632,"LAA","FS","Split-Finger",1.9,1,"32",3.4,"9","0.111","0.222","0.139",64.3,66.7,37.5,"0.085","0.21","0.122",33.3
"Murray, Jayden",681151,"HOU","ST","Sweeper",4.4,1,"34",19.3,"9","0.111","0.111","0.1",35,22.2,14.3,"0.059","0.07","0.055",0
"Rodríguez, Elvin",660730,"BAL","ST","Sweeper",3.1,1,"34",10.1,"9","0.111","0.222","0.139",35.3,33.3,33.3,"0.198","0.379","0.242",50
"Scholtens, Jesse",669947,"TB","ST","Sweeper",-2.6,-1,"36",23.4,"9","0.167","0.167","0.356",40,33.3,21.4,"0.085","0.111","0.212",0
"Van Belle, Brian",687003,"TB","SI","Sinker",0,0,"33",25.6,"9","0.333","0.667","0.422",7.1,0,0,"0.308","0.478","0.338",77.8
"Assad, Javier",665871,"CHC","CU","Curveball",-2.8,-1,"36",6.3,"9","0.375","0.75","0.5",6.7,11.1,7.7,"0.372","0.729","0.488",57.1
"Wesneski, Hayden",669713,"HOU","CU","Curveball",-5.1,-2,"47",9.3,"9","0.375","1.125","0.544",22.2,11.1,9.1,"0.4","1.005","0.568",50
"Brown, Hunter",686613,"HOU","FC","Cutter",-16,-7,"42",1.4,"9","0.714","2","1.022",23.5,0,0,"0.429","1.262","0.695",57.1
"Smith-Shawver, AJ",700363,"ATL","SL","Slider",-18.6,-6,"30",4.2,"9","0.714","1.714","0.939",0,0,0,"0.581","1.205","0.74",57.1
"McLean, Nolan",690997,"NYM","FC","Cutter",2.8,2,"63",8.5,"9","0.25","0.25","0.278",30,11.1,33.3,"0.269","0.335","0.31",57.1
"Whisenhunt, Carson",687931,"SF","SL","Slider",-0.7,0,"57",14,"9","0.333","0.444","0.339",20,22.2,16.7,"0.303","0.37","0.292",42.9
"Ragsdale, Carson",685068,"BAL","FF","4-Seam Fastball",-2.9,-1,"27",28.4,"9","0.333","0.778","0.461",23.5,22.2,40,"0.32","0.629","0.402",57.1
"De León, José",592254,"BOS","SV","Slurve",4.7,1,"24",23.8,"9","0.111","0.111","0.1",68.8,66.7,42.9,"0.092","0.099","0.086",33.3
"Davis, Noah",663562,"MIN","FC","Cutter",-3.2,-1,"47",18.7,"9","0.375","0.75","0.5",30,22.2,33.3,"0.219","0.56","0.365",33.3
"Miller, Shelby",571946,"MIL","ST","Sweeper",-1.5,-1,"59",8.4,"9","0.143","0.571","0.556",27.3,11.1,7.1,"0.125","0.351","0.385",16.7
"Miller, Bobby",676272,"LAD","SI","Sinker",-5.2,-1,"26",22.4,"9","0.444","0.667","0.478",7.7,22.2,18.2,"0.346","0.607","0.407",57.1
"Dobnak, Randy",677976,"MIN","SI","Sinker",6,2,"28",35.4,"9","0.125","0.125","0.178",8.3,11.1,25,"0.343","0.447","0.38",71.4
"Tolle, Payton",801139,"BOS","SL","Slider",4.2,1,"29",9.5,"9","0.125","0.125","0.1",33.3,22.2,18.2,"0.23","0.333","0.258",28.6
"Davis, Noah",663562,"MIN","FF","4-Seam Fastball",-14.6,-3,"19",7.6,"9","0.5","1.5","0.778",12.5,11.1,10,"0.436","1.318","0.708",80
"Guerrero, Luis",692285,"BOS","ST","Sweeper",1.6,1,"43",14.9,"9","0.143","0.143","0.256",30,11.1,5.6,"0.323","0.365","0.389",0
"Curry, Xzavion",675540,"MIA","FF","4-Seam Fastball",-3.5,-1,"21",37.5,"9","0.5","0.5","0.533",0,11.1,20,"0.136","0.149","0.32",20
"Bautista, Félix",642585,"BAL","SL","Slider",1.1,1,"57",9.1,"9","0.222","0.333","0.239",36.4,22.2,33.3,"0.358","0.607","0.412",28.6
"Pérez, Cionel",672335,"BAL","FF","4-Seam Fastball",-6.5,-3,"49",11.2,"9","0.714","0.714","0.763",12.5,0,0,"0.41","0.46","0.421",12.5
"Hanifee, Brenan",669724,"DET","CH","Changeup",-5,-2,"40",4.2,"9","0.444","0.667","0.478",21.4,22.2,11.8,"0.343","0.474","0.353",42.9
"Harrington, Thomas",802419,"PIT","ST","Sweeper",1.2,0,"39",19.5,"9","0.125","0.125","0.178",33.3,22.2,15.4,"0.189","0.377","0.29",50
"Ashcraft, Braxton",677952,"PIT","CH","Changeup",-5.2,-2,"36",3.3,"9","0.444","0.556","0.539",5.9,0,0,"0.358","0.518","0.378",33.3
"Jarvis, Bryce",686826,"AZ","SI","Sinker",-5.2,-2,"43",10.5,"9","0.667","1.222","0.8",0,11.1,33.3,"0.396","0.67","0.448",62.5
"Henry, Tommy",674072,"AZ","CU","Curveball",2.7,1,"30",28,"9","0.125","0.5","0.3",33.3,33.3,42.9,"0.212","0.494","0.342",40
"Clevinger, Mike",605182,"CWS","FC","Cutter",-3.9,-1,"26",22.8,"9","0.167","0.167","0.333",11.1,11.1,20,"0.055","0.075","0.348",66.7
"Sisk, Evan",681895,"PIT","CU","Curveball",2.9,1,"34",10.3,"9","0.125","0.125","0.178",42.9,44.4,36.4,"0.065","0.17","0.162",50
"Heuer, Codi",676051,"DET","SL","Slider",2.4,1,"43",49.4,"9","0","0","0.156",54.5,44.4,26.7,"0.015","0.015","0.167",0
"Imanaga, Shota",684007,"CHC","SI","Sinker",4.5,1,"27",1.2,"9","0.222","0.222","0.2",12.5,0,0,"0.321","0.392","0.307",44.4
"Márquez, Germán",608566,"COL","CH","Changeup",-3.6,-2,"49",2.4,"9","0.5","0.625","0.517",16.7,0,0,"0.255","0.548","0.377",50
"Feltner, Ryan",663372,"COL","CU","Curveball",-7.3,-2,"33",6.3,"9","0.444","1","0.6",22.2,22.2,14.3,"0.374","0.753","0.476",42.9
"Pressly, Ryan",519151,"CHC","CH","Changeup",-3.5,-1,"37",5.6,"9","0.375","0.5","0.417",15.4,0,0,"0.304","0.478","0.377",37.5
"Early, Connelly",813349,"BOS","ST","Sweeper",9.9,2,"20",6.2,"9","0","0","0",83.3,88.9,72.7,"0.022","0.028","0.022",0
"Garabito, Gerson",642520,"TEX","FF","4-Seam Fastball",-7.2,-2,"25",20.7,"9","0.375","0.75","0.5",40,33.3,50,"0.358","0.943","0.552",40
"Garcia, Luis",677651,"HOU","FC","Cutter",0.9,0,"27",25.5,"8","0.125","0.5","0.25",46.7,50,50,"0.134","0.399","0.219",25
"Maeda, Kenta",628317,"DET","FF","4-Seam Fastball",2.3,1,"31",18.2,"8","0","0","0.175",17.6,12.5,14.3,"0.135","0.174","0.27",20
"Marinaccio, Ron",676760,"SD","FC","Cutter",6.5,2,"32",19.5,"8","0.125","0.125","0.113",26.3,0,0,"0.128","0.181","0.131",25
"Scott, Tayler",605463,"HOU","SL","Slider",-10.1,-4,"35",6.5,"8","0.833","1.833","0.919",30.8,0,0,"0.555","1.084","0.694",71.4
"Holderman, Colin",670059,"PIT","FF","4-Seam Fastball",-9.4,-3,"36",7.3,"8","0.5","1.167","0.693",11.1,0,0,"0.48","0.958","0.62",71.4
"Maxwell, Zach",687209,"CIN","ST","Sweeper",-5.2,-2,"31",18.8,"8","0.125","0.5","0.25",54.5,62.5,45.5,"0.167","0.425","0.245",66.7
"McCullers Jr., Lance",621121,"HOU","FC","Cutter",-5.7,-3,"52",4.5,"8","0.429","1.429","0.744",22.2,12.5,11.1,"0.336","1.029","0.576",66.7
"Matzek, Tyler",554431,"NYY","SL","Slider",0.1,0,"42",33.1,"8","0.286","0.286","0.313",21.1,25,10,"0.287","0.425","0.351",60
"Loutos, Ryan",702795,"WSH","ST","Sweeper",-1.9,0,"21",9.1,"8","0.286","0.286","0.425",20,12.5,16.7,"0.392","0.683","0.484",66.7
"Miller, Bobby",676272,"LAD","CU","Curveball",-2.1,-1,"32",27.6,"8","0.375","0.75","0.475",28.6,37.5,27.3,"0.217","0.486","0.29",20
"Sommers, Drew",805427,"DET","SI","Sinker",-7.8,-3,"34",43.6,"8","0.6","1.2","0.731",11.1,0,0,"0.33","0.598","0.502",60
"Murphy, Chris",669684,"BOS","ST","Sweeper",0.2,0,"36",6.3,"8","0.25","0.375","0.269",33.3,50,21.1,"0.224","0.493","0.299",75
"Lucas, Easton",687922,"TOR","FC","Cutter",2,1,"32",7.3,"8","0.167","0.167","0.2",13.3,12.5,11.1,"0.224","0.252","0.249",16.7
"Rodriguez, Bradgley",699134,"SD","CH","Changeup",4.7,1,"30",23.6,"8","0","0","0.088",46.7,50,36.4,"0.023","0.026","0.106",33.3
"Martinez, Seth",661527,"MIA","FF","4-Seam Fastball",2.1,1,"32",26.7,"8","0.167","0.333","0.331",22.2,12.5,5.9,"0.111","0.246","0.285",40
"de Geus, Brett",676969,"PHI","SI","Sinker",2.3,1,"27",57.4,"8","0.167","0.167","0.288",7.7,0,0,"0.178","0.328","0.335",33.3
"Sauer, Matt",669422,"LAD","FS","Split-Finger",-3.7,-2,"46",9,"8","0.25","0.75","0.406",47.4,50,15.4,"0.191","0.613","0.324",50
"Stock, Robert",476594,"BOS","FC","Cutter",-2.4,-1,"26",44.1,"8","0.4","0.4","0.488",11.1,0,0,"0.294","0.329","0.431",40
"Harrison, Kyle",690986,"BOS","FC","Cutter",-3.7,-1,"22",3.7,"8","0.25","0.25","0.463",0,0,,"0.217","0.277","0.459",0
"Laweryson, Cody",689520,"MIN","CH","Changeup",5.5,1,"25",26.9,"8","0.125","0.125","0.113",10,0,0,"0.185","0.215","0.176",25
"Effross, Scott",664123,"NYY","CH","Changeup",-7.1,-1,"19",12.2,"8","0.375","0.5","0.381",8.3,0,0,"0.409","0.712","0.478",37.5
"Tong, Jonah",804636,"NYM","CU","Curveball",-0.4,0,"46",12.4,"8","0.25","0.25","0.225",26.3,25,11.1,"0.237","0.273","0.224",16.7
"Bender, Anthony",669622,"MIA","CH","Changeup",-2,-1,"28",3.6,"8","0.143","0.571","0.338",9.1,12.5,6.3,"0.358","0.893","0.543",66.7
"Little, Luke",681432,"CHC","FF","4-Seam Fastball",1,0,"41",53.9,"8","0","0","0.3",25,37.5,27.3,"0.078","0.084","0.341",50
"Kranick, Max",668820,"NYM","ST","Sweeper",2.4,1,"41",7.8,"8","0.125","0.125","0.113",23.1,37.5,11.5,"0.192","0.345","0.228",60
"Urquidy, José",664353,"DET","FF","4-Seam Fastball",-2.9,-1,"18",32.1,"8","0.333","0.333","0.4",28.6,12.5,25,"0.303","0.543","0.445",40
"Brigham, Jeff",656257,"AZ","FF","4-Seam Fastball",-11.9,-3,"26",41.3,"8","0.571","1","0.675",12.5,12.5,10,"0.483","0.987","0.628",66.7
"Freeman, Caleb",673965,"CWS","FF","4-Seam Fastball",-1.9,-1,"34",48.6,"8","0.333","0.833","0.514",0,0,0,"0.263","0.527","0.385",28.6
"Contreras, Roansy",672710,"COL","CU","Curveball",-5.6,-2,"33",16.8,"8","0.429","0.857","0.563",35.3,25,12.5,"0.186","0.393","0.3",40
"Garza, Justin",621057,"NYM","FF","4-Seam Fastball",-3.2,-1,"32",37.2,"8","0.286","0.714","0.45",8.3,25,33.3,"0.271","0.612","0.412",20
"Alcala, Jorge",660896,"STL","CH","Changeup",-14,-3,"20",1.9,"8","0.667","1.167","0.763",28.6,12.5,14.3,"0.474","0.91","0.617",20
"Estes, Joey",683155,"ATH","SL","Slider",-3.8,-1,"28",15.1,"8","0.375","0.875","0.519",14.3,12.5,25,"0.299","0.604","0.375",57.1
"Ashby, Aaron",676879,"MIL","FF","4-Seam Fastball",-0.4,0,"24",2.3,"8","0.286","0.286","0.313",28.6,25,11.8,"0.189","0.207","0.244",0
"Thomas, Connor",671162,"MIL","FC","Cutter",-6.2,-2,"27",22.7,"8","0.714","1.143","0.788",0,0,0,"0.443","0.682","0.509",71.4
"Richards, Trevor",670950,"AZ","CH","Changeup",-5.2,-2,"36",31,"8","0.5","0.667","0.469",28.6,25,12.5,"0.358","0.422","0.403",40
"Bowman, Matt",621199,"BAL","FF","4-Seam Fastball",-4.6,-1,"13",2.9,"8","0.333","0.5","0.444",42.9,37.5,42.9,"0.225","0.356","0.362",33.3
"La Sorsa, Joe",686747,"CIN","FF","4-Seam Fastball",-6.3,-2,"25",25,"8","0.5","1","0.631",0,0,0,"0.228","0.654","0.359",25
"Crismatt, Nabil",622503,"AZ","SL","Slider",1.4,0,"30",5.6,"8","0.25","0.5","0.313",13.3,0,0,"0.295","0.553","0.356",25
"Gibson, Kyle",502043,"BAL","FF","4-Seam Fastball",-8,-2,"26",9.3,"8","0.667","1.167","0.675",8.3,12.5,50,"0.245","0.526","0.363",33.3
"Muñoz, Roddery",682610,"STL","FF","4-Seam Fastball",-1.5,-1,"38",16.6,"8","0.286","0.714","0.45",5.3,25,16.7,"0.225","0.562","0.373",40
"Garabito, Gerson",642520,"TEX","SL","Slider",0.2,0,"27",22.3,"8","0.25","0.375","0.381",41.2,12.5,50,"0.2","0.246","0.196",14.3
"Rodriguez, Bradgley",699134,"SD","SI","Sinker",-4.4,-1,"32",25.2,"8","0.6","0.6","0.6",21.4,0,0,"0.477","0.532","0.542",20
"Harris, Hogan",663687,"ATH","ST","Sweeper",-4.1,-1,"35",3.1,"8","0.25","0.625","0.363",23.5,12.5,6.7,"0.291","0.536","0.345",28.6
"Gibson, Kyle",502043,"BAL","FC","Cutter",-12.7,-4,"29",10.4,"8","0.429","1.714","0.838",15.4,0,0,"0.38","1.359","0.704",57.1
"Quijada, José",650671,"LAA","FF","4-Seam Fastball",-1.1,0,"37",90.2,"8","0.167","0.167","0.4",28.6,37.5,37.5,"0.307","0.375","0.4",66.7
"Zuber, Tyler",676604,"MIA","SL","Slider",-8.2,-3,"41",16.7,"8","0.625","1.75","0.969",8,0,0,"0.427","1.133","0.645",75
"Castillo, José",620454,"BAL","CH","Changeup",4.7,1,"14",2.6,"8","0.25","0.25","0.225",40,50,50,"0.101","0.207","0.131",25
"Ginkel, Kevin",656464,"AZ","SI","Sinker",-5.4,-2,"34",6.9,"8","0.667","0.667","0.538",6.7,0,0,"0.204","0.236","0.313",28.6
"Fermin, José",820862,"LAA","SI","Sinker",2.5,1,"22",3.4,"8","0.286","0.429","0.269",0,0,0,"0.164","0.237","0.232",50
"Tate, Dillon",622253,"TOR","CH","Changeup",-3.8,-1,"29",20.9,"8","0","0","0.463",18.2,0,0,"0.347","0.939","0.615",25
"Povich, Cade",700249,"BAL","FC","Cutter",0.1,0,"33",1.7,"8","0.2","0.2","0.375",18.2,37.5,37.5,"0.212","0.313","0.403",50
"García, Luis",472610,"LAA","FF","4-Seam Fastball",0.3,0,"17",1.9,"8","0.143","0.571","0.338",0,0,0,"0.367","0.753","0.499",57.1
"Martinez, Seth",661527,"MIA","ST","Sweeper",-2.1,-1,"44",36.7,"8","0.143","0.571","0.25",28.6,12.5,7.1,"0.133","0.42","0.306",28.6
"Hollowell, Gavin",668970,"CHC","SI","Sinker",-0.8,0,"36",20.9,"8","0.429","0.571","0.469",38.5,12.5,33.3,"0.268","0.326","0.313",33.3
"Priester, Quinn",682990,"MIL","CH","Changeup",-6.3,-2,"37",1.5,"8","0.25","0.625","0.363",26.7,25,11.8,"0.353","0.712","0.449",50
"Rodriguez, Carlos",692230,"MIL","CH","Changeup",-4,-2,"46",22.1,"8","0.333","0.667","0.488",42.1,0,0,"0.291","0.324","0.379",0
"Steele, Justin",657006,"CHC","SI","Sinker",2,0,"19",6.1,"8","0.167","0.167","0.288",10,12.5,50,"0.208","0.272","0.332",40
"Kimbrel, Craig",518886,"HOU","ST","Sweeper",3,1,"29",12.6,"8","0.25","0.25","0.225",35.3,25,25,"0.253","0.296","0.241",16.7
"Waldrep, Hurston",694462,"ATL","FF","4-Seam Fastball",0.9,0,"20",2.3,"8","0.333","0.333","0.4",20,0,0,"0.327","0.385","0.407",33.3
"Sproat, Brandon",687075,"NYM","FF","4-Seam Fastball",1.7,1,"40",13.8,"8","0.143","0.143","0.2",6.3,12.5,10,"0.282","0.575","0.401",50
"Uribe, Abner",682842,"MIL","FF","4-Seam Fastball",0.5,0,"25",2.1,"8","0.143","0.143","0.2",18.8,37.5,13,"0.137","0.155","0.196",50
"Kriske, Brooks",621139,"MIN","FC","Cutter",-3.3,-1,"42",11,"8","0.286","0.714","0.45",28.6,12.5,8.3,"0.21","0.436","0.324",50
"Bird, Jake",656234,"NYY","FC","Cutter",-5.8,-1,"24",2.5,"8","0.375","0.625","0.425",22.2,37.5,16.7,"0.284","0.676","0.4",60
"Martin, Davis",663436,"CWS","FC","Cutter",-0.2,0,"41",1.8,"8","0.286","0.714","0.45",36.4,37.5,30,"0.06","0.098","0.145",0
"Lawrence, Casey",596271,"SEA","FF","4-Seam Fastball",4.4,1,"19",6.9,"8","0.125","0.125","0.225",8.3,0,0,"0.203","0.541","0.308",37.5
"Smith, Dylan",681916,"DET","SI","Sinker",6.3,1,"12",7.3,"8","0","0","0.175",0,0,,"0.178","0.341","0.338",33.3
"Young, Brandon",687064,"BAL","CH","Changeup",-5.5,-2,"43",4.6,"8","0.625","1","0.7",26.7,0,,"0.458","0.852","0.552",87.5
"Gibson, Kyle",502043,"BAL","CU","Curveball",1.6,0,"31",11.1,"8","0.125","0.5","0.25",40,25,28.6,"0.129","0.308","0.179",16.7
"Strickland, Hunter",519326,"LAA","SI","Sinker",-4.3,-2,"38",11.4,"8","0.5","1","0.593",6.3,0,0,"0.388","0.726","0.475",50
"Kirby, George",669923,"SEA","CH","Changeup",2.5,1,"43",2.1,"8","0.125","0.125","0.113",5,12.5,9.1,"0.181","0.2","0.166",14.3
"Nikhazy, Doug",680951,"CLE","SL","Slider",-3.2,-1,"31",28.7,"8","0.4","0.4","0.488",21.4,12.5,7.7,"0.324","0.406","0.459",50
"Garabito, Gerson",642520,"TEX","SI","Sinker",-5,-1,"21",17.4,"8","0.571","0.714","0.581",22.2,12.5,20,"0.357","0.413","0.384",50
"Vargas, Carlos",672841,"SEA","FF","4-Seam Fastball",-5.8,-2,"38",3.5,"8","0.429","1","0.606",12.5,25,9.5,"0.309","0.638","0.438",40
"Estrada, Lazaro",681751,"TOR","SL","Slider",2.2,1,"41",34.5,"8","0.125","0.5","0.25",55,37.5,33.3,"0.197","0.416","0.255",20
"Hatch, Thomas",641672,"MIN","ST","Sweeper",-3.3,-1,"43",7.3,"8","0.333","0.833","0.538",16.7,12.5,5.9,"0.267","0.682","0.471",20
"Hill, Rich",448179,"KC","FC","Cutter",1.6,0,"27",15.8,"8","0.143","0.143","0.313",0,0,0,"0.301","0.348","0.338",14.3
"Petty, Chase",695534,"CIN","FF","4-Seam Fastball",-7,-3,"37",21.9,"8","0.75","0.75","0.688",0,0,0,"0.406","0.466","0.543",25
"Canning, Griffin",656288,"NYM","FC","Cutter",-2,-1,"50",3.7,"8","0.4","0.6","0.531",19,12.5,16.7,"0.332","0.407","0.463",25
"Perkins, Jack",678022,"ATH","CH","Changeup",1.3,1,"66",10.4,"8","0.125","0.125","0.113",58.6,62.5,20,"0.083","0.097","0.076",33.3
"Povich, Cade",700249,"BAL","SL","Slider",-0.8,0,"34",1.7,"8","0.25","0.75","0.406",35,50,25,"0.229","0.455","0.29",25
"Zerpa, Angel",672582,"KC","CH","Changeup",-4.1,-2,"40",3.6,"8","0.5","0.75","0.538",23.5,12.5,14.3,"0.278","0.402","0.289",57.1
"Gillaspie, Logan",670810,"SD","SL","Slider",3.1,1,"23",20.5,"7","0","0","0.2",9.1,0,0,"0.09","0.099","0.262",0
"Brown, McCade",685326,"COL","CH","Changeup",-2.7,-1,"28",5.6,"7","0.286","0.429","0.307",18.2,0,0,"0.164","0.374","0.224",28.6
"Contreras, Roansy",672710,"COL","CH","Changeup",-2,0,"22",11.2,"7","0.143","0.571","0.286",11.1,0,0,"0.187","0.568","0.307",28.6
"La Sorsa, Joe",686747,"CIN","ST","Sweeper",-2.8,-1,"22",22,"7","0.429","0.857","0.543",27.3,14.3,14.3,"0.236","0.381","0.262",16.7
"Contreras, Roansy",672710,"COL","SL","Slider",-6.9,-3,"37",18.8,"7","0.429","1","0.593",28.6,14.3,8.3,"0.304","0.517","0.343",50
"Wynne, Randy",691094,"CIN","FF","4-Seam Fastball",-7.1,-1,"20",42.6,"7","0.333","1","0.564",0,0,0,"0.314","0.966","0.549",50
"Johnson, Pierce",572955,"ATL","FC","Cutter",-1.2,-1,"47",4.9,"7","0.429","0.429","0.386",18.8,0,0,"0.297","0.372","0.291",28.6
"Lively, Ben",594902,"CLE","FC","Cutter",-0.9,-1,"58",8.1,"7","0.333","0.833","0.514",17.4,14.3,11.1,"0.326","0.805","0.503",20
"Saucedo, Tayler",642048,"SEA","SL","Slider",1.4,0,"28",12.1,"7","0.167","0.167","0.229",50,57.1,40,"0.098","0.111","0.177",50
"Castaño, Blas",680604,"SEA","CH","Changeup",-4.9,-1,"16",32,"7","0.286","0.571","0.357",12.5,14.3,16.7,"0.332","0.63","0.406",50
"Peralta, Sammy",671111,"LAA","CH","Changeup",-0.3,0,"16",10.5,"7","0.333","0.333","0.257",12.5,14.3,25,"0.353","0.459","0.301",50
"Jansen, Kenley",445276,"LAA","ST","Sweeper",-7.8,-2,"29",3.3,"7","0.429","1.143","0.643",18.8,28.6,14.3,"0.327","0.841","0.48",60
"Bazardo, Eduard",660825,"SEA","FS","Split-Finger",-3.8,-1,"25",2,"7","0.571","0.571","0.514",10,14.3,7.7,"0.482","0.588","0.469",16.7
"Silseth, Chase",681217,"LAA","SI","Sinker",2.4,1,"29",13.7,"7","0.286","0.286","0.257",15.4,0,0,"0.269","0.389","0.282",28.6
"Muñoz, Andrés",662253,"SEA","CH","Changeup",2.1,0,"22",2.1,"7","0","0","0.117",44.4,42.9,23.1,"0.086","0.15","0.193",66.7
"Eder, Jake",671109,"LAA","CH","Changeup",-2.9,-2,"53",17.5,"7","0.429","0.714","0.486",28.6,14.3,6.7,"0.201","0.414","0.257",33.3
"Morejon, Adrian",670970,"SD","FC","Cutter",-3.9,-1,"33",3.3,"7","0.333","1","0.542",7.1,0,0,"0.233","0.626","0.351",28.6
"Hall, DL",669084,"MIL","SI","Sinker",1.1,0,"38",6.5,"7","0.143","0.429","0.229",23.1,14.3,25,"0.154","0.213","0.156",33.3
"Hart, Kyle",606996,"SD","FS","Split-Finger",0.1,0,"33",4.8,"7","0.167","0.333","0.279",46.7,42.9,23.1,"0.107","0.167","0.199",33.3
"Reynolds, Sean",669308,"SD","CH","Changeup",1.7,0,"28",5.7,"7","0.143","0.143","0.129",30.8,42.9,18.8,"0.189","0.227","0.183",25
"Zimmermann, Bruce",669145,"MIL","FS","Split-Finger",-0.9,0,"19",20.9,"7","0.286","0.714","0.414",20,14.3,16.7,"0.225","0.533","0.314",50
"Garabito, Gerson",642520,"TEX","CH","Changeup",-8.6,-2,"19",15.7,"7","0.571","0.571","0.514",22.2,14.3,50,"0.508","0.583","0.479",16.7
"Cease, Dylan",656302,"SD","CH","Changeup",1.1,0,"37",1.2,"7","0.167","0.167","0.229",46.7,42.9,37.5,"0.152","0.163","0.221",0
"Gray, Jon",592351,"TEX","CH","Changeup",6.6,1,"16",7.6,"7","0.143","0.143","0.129",40,28.6,66.7,"0.056","0.074","0.054",0
"Peralta, Wandy",593974,"SD","FF","4-Seam Fastball",2.8,1,"38",3.3,"7","0.143","0.143","0.129",25,28.6,20,"0.185","0.237","0.184",20
"Peralta, Freddy",642547,"MIL","ST","Sweeper",3.8,1,"33",1.1,"7","0","0","0",61.5,71.4,27.8,"0.021","0.024","0.019",0
"Rocker, Kumar",677958,"TEX","CU","Curveball",-2.8,-2,"71",6.3,"7","0.333","1.167","0.514",30.8,42.9,21.4,"0.225","0.763","0.37",50
"Garcia, Brandyn",805299,"AZ","SL","Slider",-0.7,0,"42",15.2,"7","0.333","0.333","0.357",25,14.3,25,"0.411","0.466","0.429",60
"Brigham, Jeff",656257,"AZ","FC","Cutter",4.9,1,"22",34.9,"7","0.143","0.143","0.129",20,28.6,50,"0.277","0.343","0.273",40
"Sisk, Evan",681895,"PIT","FC","Cutter",-2.3,-1,"34",10.3,"7","0.167","0.667","0.386",11.1,0,0,"0.197","0.468","0.335",66.7
"Krook, Matt",640454,"ATH","FC","Cutter",0.4,0,"17",23.9,"7","0.333","0.333","0.357",36.4,28.6,25,"0.189","0.245","0.262",25
"Black, Mason",696131,"SF","ST","Sweeper",-0.8,0,"23",31.1,"7","0.143","0.286","0.307",30.8,28.6,28.6,"0.125","0.251","0.156",40
"Boushley, Caleb",676961,"TEX","CU","Curveball",-1.3,-1,"54",7.3,"7","0.429","0.714","0.486",43.8,14.3,11.1,"0.415","0.874","0.537",66.7
"Eovaldi, Nathan",543135,"TEX","SL","Slider",-5.1,-1,"23",1.2,"7","0.286","0.714","0.414",0,14.3,33.3,"0.274","0.573","0.354",50
"Domínguez, Seranthony",622554,"TOR","CU","Curveball",-0.8,0,"54",4.9,"7","0.333","0.333","0.357",14.3,14.3,20,"0.47","0.553","0.481",40
"Leclerc, José",600917,"ATH","SL","Slider",-0.9,0,"49",21.4,"7","0.286","0.286","0.257",29.4,14.3,4.8,"0.183","0.205","0.17",16.7
"Leclerc, José",600917,"ATH","CH","Changeup",2.3,1,"45",19.7,"7","0","0","0.2",50,28.6,20,"0.088","0.088","0.258",33.3
"Lucas, Easton",687922,"TOR","ST","Sweeper",-3.5,-2,"43",9.8,"7","0.429","0.857","0.543",11.8,28.6,14.3,"0.214","0.404","0.259",40
"Enns, Dietrich",608650,"BAL","CU","Curveball",0,0,"36",4.9,"7","0.286","0.286","0.257",33.3,28.6,22.2,"0.138","0.181","0.134",40
"Black, Mason",696131,"SF","FF","4-Seam Fastball",-2.9,-1,"29",39.2,"7","0.286","0.571","0.486",18.8,28.6,13.3,"0.196","0.33","0.225",40
"Fisher, Braydon",680755,"TOR","FC","Cutter",4.8,1,"25",3,"7","0.2","0.2","0.229",46.7,28.6,50,"0.205","0.248","0.251",0
"Enns, Dietrich",608650,"BAL","SI","Sinker",-13.7,-3,"23",3.1,"7","0.667","1.167","0.9",15.4,0,0,"0.519","0.834","0.597",50
"Leiter Jr., Mark",643410,"NYY","SL","Slider",4.7,1,"16",1.9,"7","0","0","0.1",0,14.3,16.7,"0.201","0.222","0.26",0
"Bowman, Matt",621199,"BAL","FS","Split-Finger",0.9,0,"38",8.5,"7","0.286","0.286","0.257",18.8,0,0,"0.452","0.553","0.436",14.3
"Devenski, Chris",606965,"NYM","ST","Sweeper",3.3,2,"55",21,"7","0","0","0",30,14.3,10,"0.099","0.249","0.143",16.7
"Poteet, Cody",547001,"BAL","SI","Sinker",-11.4,-2,"20",29.4,"7","0.667","1","0.714",30.8,0,0,"0.4","0.829","0.544",50
"Young, Danny",664849,"NYM","ST","Sweeper",0.5,0,"66",41.8,"7","0","0","0.1",56.3,57.1,21.1,"0.052","0.162","0.175",50
"Aldegheri, Sam",691951,"LAA","CU","Curveball",-2,-1,"35",11.6,"7","0.4","0.4","0.457",18.2,0,0,"0.285","0.319","0.386",0
"Bachman, Sam",696147,"LAA","CH","Changeup",-1.4,0,"29",8.7,"7","0.286","0.286","0.257",15.4,28.6,16.7,"0.222","0.273","0.208",60
"Wolfram, Grant",664991,"BAL","ST","Sweeper",-0.4,0,"28",5.4,"7","0.2","0.2","0.329",60,42.9,17.6,"0.176","0.222","0.323",0
"Bride, Jonah",681146,"MIN","KN","Knuckleball",5.9,1,"14",12.3,"7","0","0","0.1",20,28.6,25,"0.11","0.215","0.215",50
"Thomas, Connor",671162,"MIL","CH","Changeup",-15.3,-3,"22",18.5,"7","0.6","1.4","0.821",9.1,0,0,"0.558","1.174","0.706",50
"Whitley, Forrest",666215,"TB","CU","Curveball",-1.9,-1,"30",11.7,"7","0","0","0.3",60,57.1,28.6,"0.002","0.003","0.302",0
"Fernández, Julian",642759,"WSH","CH","Changeup",3.2,1,"24",31.6,"7","0","0","0.1",38.5,57.1,33.3,"0.171","0.195","0.239",50
"McCaughan, Darren",670766,"MIN","FF","4-Seam Fastball",3.1,1,"20",23.3,"7","0","0","0.229",33.3,28.6,50,"0.037","0.056","0.135",75
"Burdi, Nick",595897,"BOS","SL","Slider",4.1,1,"26",31.3,"7","0.143","0.143","0.129",38.5,42.9,25,"0.199","0.226","0.187",25
"Henriquez, Edgardo",683618,"LAD","SL","Slider",3,1,"35",12.5,"7","0.143","0.143","0.129",57.1,57.1,25,"0.185","0.224","0.177",0
"Feyereisen, J.P.",656420,"LAD","FF","4-Seam Fastball",-3.4,-1,"28",34.6,"7","0.571","0.571","0.514",21.1,14.3,12.5,"0.429","0.474","0.398",0
"Harvey, Hunter",640451,"KC","CU","Curveball",5.6,1,"16",9.6,"7","0.143","0.143","0.129",30,14.3,14.3,"0.292","0.323","0.272",33.3
"Morán, Jovani",663558,"BOS","CH","Changeup",-3.6,-1,"31",38.8,"7","0.333","0.667","0.457",57.1,42.9,25,"0.33","0.508","0.408",66.7
"Schreiber, John",670167,"KC","CH","Changeup",5.5,1,"21",2,"7","0","0","0",50,57.1,30.8,"0.124","0.169","0.128",66.7
"Bernardino, Brennan",657514,"BOS","SL","Slider",1.2,0,"34",4.1,"7","0.167","0.167","0.229",12.5,0,0,"0.125","0.133","0.199",0
"Duran, Jhoan",661395,"PHI","ST","Sweeper",-0.3,0,"62",5.8,"7","0.167","0.167","0.229",55,42.9,20,"0.125","0.142","0.197",0
"Early, Connelly",813349,"BOS","SL","Slider",-2.4,-1,"37",11.5,"7","0.6","0.8","0.636",29.4,0,,"0.513","0.883","0.624",60
"Weems, Jordan",607179,"HOU","SL","Slider",-5.4,-2,"28",28.6,"7","0.5","0.5","0.486",25,0,0,"0.353","0.442","0.395",33.3
"Lazar, Max",676661,"PHI","FS","Split-Finger",2.9,1,"21",3.3,"7","0.143","0.143","0.129",50,42.9,23.1,"0.159","0.194","0.154",25
"Contreras, Luis",664351,"HOU","CH","Changeup",-2.4,-1,"37",16.5,"7","0.286","0.429","0.307",30,42.9,20,"0.153","0.204","0.155",0
"France, J.P.",641585,"HOU","FC","Cutter",4.7,1,"30",39.5,"7","0","0","0.1",23.1,28.6,28.6,"0.203","0.376","0.309",25
"Rodriguez, Carlos",692230,"MIL","ST","Sweeper",4.5,2,"39",18.8,"7","0.143","0.143","0.129",19,14.3,9.1,"0.125","0.139","0.117",33.3
"Wicks, Jordan",696136,"CHC","ST","Sweeper",-5.2,-1,"26",12,"7","0.571","0.571","0.514",6.7,14.3,10,"0.402","0.486","0.388",50
"Palencia, Daniel",694037,"CHC","FS","Split-Finger",1.6,1,"39",4.6,"7","0.143","0.143","0.129",37.5,28.6,11.1,"0.251","0.278","0.231",20
"Johnson, Seth",686751,"PHI","CU","Curveball",-7.2,-1,"15",7,"7","0.286","0.714","0.414",28.6,57.1,36.4,"0.136","0.345","0.198",66.7
"Leasure, Jordan",673929,"CWS","FS","Split-Finger",-14.3,-4,"31",2.7,"7","0.714","1.714","1.007",25,14.3,9.1,"0.244","0.628","0.358",50
"Wicks, Jordan",696136,"CHC","SI","Sinker",3.7,1,"22",10.1,"7","0.143","0.143","0.129",18.2,28.6,33.3,"0.155","0.191","0.153",20
"Little, Luke",681432,"CHC","ST","Sweeper",-2.5,-1,"35",46.1,"7","0.25","0.25","0.429",14.3,14.3,10,"0.064","0.066","0.333",0
"Daniel, Davis",669721,"ATL","ST","Sweeper",-5,-1,"19",10.4,"7","0.2","0.8","0.386",45.5,28.6,28.6,"0.126","0.492","0.299",25
"Spiers, Carson",686730,"CIN","FC","Cutter",-0.4,0,"46",18.8,"7","0.25","0.5","0.479",23.8,0,0,"0.181","0.494","0.458",25
"Rolison, Ryan",669020,"COL","CH","Changeup",3.6,1,"23",3.4,"6","0.167","0.167","0.15",0,0,0,"0.239","0.269","0.224",16.7
"Stroman, Marcus",573186,"NYY","SL","Slider",-2.7,-1,"46",6.5,"6","0.4","0.4","0.417",15,16.7,2.9,"0.431","0.535","0.466",50
"Ragsdale, Carson",685068,"BAL","SI","Sinker",-3.8,-1,"22",23.2,"6","0.6","0.6","0.567",9.1,0,0,"0.323","0.366","0.371",80
"Latz, Jacob",656641,"TEX","CU","Curveball",-0.7,-1,"89",6.4,"6","0.333","0.5","0.358",22.2,16.7,12.5,"0.156","0.205","0.155",0
"Winans, Allan",642216,"NYY","ST","Sweeper",4.9,2,"32",18.7,"6","0","0","0",23.5,16.7,14.3,"0.159","0.188","0.151",20
"Canning, Griffin",656288,"NYM","ST","Sweeper",0.6,0,"14",1,"6","0.167","0.333","0.208",20,33.3,25,"0.122","0.369","0.203",25
"Barco, Hunter",682995,"PIT","FF","4-Seam Fastball",0,0,"23",50,"6","0.333","0.5","0.358",33.3,16.7,16.7,"0.37","0.686","0.444",60
"Carrillo, Alex",692024,"NYM","SL","Slider",-3.5,-1,"27",32.1,"6","0.25","0.5","0.442",33.3,0,0,"0.238","0.293","0.385",0
"Burr, Ryan",621114,"TOR","SL","Slider",1,0,"30",76.9,"6","0.2","0.2","0.267",61.5,50,20,"0.184","0.206","0.258",0
"Owens, Tyler",687074,"DET","FF","4-Seam Fastball",4.1,1,"28",42.4,"6","0.167","0.167","0.15",8.3,0,0,"0.31","0.459","0.327",33.3
"Oviedo, Johan",670912,"PIT","CH","Changeup",3,1,"39",5.9,"6","0.167","0.167","0.15",33.3,0,0,"0.325","0.596","0.388",66.7
"Seabold, Connor",657756,"ATL","FC","Cutter",-1.3,0,"35",18.9,"6","0.5","0.5","0.45",20,0,0,"0.278","0.451","0.309",50
"VanWey, Logan",701121,"HOU","SI","Sinker",-17.5,-3,"15",8.2,"6","0.6","1.4","0.808",0,0,0,"0.355","0.654","0.463",80
"Moll, Sam",594580,"CIN","CH","Changeup",1.7,1,"36",10.8,"6","0","0","0.15",47.1,33.3,22.2,"0.186","0.479","0.276",50
"Mena, Cristian",691441,"AZ","FF","4-Seam Fastball",3.1,1,"29",29,"6","0.2","0.2","0.267",0,0,0,"0.417","0.469","0.44",40
"Hernandez, Nick",663321,"HOU","FS","Split-Finger",-6.8,-2,"25",11.3,"6","0.2","0.8","0.45",71.4,66.7,30.8,"0.078","0.296","0.242",100
"Veneziano, Anthony",685107,"STL","CH","Changeup",-3.2,-1,"34",7.1,"6","0.4","0.4","0.417",22.2,16.7,11.1,"0.492","0.578","0.507",50
"Cosgrove, Tom",676680,"CHC","SI","Sinker",4.4,1,"21",32.8,"6","0.2","0.2","0.267",21.4,16.7,25,"0.14","0.151","0.225",25
"Marinaccio, Ron",676760,"SD","ST","Sweeper",4.7,1,"18",11,"6","0","0","0.117",45.5,33.3,20,"0.168","0.505","0.346",66.7
"Pintaro, Jonathan",702752,"NYM","FC","Cutter",-4,-1,"21",72.4,"6","0.5","0.5","0.533",27.3,16.7,14.3,"0.409","0.484","0.494",66.7
"Henry, Tommy",674072,"AZ","SL","Slider",-7.8,-2,"23",21.5,"6","0.4","1","0.6",8.3,0,0,"0.428","0.843","0.564",80
"Nelson, Kyle",669459,"AZ","FF","4-Seam Fastball",3.1,1,"19",43.2,"6","0","0","0.233",0,16.7,50,"0.016","0.033","0.247",0
"Fedde, Erick",607200,"MIL","FF","4-Seam Fastball",2.9,1,"21",0.9,"6","0","0","0.117",18.2,33.3,12.5,"0.086","0.09","0.182",33.3
"Thompson, Zach",605507,"ATL","FF","4-Seam Fastball",7.1,2,"24",40,"6","0","0","0",6.7,16.7,10,"0.173","0.212","0.17",20
"Hartlieb, Geoff",664129,"DET","FF","4-Seam Fastball",-2.6,-1,"26",23.9,"6","0.333","0.333","0.5",7.7,16.7,12.5,"0.472","0.52","0.568",0
"Rangel, Alan",660604,"PHI","SL","Slider",-3.5,-1,"33",19,"6","0.333","1","0.542",30,16.7,11.1,"0.285","0.657","0.387",20
"Assad, Javier",665871,"CHC","CH","Changeup",-2.3,-1,"24",4.2,"6","0.333","0.667","0.417",27.3,33.3,16.7,"0.353","0.426","0.339",25
"White, Owen",669391,"CWS","FC","Cutter",-1.3,0,"26",21.8,"6","0.4","0.6","0.475",20,0,0,"0.481","0.756","0.557",80
"Otañez, Michel",671305,"ATH","SL","Slider",-2.7,-1,"43",35.5,"6","0.4","0.4","0.417",50,33.3,20,"0.371","0.398","0.403",0
"Tonkin, Michael",543859,"MIN","SI","Sinker",-1.7,-1,"32",8.1,"6","0.2","0.8","0.45",0,0,0,"0.322","1.039","0.582",40
"Winn, Keaton",676775,"SF","FF","4-Seam Fastball",0.2,0,"43",26.1,"6","0.333","0.333","0.3",36.4,33.3,12.5,"0.138","0.165","0.135",0
"Tonkin, Michael",543859,"MIN","ST","Sweeper",3.4,1,"36",9.1,"6","0","0","0.117",23.1,16.7,25,"0.23","0.252","0.292",50
"Corniell, Jose",692030,"TEX","FF","4-Seam Fastball",2.2,0,"20",48.8,"6","0.167","0.667","0.333",31.3,16.7,11.1,"0.224","0.703","0.379",60
"Montes De Oca, Christian",801216,"AZ","FF","4-Seam Fastball",5.8,1,"16",34.8,"6","0","0","0.117",37.5,33.3,33.3,"0.071","0.076","0.172",0
"Robertson, David",502085,"PHI","SL","Slider",-6.6,-2,"30",9.9,"6","0.667","1.667","0.967",46.2,16.7,33.3,"0.61","1.541","0.894",40
"Edwards Jr., Carl",605218,"TEX","CU","Curveball",4.5,1,"31",34.4,"6","0","0","0",41.7,33.3,40,"0.084","0.132","0.095",25
"Adcock, Ty",686654,"NYM","SL","Slider",-5.9,-1,"25",30.5,"6","0.167","0.667","0.333",30.8,33.3,14.3,"0.069","0.266","0.137",25
"Castro, Miguel",612434,"CWS","SL","Slider",-1.4,0,"30",28.6,"6","0.333","0.5","0.358",33.3,33.3,25,"0.116","0.157","0.118",25
"Johnson, Ryan",696270,"LAA","SL","Slider",-10.4,-2,"16",5.8,"6","0.333","0.833","0.483",25,0,,"0.32","0.685","0.424",33.3
"Alexander, Scott",518397,"SF","CH","Changeup",0.4,0,"44",14.1,"6","0.167","0.333","0.208",43.8,16.7,5.6,"0.382","0.42","0.353",40
"Neris, Héctor",593576,"HOU","CH","Changeup",-3.2,-1,"31",5.7,"6","0.4","0.4","0.417",33.3,33.3,40,"0.261","0.346","0.335",66.7
"Horn, Bailey",690544,"DET","FC","Cutter",2.2,1,"34",15.2,"6","0","0","0.117",15.4,0,0,"0.257","0.406","0.351",40
"Graceffo, Gordon",700669,"STL","CH","Changeup",-7.7,-2,"20",2.6,"6","0.5","1.167","0.683",0,0,0,"0.504","1.016","0.631",33.3
"Dana, Caden",702674,"LAA","CU","Curveball",-2.4,-1,"45",8,"6","0.2","0.8","0.333",57.1,50,21.4,"0.11","0.399","0.176",33.3
"Joyce, Ben",690829,"LAA","SI","Sinker",2.6,1,"32",45.7,"6","0.167","0.167","0.15",33.3,0,0,"0.206","0.235","0.196",0
"Turnbull, Spencer",605513,"TOR","ST","Sweeper",-1.7,0,"28",22.4,"6","0.4","0.4","0.417",36.4,0,0,"0.438","0.535","0.47",40
"Murphy, Chris",669684,"BOS","SI","Sinker",0,0,"28",4.9,"6","0.5","0.5","0.533",30.8,0,0,"0.369","0.424","0.462",50
"Gasser, Robert",688107,"MIL","FF","4-Seam Fastball",2.7,1,"27",26.5,"6","0.167","0.167","0.15",27.3,33.3,22.2,"0.093","0.123","0.093",25
"Hartlieb, Geoff",664129,"DET","SI","Sinker",-8.6,-1,"16",14.7,"6","0.6","1","0.683",14.3,0,0,"0.544","1.026","0.664",80
"Tarnok, Freddy",676206,"MIA","CH","Changeup",0.9,0,"32",24.6,"6","0","0","0.117",28.6,66.7,40,"0.002","0.002","0.118",0
"Morgan, Eli",669212,"CHC","SL","Slider",0.3,0,"38",28.8,"6","0.333","0.5","0.358",43.8,16.7,12.5,"0.264","0.486","0.317",40
"Ober, Bailey",641927,"MIN","CU","Curveball",-4.7,-4,"83",3.5,"6","0.667","2","1.083",30.4,16.7,16.7,"0.345","0.962","0.538",40
"Stephenson, Robert",596112,"LAA","FF","4-Seam Fastball",-1.9,0,"23",15.6,"6","0.4","0.6","0.475",28.6,16.7,14.3,"0.35","0.426","0.4",25
"Toussaint, Touki",657053,"LAA","FS","Split-Finger",-5.5,0,"9",24.3,"6","0.4","0.4","0.417",28.6,33.3,33.3,"0.237","0.257","0.298",0
"Castaño, Blas",680604,"SEA","FC","Cutter",5,1,"20",40,"6","0.2","0.2","0.267",0,0,,"0.286","0.563","0.414",20
"Martinez, Seth",661527,"MIA","FC","Cutter",4.4,1,"20",16.7,"6","0","0","0.117",33.3,33.3,33.3,"0.219","0.472","0.356",66.7
"Weathers, Ryan",677960,"MIA","SL","Slider",6.4,1,"23",3.6,"6","0","0","0",33.3,33.3,16.7,"0.181","0.217","0.169",25
"Stroman, Marcus",573186,"NYY","FF","4-Seam Fastball",0.7,0,"30",4.3,"6","0.2","0.4","0.325",30,33.3,18.2,"0.192","0.248","0.27",33.3
"Castillo, Luis F.",622379,"SEA","CH","Changeup",-2.8,-1,"22",13.1,"6","0.333","0.333","0.45",33.3,0,0,"0.257","0.311","0.242",33.3
"Piña, Robinson",673820,"TOR","SI","Sinker",-3.9,-1,"26",42.6,"6","0.5","0.667","0.508",18.2,16.7,33.3,"0.478","0.582","0.464",60
"Otañez, Michel",671305,"ATH","SI","Sinker",-1.3,0,"27",22.3,"6","0.4","0.6","0.475",33.3,0,0,"0.226","0.259","0.294",60
"Alvarado, Elvis",665660,"ATH","CH","Changeup",-3.4,-1,"31",4.1,"6","0.4","0.6","0.475",8.3,0,0,"0.255","0.303","0.319",40
"Flaherty, Jack",656427,"DET","SI","Sinker",-2.6,-1,"45",1.6,"6","0.2","0.8","0.45",27.8,0,0,"0.387","1.034","0.601",40
"Pop, Zach",647315,"NYM","FC","Cutter",-12.1,-3,"26",20.5,"6","0.667","1.833","1.025",25,16.7,20,"0.608","1.608","0.916",80
"Zeferjahn, Ryan",666171,"LAA","SV","Slurve",6.2,2,"25",2.4,"6","0","0","0",57.1,50,33.3,"0.15","0.198","0.152",66.7
"Melton, Troy",675512,"DET","CU","Curveball",-0.3,0,"35",5.3,"6","0.4","0.4","0.3",15.4,16.7,10,"0.244","0.317","0.261",40
"Backhus, Kyle",679775,"AZ","CH","Changeup",-1.1,0,"41",9.5,"6","0.333","0.333","0.3",46.7,33.3,20,"0.365","0.716","0.459",25
"Petty, Chase",695534,"CIN","CH","Changeup",-6.6,-1,"20",11.8,"6","0.5","1.167","0.692",46.2,16.7,25,"0.276","0.809","0.446",40
"Wrobleski, Justin",680736,"LAD","CH","Changeup",-0.5,0,"36",3.3,"6","0.167","0.167","0.15",20,16.7,6.3,"0.307","0.365","0.295",40
"Ohtani, Shohei",660271,"LAD","FS","Split-Finger",-0.1,0,"35",4.6,"6","0.167","0.167","0.15",30,16.7,6.3,"0.25","0.318","0.251",20
"Ohl, Pierson",701487,"MIN","CU","Curveball",-0.4,0,"32",5.9,"6","0.167","0.167","0.3",20,33.3,22.2,"0.173","0.281","0.197",50
"Suarez, José",660761,"ATL","SI","Sinker",5.5,1,"20",6.8,"6","0.167","0.167","0.15",22.2,0,,"0.281","0.348","0.279",66.7
"Enright, Nic",663671,"CLE","CU","Curveball",-1.7,-1,"43",8.1,"6","0.2","0.4","0.325",33.3,50,15.8,"0.163","0.518","0.349",50
"Henriquez, Edgardo",683618,"LAD","CU","Curveball",2.3,1,"30",10.8,"6","0.2","0.2","0.15",22.2,33.3,18.2,"0.129","0.189","0.218",75
"Ellard, Fraser",686642,"CWS","CH","Changeup",0.2,0,"24",7.3,"6","0.2","0.2","0.267",60,66.7,44.4,"0.112","0.122","0.201",0
"Warren, Austin",681810,"NYM","FC","Cutter",5,1,"25",17.1,"6","0","0","0",25,33.3,40,"0.157","0.247","0.173",25
"Selby, Colin",681882,"BAL","SL","Slider",1.2,0,"36",16.8,"6","0.167","0.167","0.15",52.6,33.3,15.4,"0.195","0.547","0.304",50
"Phillips, Evan",623465,"LAD","FF","4-Seam Fastball",-1,0,"29",31.5,"6","0.4","0.4","0.417",33.3,16.7,16.7,"0.19","0.218","0.261",75
"Leiter Jr., Mark",643410,"NYY","FC","Cutter",-0.8,0,"25",3,"6","0.5","0.75","0.592",16.7,0,0,"0.368","1.05","0.622",50
"Roa, Christian",685005,"MIA","FF","4-Seam Fastball",0.5,0,"9",22,"6","0.2","0.4","0.325",50,50,60,"0.326","0.358","0.367",50
"Miller, Bobby",676272,"LAD","FF","4-Seam Fastball",-5.3,-2,"31",26.7,"6","0.6","1.2","0.75",6.7,33.3,22.2,"0.365","0.723","0.497",66.7
"McCaughan, Darren",670766,"MIN","ST","Sweeper",1.8,1,"36",41.9,"6","0.167","0.167","0.15",38.9,33.3,14.3,"0.243","0.335","0.251",25
"Campbell, Isaiah",663462,"BOS","FF","4-Seam Fastball",-7.5,-2,"20",18.3,"6","0.667","0.667","0.6",20,16.7,12.5,"0.418","0.476","0.393",40
"McCaughan, Darren",670766,"MIN","SI","Sinker",-5.9,-1,"20",23.3,"6","0.667","0.833","0.658",0,33.3,25,"0.384","0.65","0.442",75
"Henry, Tommy",674072,"AZ","FF","4-Seam Fastball",-3.6,-1,"27",25.2,"6","0.4","1","0.58",33.3,50,42.9,"0.315","0.887","0.495",66.7
"Ottavino, Adam",493603,"NYY","SI","Sinker",-1.4,0,"15",35.7,"6","0","0","0.35",50,33.3,40,"0.138","0.17","0.419",0
"Misiewicz, Anthony",664948,"MIN","CU","Curveball",-6.3,-1,"20",17.4,"6","0.25","1","0.567",50,33.3,25,"0.26","0.692","0.494",50
"Turnbull, Spencer",605513,"TOR","CU","Curveball",5.3,1,"19",15.2,"6","0.167","0.167","0.15",30,33.3,25,"0.067","0.074","0.062",0
"Tinoco, Jesus",622786,"MIA","FF","4-Seam Fastball",2.7,1,"31",10.2,"5","0.2","0.2","0.18",9.1,20,10,"0.155","0.193","0.148",50
"Tarnok, Freddy",676206,"MIA","CU","Curveball",1.6,0,"23",17.7,"5","0","0","0.18",0,20,11.1,"0.276","0.299","0.256",50
"De León, José",592254,"BOS","SL","Slider",-7.6,-1,"16",15.8,"5","0.6","1.2","0.76",0,0,0,"0.323","0.607","0.39",40
"Kershaw, Clayton",477132,"LAD","SI","Sinker",-11.2,-1,"9",0.5,"5","0.4","0.8","0.5",0,40,40,"0.24","0.384","0.267",33.3
"Guerrero, Luis",692285,"BOS","CH","Changeup",1.1,0,"14",4.9,"5","0.2","0.2","0.18",18.2,0,0,"0.275","0.408","0.294",20
"Alvarez, Andrew",674841,"WSH","CH","Changeup",-1,0,"22",5.3,"5","0.2","0.2","0.36",25,0,0,"0.309","0.343","0.286",40
"Bolton, Cody",675989,"CLE","ST","Sweeper",-2.3,0,"15",37.5,"5","0.4","0.6","0.43",20,20,12.5,"0.314","0.599","0.384",50
"Harvey, Hunter",640451,"KC","SL","Slider",-0.4,0,"28",16.8,"5","0.4","0.4","0.36",53.8,20,10,"0.348","0.405","0.326",50
"Hill, Rich",448179,"KC","SI","Sinker",0.1,0,"11",6.4,"5","0.2","0.4","0.25",0,40,33.3,"0.12","0.178","0.124",33.3
"Alvarez, Andrew",674841,"WSH","SI","Sinker",1.9,0,"19",4.6,"5","0.25","0.25","0.32",0,20,50,"0.271","0.297","0.343",0
"Hendriks, Liam",521230,"BOS","CU","Curveball",-0.2,0,"27",11.7,"5","0","0","0.14",33.3,60,30,"0.012","0.013","0.15",0
"Abel, Mick",690953,"MIN","ST","Sweeper",1.1,0,"22",3.1,"5","0.2","0.2","0.18",41.7,40,15.4,"0.228","0.313","0.237",33.3
"Wilson, Will",669717,"CLE","CH","Changeup",3.2,0,"9",34.6,"5","0.2","0.4","0.25",0,0,0,"0.358","0.598","0.403",40
"Henriquez, Ronny",678692,"MIA","SI","Sinker",-1.5,0,"25",2.2,"5","0.25","0.5","0.39",0,0,,"0.347","0.526","0.436",25
"Zuber, Tyler",676604,"MIA","CH","Changeup",-3.1,-1,"17",6.9,"5","0.4","0.6","0.43",12.5,0,0,"0.169","0.204","0.164",20
"Zuber, Tyler",676604,"MIA","SI","Sinker",0.5,0,"30",12.2,"5","0.25","0.25","0.32",14.3,40,28.6,"0.235","0.248","0.311",0
"Campbell, Isaiah",663462,"BOS","SI","Sinker",4.8,1,"11",10.1,"5","0","0","0.14",16.7,20,50,"0.264","0.301","0.339",33.3
"Dubin, Shawn",681869,"BAL","FC","Cutter",-9.6,-2,"20",3.6,"5","0.6","1.4","0.83",11.1,0,0,"0.453","1.093","0.644",60
"Houck, Tanner",656557,"BOS","FF","4-Seam Fastball",-8.4,-4,"44",5.9,"5","0.6","1.4","0.83",12.5,20,5.9,"0.331","0.621","0.402",50
"Raquet, Nick",675919,"STL","ST","Sweeper",4.5,1,"13",48.1,"5","0","0","0.14",20,20,16.7,"0.051","0.074","0.184",0
"Dobnak, Randy",677976,"MIN","CH","Changeup",6.9,1,"19",24.1,"5","0","0","0",22.2,0,0,"0.175","0.261","0.186",20
"Zulueta, Yosver",691172,"CIN","FF","4-Seam Fastball",4.8,1,"26",18.6,"5","0","0","0",20,40,22.2,"0.027","0.032","0.028",0
"McDonald, Trevor",686790,"SF","CH","Changeup",-3.3,0,"12",5.7,"5","0.4","0.4","0.36",12.5,0,0,"0.325","0.361","0.302",0
"Avila, Luinder",679883,"KC","SL","Slider",0.2,0,"25",11.5,"5","0","0","0.28",100,60,42.9,,,"0.28",
"Sanmartin, Reiver",665665,"CIN","CH","Changeup",-4.8,-1,"12",48,"5","0.4","0.6","0.43",16.7,20,33.3,"0.293","0.51","0.338",50
"Mercado, Michael",675650,"PHI","FC","Cutter",1,0,"21",24.7,"5","0.25","0.25","0.32",18.2,20,12.5,"0.307","0.394","0.384",100
"Sandridge, Jayvien",682144,"NYY","SL","Slider",-3.1,0,"13",41.9,"5","0","0","0.42",66.7,40,33.3,,,"0.42",
"Loáisiga, Jonathan",642528,"NYY","FC","Cutter",4.1,1,"18",3.9,"5","0","0","0.14",25,0,0,"0.216","0.253","0.306",50
"Rooney, John",680701,"HOU","ST","Sweeper",-10.8,-2,"14",60.9,"5","0.2","0.8","0.4",42.9,40,66.7,"0.208","0.625","0.345",33.3
"Darnell, Dugan",699911,"COL","SL","Slider",-4.4,-2,"38",20.4,"5","0.4","1","0.58",33.3,0,0,"0.362","0.526","0.386",20
"Blackburn, Paul",621112,"NYY","FF","4-Seam Fastball",1,0,"26",3.9,"5","0","0","0.28",50,40,20,"0.103","0.104","0.336",100
"Turnbull, Spencer",605513,"TOR","CH","Changeup",-3.8,-1,"14",11.2,"5","0.4","0.4","0.36",12.5,20,16.7,"0.23","0.238","0.208",50
"Curry, Xzavion",675540,"MIA","SL","Slider",-1.4,0,"21",37.5,"5","0.2","0.2","0.36",0,0,0,"0.27","0.61","0.365",60
"Tolle, Payton",801139,"BOS","FC","Cutter",-3.8,-2,"42",13.8,"5","0.5","1.25","0.72",33.3,20,50,"0.206","0.597","0.404",100
"Vodnik, Victor",680767,"COL","FC","Cutter",-0.8,0,"46",5,"5","0.4","0.8","0.5",35.7,0,0,"0.318","0.626","0.394",40
"Robert, Daniel",642016,"PHI","SI","Sinker",2.5,1,"23",9,"5","0.2","0.2","0.18",36.4,20,25,"0.279","0.35","0.275",25
"Weathers, Ryan",677960,"MIA","SI","Sinker",1.4,0,"20",3.1,"5","0.4","0.4","0.36",11.1,0,0,"0.532","0.597","0.501",20
"Arias, Luarbert",678215,"MIA","SI","Sinker",-1.1,0,"19",9.2,"5","0.4","0.4","0.36",20,0,,"0.399","0.479","0.384",0
"Cano, Yennier",666974,"BAL","FC","Cutter",2.9,1,"28",2.8,"5","0.2","0.2","0.18",9.1,20,16.7,"0.227","0.266","0.214",25
"Porter, Logan",682515,"SF","SL","Slider",-7.9,-1,"14",93.3,"5","0.4","1","0.58",28.6,0,,"0.473","0.824","0.548",60
"Gómez, Yoendrys",672782,"CWS","SL","Slider",4.2,1,"15",1.4,"5","0.2","0.2","0.18",25,20,25,"0.237","0.363","0.26",25
"García, Yimi",554340,"TOR","CH","Changeup",-1.7,0,"20",5.6,"5","0.25","0.5","0.39",27.3,20,11.1,"0.361","0.431","0.416",0
"Romero, JoJo",668941,"STL","SV","Slurve",-1.2,0,"13",1.3,"5","0.25","0.25","0.32",60,60,30,"0.071","0.072","0.193",0
"Lovelady, Richard",663992,"NYM","FF","4-Seam Fastball",-6.1,-2,"28",12.7,"5","0.5","1.5","0.79",20,20,7.1,"0.41","1.135","0.649",100
"McDermott, Chayce",694646,"BAL","FC","Cutter",-7.4,-2,"21",10.8,"5","1","1","0.64",16.7,0,0,"0.797","0.91","0.773",66.7
"Wells, Tyler",669330,"BAL","CU","Curveball",-1.4,0,"30",8.8,"5","0.4","0.4","0.45",10,0,0,"0.421","0.47","0.389",40
"France, J.P.",641585,"HOU","FF","4-Seam Fastball",1,0,"27",35.5,"5","0.25","0.25","0.32",25,20,12.5,"0.287","0.351","0.362",100
"Bruihl, Justin",677865,"TOR","FC","Cutter",-4.6,-1,"16",7.3,"5","0.333","0.333","0.46",22.2,40,28.6,"0.247","0.267","0.414",0
"Winckowski, Josh",670174,"BOS","SL","Slider",-5.6,-1,"19",9.2,"5","0.6","0.6","0.54",22.2,20,11.1,"0.277","0.474","0.322",75
"Estes, Joey",683155,"ATH","SI","Sinker",0.9,0,"21",11.3,"5","0.4","0.4","0.36",10,0,,"0.419","0.474","0.39",20
"Fulmer, Carson",608334,"LAA","CU","Curveball",-5.6,-2,"28",6.1,"5","0.4","1","0.58",10,0,0,"0.475","0.995","0.614",40
"Basso, Brady",669620,"ATH","CH","Changeup",-6.2,-1,"20",9.7,"5","0.6","0.6","0.54",12.5,0,0,"0.522","0.58","0.485",20
"Harris, Hogan",663687,"ATH","FC","Cutter",-4.2,-1,"29",2.6,"5","0.6","0.6","0.54",0,0,0,"0.44","0.498","0.408",20
"Headrick, Brent",687396,"NYY","FS","Split-Finger",0.2,0,"39",10.7,"5","0.2","0.2","0.18",23.5,20,5.9,"0.249","0.27","0.231",25
"Green, Chad",643338,"TOR","SI","Sinker",-10.5,-2,"16",2.3,"5","0.8","0.8","0.72",0,0,,"0.58","0.692","0.557",40
"Tarnok, Freddy",676206,"MIA","SL","Slider",2.6,1,"22",16.9,"5","0","0","0.14",28.6,40,33.3,"0.155","0.314","0.299",50
"Contreras, Roansy",672710,"COL","SI","Sinker",-0.1,0,"22",11.2,"5","0.25","0.25","0.32",0,0,0,"0.119","0.148","0.231",0
"Winans, Allan",642216,"NYY","FF","4-Seam Fastball",-6.5,-2,"25",14.6,"5","0.5","1.25","0.71",0,0,0,"0.25","0.675","0.444",25
"Jameson, Drey",686753,"AZ","FF","4-Seam Fastball",-20.3,-2,"10",18.9,"5","0.75","1.25","0.82",0,0,0,"0.696","0.883","0.692",50
"Hader, Josh",623352,"HOU","CH","Changeup",2.5,1,"37",4.4,"5","0","0","0",40,20,5.9,"0.208","0.285","0.21",50
"Contreras, Luis",664351,"HOU","ST","Sweeper",0.5,0,"27",12.1,"5","0","0","0.14",36.4,20,12.5,"0.144","0.395","0.315",33.3
"Bowden, Ben",641386,"ATH","CH","Changeup",-2.3,-1,"22",11.8,"5","0.4","0.6","0.43",16.7,0,0,"0.396","0.698","0.464",40
"Woodruff, Brandon",605540,"MIL","CU","Curveball",-1.3,0,"36",3.7,"5","0.4","0.4","0.36",25,20,16.7,"0.409","0.463","0.384",0
"Hudson, Bryan",663542,"CWS","SI","Sinker",-8.8,-2,"24",7.5,"5","0.4","0.8","0.68",0,0,0,"0.429","0.504","0.4",60
"Dodd, Dylan",689266,"ATL","SL","Slider",-3.3,-1,"45",8.4,"5","0.4","0.4","0.36",23.1,20,3.3,"0.179","0.225","0.177",0
"Cosgrove, Tom",676680,"CHC","ST","Sweeper",1.9,1,"27",42.2,"5","0.2","0.2","0.18",8.3,0,0,"0.205","0.239","0.195",0
"Darrell-Hicks, Michael",690382,"PIT","ST","Sweeper",-0.4,0,"30",19,"5","0.25","0.25","0.18",46.2,40,12.5,"0.213","0.268","0.354",33.3
"Stroman, Marcus",573186,"NYY","CU","Curveball",-4.4,-2,"35",5,"5","0.6","0.8","0.61",29.4,0,0,"0.504","0.689","0.518",40
"Lawrence, Justin",664875,"PIT","FF","4-Seam Fastball",-0.2,0,"25",9.3,"5","0.25","0.5","0.39",23.1,20,10,"0.427","1.57","0.788",100
"Ramírez, Yohan",670990,"PIT","SL","Slider",0.2,0,"23",3.8,"5","0.25","0.25","0.32",30.8,40,28.6,"0.182","0.199","0.277",50
"Henry, Tommy",674072,"AZ","CH","Changeup",-0.4,0,"25",23.4,"5","0.2","0.2","0.18",45.5,40,40,"0.316","0.396","0.306",66.7
"Cosgrove, Tom",676680,"CHC","FF","4-Seam Fastball",0,0,"16",25,"5","0.2","0.2","0.18",30,40,33.3,"0.152","0.175","0.145",0
"Jarvis, Bryce",686826,"AZ","FC","Cutter",-4.7,-1,"16",3.9,"5","0.4","0.8","0.5",0,0,0,"0.292","0.64","0.387",60
"Suarez, José",660761,"ATL","ST","Sweeper",16.7,1,"5",1.7,"5","0","0","0",60,60,60,"0.063","0.221","0.102",50
"Henderson, Logan",701656,"MIL","FC","Cutter",3.9,1,"32",7.8,"5","0","0","0",27.8,20,25,"0.176","0.508","0.282",25
"Martin, Chris",455119,"TEX","ST","Sweeper",2.8,0,"12",1.9,"5","0.2","0.2","0.18",0,0,0,"0.266","0.292","0.244",20
"Brebbia, John",605154,"ATL","CH","Changeup",-2.9,-1,"31",6.8,"5","0.4","0.4","0.36",0,0,0,"0.29","0.331","0.271",40
"Owens, Tyler",687074,"DET","FC","Cutter",-3.7,-1,"18",27.3,"5","0.5","0.5","0.6",40,0,0,"0.528","0.651","0.624",50
"Mears, Nick",683232,"MIL","CU","Curveball",-3.3,-1,"35",4.1,"5","0.25","1","0.4",14.3,0,0,"0.415","1.028","0.55",60
"Curvelo, Luis",681168,"TEX","CH","Changeup",4.8,1,"18",5.5,"5","0","0","0",33.3,40,33.3,"0.038","0.088","0.052",33.3
"Jax, Griffin",643377,"TB","FC","Cutter",-0.5,0,"44",4,"5","0.4","0.8","0.5",28.6,0,0,"0.285","0.312","0.266",0
"Waldron, Matt",663362,"SD","SI","Sinker",-9.8,-1,"9",8.7,"5","0.75","0.75","0.68",0,0,0,"0.517","0.619","0.541",50
"Pérez, Martín",527048,"CWS","FF","4-Seam Fastball",1.4,0,"32",3.5,"5","0.2","0.4","0.25",8.3,20,11.1,"0.247","0.457","0.295",75
"Thornton, Trent",663423,"SEA","CH","Changeup",12.4,1,"9",1.4,"5","0","0","0",16.7,20,33.3,"0.054","0.104","0.065",25
"Brieske, Beau",689225,"DET","SL","Slider",-1.5,-1,"41",10.1,"5","0.2","0.2","0.18",44.4,20,7.1,"0.273","0.316","0.265",75
"Wicks, Jordan",696136,"CHC","SL","Slider",-4.6,-1,"28",12.9,"5","0.4","1.2","0.65",28.6,0,0,"0.33","0.656","0.408",60
"Saucedo, Tayler",642048,"SEA","ST","Sweeper",1.5,0,"34",14.7,"5","0","0","0",30,60,15.8,"0.025","0.056","0.034",0
"Taylor, Troy",700187,"SEA","SI","Sinker",-7.1,-1,"19",14,"5","0.667","0.667","0.64",42.9,0,0,"0.477","0.572","0.557",0
"Kikuchi, Yusei",579328,"LAA","SI","Sinker",0.8,0,"34",1.1,"5","0.2","0.2","0.18",14.3,20,14.3,"0.192","0.223","0.184",50
"Whitley, Forrest",666215,"TB","SV","Slurve",-4.3,-1,"24",9.4,"5","0.4","0.6","0.43",14.3,40,16.7,"0.298","0.829","0.463",66.7
"Mederos, Victor",682989,"LAA","CH","Changeup",-26.3,-3,"12",3.8,"5","0.4","1.6","0.8",20,20,33.3,"0.335","1.02","0.556",50
"Lawrence, Casey",596271,"SEA","SL","Slider",4.8,1,"13",4.7,"5","0.2","0.2","0.18",37.5,20,50,"0.257","0.696","0.39",75
"Thornton, Trent",663423,"SEA","SI","Sinker",-8.3,-1,"16",2.4,"5","0.5","1.25","0.72",25,0,0,"0.563","1.496","0.82",75
"Seymour, Ian",693855,"TB","SL","Slider",1.6,0,"26",2.6,"5","0.2","0.2","0.18",41.7,40,16.7,"0.195","0.224","0.184",0
"Kent, Zak",687849,"CLE","SI","Sinker",2.7,0,"17",5.5,"5","0","0","0.28",20,20,33.3,"0.09","0.09","0.33",50
"Wiles, Nathan",686249,"ATL","FF","4-Seam Fastball",-17.5,-2,"9",37.5,"5","0.75","1","0.61",16.7,20,50,"0.468","0.591","0.374",25
"Clevinger, Mike",605182,"CWS","ST","Sweeper",2.2,0,"22",19.3,"5","0","0","0.14",11.1,0,0,"0.11","0.158","0.232",25
"Granillo, Andre",701552,"STL","CH","Changeup",3,1,"20",5.5,"4","0","0","0",50,50,33.3,"0.17","0.182","0.12",50
"Graceffo, Gordon",700669,"STL","SI","Sinker",-3.7,0,"11",1.5,"4","0","0","0.35",0,0,,"0.229","0.231","0.455",50
"Gage, Matt",657424,"SF","ST","Sweeper",-4.4,-1,"18",3.4,"4","0.5","0.5","0.45",12.5,0,0,"0.321","0.344","0.297",0
"Acton, Garrett",670183,"TB","FF","4-Seam Fastball",-0.3,0,"17",81,"4","0","0","0.35",0,0,0,"0.014","0.02","0.358",50
"Rasmussen, Drew",656876,"TB","CH","Changeup",0.1,0,"28",1.2,"4","0","0","0",33.3,50,8,"0.029","0.035","0.029",0
"Van Belle, Brian",687003,"TB","SL","Slider",-2.2,0,"11",8.5,"4","0.25","1","0.5",14.3,0,0,"0.335","0.921","0.518",50
"Castillo, Luis F.",622379,"SEA","SI","Sinker",-3.8,-1,"27",16.1,"4","0.75","0.75","0.675",10,0,0,"0.535","0.679","0.53",50
"Rasmussen, Drew",656876,"TB","SL","Slider",2.2,0,"5",0.2,"4","0.25","0.25","0.225",0,25,20,"0.236","0.453","0.287",66.7
"Cleavinger, Garrett",664076,"TB","FC","Cutter",-3.3,0,"15",1.7,"4","0.333","1.333","0.675",40,25,100,"0.263","0.49","0.411",50
"Wilcox, Cole",677961,"TB","SI","Sinker",-10.7,-1,"14",35.9,"4","0.667","0.667","0.85",0,0,0,"0.432","0.509","0.481",66.7
"Gilbert, Logan",669302,"SEA","SI","Sinker",-5.7,-1,"21",1,"4","0.75","1","0.763",18.2,25,33.3,"0.46","0.547","0.436",100
"Van Belle, Brian",687003,"TB","ST","Sweeper",-4.2,-1,"19",14.7,"4","0.5","0.75","0.538",57.1,25,16.7,"0.268","0.441","0.301",66.7
"Bigge, Hunter",685801,"TB","SI","Sinker",-9.6,-1,"9",4,"4","0.333","1.333","0.675",16.7,0,0,"0.376","0.907","0.565",66.7
"Cruz, Omar",678316,"SD","CH","Changeup",-3.3,-1,"21",25.9,"4","0.5","1","0.663",55.6,0,0,"0.264","0.455","0.497",50
"Gillaspie, Logan",670810,"SD","CU","Curveball",1.4,0,"12",10.7,"4","0.25","0.25","0.225",0,25,25,"0.168","0.342","0.207",100
"Coulombe, Danny",543056,"TEX","CU","Curveball",-3.4,-1,"20",2.8,"4","0.25","0.5","0.313",22.2,0,0,"0.534","0.57","0.49",50
"Chandler, Bubba",696149,"PIT","CU","Curveball",-2.4,-1,"28",6.1,"4","0.5","0.5","0.45",9.1,0,0,"0.208","0.241","0.196",25
"Barco, Hunter",682995,"PIT","FS","Split-Finger",2.2,0,"13",28.3,"4","0.25","0.25","0.225",42.9,50,40,"0.077","0.091","0.069",50
"Zimmermann, Bruce",669145,"MIL","FC","Cutter",-33.5,-2,"6",6.6,"4","0.333","1.333","0.533",0,0,0,"0.067","0.183","0.3",33.3
"Krook, Matt",640454,"ATH","SI","Sinker",0.2,0,"23",32.4,"4","0.333","0.667","0.417",11.1,0,0,"0.41","0.881","0.544",50
"Edwards Jr., Carl",605218,"TEX","CH","Changeup",-4.6,-1,"13",14.4,"4","0.25","1","0.5",50,25,33.3,"0.278","0.772","0.432",33.3
"Leclerc, José",600917,"ATH","FC","Cutter",-8.4,-3,"32",14,"4","0.5","1.25","0.725",38.5,0,0,"0.442","1.025","0.608",50
"Estes, Joey",683155,"ATH","CH","Changeup",2,0,"17",9.1,"4","0.25","0.25","0.225",10,0,0,"0.203","0.233","0.193",25
"Duran, Carlos",679922,"ATH","FF","4-Seam Fastball",-8.7,-1,"12",44.4,"4","1","1","0.75",0,0,0,"0.643","0.774","0.68",0
"Kelly, Michael",547184,"ATH","SI","Sinker",2.1,1,"30",4.6,"4","0","0","0",8.3,0,0,"0.256","0.886","0.465",25
"Perdomo, Angel",622780,"ATH","SL","Slider",-0.1,0,"21",29.2,"4","0","0","0.35",16.7,0,0,"0.273","0.307","0.475",50
"Scherzer, Max",453286,"TOR","FC","Cutter",-1.2,0,"24",1.7,"4","0.25","0.5","0.313",10,0,0,"0.2","0.25","0.193",0
"Piña, Robinson",673820,"TOR","FS","Split-Finger",-12.4,-2,"14",23,"4","0.25","1","0.725",28.6,0,0,"0.294","0.982","0.524",25
"Garza, Justin",621057,"NYM","CU","Curveball",-8.9,-1,"8",9.3,"4","0.5","0.75","0.538",0,0,0,"0.533","1.125","0.698",75
"Turnbull, Spencer",605513,"TOR","SI","Sinker",-7.5,-1,"8",6.4,"4","0.5","0.75","0.538",0,0,0,"0.166","0.312","0.205",50
"Adcock, Ty",686654,"NYM","FF","4-Seam Fastball",1.1,0,"34",41.5,"4","0","0","0.175",16.7,50,11.1,"0.059","0.16","0.241",0
"Carrillo, Alex",692024,"NYM","FS","Split-Finger",3.7,1,"22",26.2,"4","0","0","0",66.7,75,37.5,"0.011","0.012","0.01",0
"Megill, Tylor",656731,"NYM","ST","Sweeper",2.5,0,"13",1.1,"4","0","0","0.175",33.3,25,25,"0.064","0.08","0.219",0
"Lovelady, Richard",663992,"NYM","SL","Slider",5.2,1,"24",10.9,"4","0","0","0",26.7,50,28.6,"0.046","0.047","0.043",0
"McCaughan, Darren",670766,"MIN","CH","Changeup",9.5,1,"10",11.6,"4","0","0","0",28.6,0,0,"0.208","0.231","0.197",0
"Laweryson, Cody",689520,"MIN","FC","Cutter",6.8,1,"10",10.8,"4","0","0","0",28.6,25,20,"0.081","0.1","0.221",0
"Henry, Cole",669371,"WSH","CH","Changeup",-0.7,0,"27",2.8,"4","0.25","0.25","0.225",14.3,0,0,"0.513","0.625","0.493",50
"Lara, Andry",691251,"WSH","FS","Split-Finger",5.7,1,"15",5.9,"4","0","0","0",33.3,50,40,"0.124","0.14","0.119",50
"Lao, Sauryn",666659,"WSH","CH","Changeup",0.4,0,"14",7.6,"4","0","0","0.175",25,0,0,"0.162","0.194","0.289",33.3
"Bride, Jonah",681146,"MIN","CU","Curveball",-4.3,-1,"12",10.5,"4","0.5","0.5","0.45",0,0,,"0.301","0.424","0.308",25
"Gervase, Paul",801434,"LAD","FC","Cutter",-1.6,0,"16",11.8,"4","0.333","0.333","0.4",0,0,0,"0.167","0.181","0.291",33.3
"Misiewicz, Anthony",664948,"MIN","CH","Changeup",-9.9,-2,"23",20,"4","0.25","1","0.5",44.4,25,11.1,"0.224","0.78","0.408",66.7
"Adams, Travis",701519,"MIN","CU","Curveball",-6.8,-2,"27",4.1,"4","0.75","1.5","0.95",20,25,20,"0.537","1.212","0.73",66.7
"Hill, Rich",448179,"KC","ST","Sweeper",5.2,1,"10",5.8,"4","0","0","0.175",0,0,0,"0.224","0.25","0.33",33.3
"Johnson, Seth",686751,"PHI","FS","Split-Finger",-11.7,-2,"16",7.5,"4","0.5","1.5","0.813",11.1,0,0,"0.396","0.709","0.46",100
"Abreu, Bryan",650556,"HOU","SI","Sinker",-2.3,0,"14",1.2,"4","0.333","0.333","0.4",33.3,25,33.3,"0.222","0.241","0.328",50
"King, Bryan",687911,"HOU","CH","Changeup",3.2,1,"16",1.5,"4","0","0","0",0,0,0,"0.207","0.234","0.196",50
"Scott, Tayler",605463,"HOU","SI","Sinker",2,0,"15",2.8,"4","0","0","0.35",33.3,0,,"0.151","0.152","0.42",0
"Murray, Jayden",681151,"HOU","FC","Cutter",8.8,1,"10",5.7,"4","0","0","0.175",16.7,0,0,"0.239","0.611","0.439",100
"Hoffman, Nolan",676510,"PHI","FF","4-Seam Fastball",-8.1,-1,"14",53.8,"4","0.667","1","0.713",16.7,25,50,"0.093","0.164","0.255",0
"Thompson, Zach",605507,"ATL","FC","Cutter",3.7,1,"16",26.7,"4","0","0","0.175",16.7,25,20,"0.049","0.069","0.213",0
"Urquidy, José",664353,"DET","CH","Changeup",-1.8,0,"16",28.6,"4","0.333","0.333","0.4",63.6,25,12.5,"0.304","0.34","0.392",0
"Maeda, Kenta",628317,"DET","SI","Sinker",-7,-1,"14",8.2,"4","0.667","1","0.713",20,0,,"0.63","0.797","0.637",33.3
"Flaherty, Jack",656427,"DET","CH","Changeup",-2.4,-2,"72",2.5,"4","0.333","0.333","0.4",35.3,0,0,"0.058","0.069","0.217",0
"Nido, Tomás",621512,"DET","SL","Slider",5.8,0,"7",77.8,"4","0","0","0.175",0,0,,"0.119","0.119","0.233",0
"Maeda, Kenta",628317,"DET","SL","Slider",-0.3,0,"30",17.6,"4","0","0","0.525",41.7,0,0,"0.01","0.01","0.527",0
"Molina, Anthony",683627,"COL","SI","Sinker",-6.7,-2,"29",4.8,"4","0.667","1.667","0.9",14.3,0,0,"0.387","0.703","0.521",33.3
"Senzatela, Antonio",622608,"COL","SI","Sinker",-20.9,-3,"12",0.5,"4","0.75","1.75","1.038",14.3,0,0,"0.35","1.107","0.593",25
"Cox, Austin",680735,"ATL","FC","Cutter",-23.6,-4,"15",3.5,"4","0.75","1.75","1.038",0,0,,"0.652","1.513","0.898",75
"Molina, Anthony",683627,"COL","FC","Cutter",-9.3,-2,"21",3.5,"4","0.5","2","1",10,0,0,"0.452","1.235","0.689",75
"Petty, Chase",695534,"CIN","ST","Sweeper",-5,-1,"19",11.2,"4","0.25","1","0.5",60,25,12.5,"0.204","0.379","0.245",33.3
"Leasure, Jordan",673929,"CWS","SI","Sinker",0.5,0,"14",1.2,"4","0","0","0.175",16.7,25,25,"0.086","0.086","0.233",0
"Freeman, Caleb",673965,"CWS","SL","Slider",5.5,1,"15",21.4,"4","0","0","0",33.3,50,16.7,"0.106","0.36","0.189",50
"Burns, Chase",695505,"CIN","CU","Curveball",-9.8,-1,"13",1.7,"4","0.5","1.25","0.725",25,25,50,"0.371","1.045","0.581",66.7
"Castro, Miguel",612434,"CWS","SI","Sinker",-2.8,0,"13",12.4,"4","0.333","0.333","0.4",0,0,0,"0.52","0.585","0.543",33.3
"Freeman, Caleb",673965,"CWS","CU","Curveball",-6.3,-1,"21",30,"4","0.75","1","0.763",0,25,25,"0.395","0.457","0.371",66.7
"Palisch, Jake",669449,"CWS","FF","4-Seam Fastball",0.5,0,"8",33.3,"4","0.25","0.25","0.225",0,0,0,"0.373","0.422","0.35",50
"White, Owen",669391,"CWS","CU","Curveball",-23.5,-1,"5",4.2,"4","0.5","1.25","0.725",0,0,0,"0.435","0.757","0.509",25
"Fulmer, Michael",605242,"CHC","FF","4-Seam Fastball",1,0,"21",23.3,"4","0.25","0.5","0.313",14.3,25,25,"0.32","0.661","0.413",66.7
"Fulmer, Michael",605242,"CHC","SI","Sinker",-2.6,0,"9",10,"4","0.333","0.667","0.488",0,0,0,"0.332","0.973","0.578",33.3
"González, Wikelman",682790,"CWS","SL","Slider",0.9,0,"19",5.2,"4","0.333","0.333","0.225",44.4,50,33.3,"0.114","0.134","0.215",100
"Assad, Javier",665871,"CHC","SL","Slider",-16.2,-1,"8",1.4,"4","0.5","1.5","0.813",0,0,0,"0.276","0.887","0.473",50
"Imanaga, Shota",684007,"CHC","SL","Slider",4.6,1,"13",0.6,"4","0.25","0.25","0.225",57.1,25,50,"0.139","0.321","0.193",33.3
"Roa, Christian",685005,"MIA","SI","Sinker",3.9,1,"17",41.5,"4","0","0","0.175",0,0,,"0.315","0.984","0.576",33.3
"De León, José",592254,"BOS","CH","Changeup",-7.4,-1,"13",12.9,"4","0.75","0.75","0.675",33.3,0,0,"0.591","0.679","0.562",0
"Murphy, Chris",669684,"BOS","FS","Split-Finger",-29.4,-2,"6",1.1,"4","0.5","1.25","0.725",25,25,33.3,"0.25","0.506","0.318",33.3
"Sánchez, Ali",645305,"BOS","CU","Curveball",-12.2,-2,"14",77.8,"4","1","1.667","0.85",0,0,,"0.37","1.08","0.461",75
"Zimmermann, Bruce",669145,"MIL","SL","Slider",-7.7,-1,"16",17.6,"4","0.75","0.75","0.675",16.7,0,0,"0.458","0.494","0.421",25
"Campbell, Isaiah",663462,"BOS","ST","Sweeper",1.8,0,"19",17.4,"4","0.25","0.25","0.225",15.4,0,0,"0.449","0.537","0.431",25
"Martinez, Seth",661527,"MIA","SI","Sinker",-13.9,-2,"11",9.2,"4","0.667","1.667","0.725",0,0,,"0.574","1.52","0.805",75
"Harrison, Kyle",690986,"BOS","SI","Sinker",2.4,0,"12",2,"4","0.5","0.5","0.45",0,25,100,"0.263","0.284","0.244",0
"Tolle, Payton",801139,"BOS","CU","Curveball",1.9,0,"18",5.9,"4","0","0","0",16.7,25,7.7,"0.285","0.312","0.258",66.7
"Suárez, Albert",544150,"BAL","CU","Curveball",-4.1,-1,"23",13.3,"4","0.5","0.5","0.45",14.3,0,0,"0.346","0.412","0.33",25
"Poteet, Cody",547001,"BAL","SL","Slider",-4.8,-1,"24",35.3,"4","0.333","1","0.575",0,0,0,"0.079","0.209","0.263",33.3
"Rodríguez, Elvin",660730,"BAL","CH","Changeup",-4.4,-1,"20",6,"4","0.333","0.667","0.488",25,0,0,"0.235","0.592","0.428",33.3
"Ragsdale, Carson",685068,"BAL","CU","Curveball",-0.3,0,"30",31.6,"4","0.25","0.5","0.313",20,25,8.3,"0.07","0.097","0.071",0
"Weaver, Luke",596133,"NYY","SL","Slider",2.8,0,"16",1.5,"4","0","0","0.175",28.6,0,0,"0.019","0.02","0.189",0
"Espada, Jose",664744,"BAL","FF","4-Seam Fastball",2.5,0,"14",48.3,"4","0.25","0.25","0.225",22.2,25,50,"0.007","0.009","0.007",33.3
"Poteet, Cody",547001,"BAL","CH","Changeup",2.7,0,"13",19.1,"4","0.25","0.25","0.225",28.6,25,16.7,"0.222","0.247","0.207",0
"Suárez, Albert",544150,"BAL","CH","Changeup",8,2,"19",11,"4","0","0","0",23.1,25,33.3,"0.095","0.097","0.089",0
"Espada, Jose",664744,"BAL","FS","Split-Finger",9.4,1,"9",31,"4","0","0","0",85.7,75,100,"0.022","0.023","0.02",0
"Rashi, Taylor",688497,"AZ","CU","Curveball",-2.5,-1,"28",8.8,"4","0.75","0.75","0.675",14.3,0,0,"0.556","0.67","0.537",75
"Richards, Trevor",670950,"AZ","SL","Slider",-4.6,-1,"12",10.3,"4","0.5","0.75","0.538",16.7,0,0,"0.297","0.356","0.286",50
"Hoffmann, Andrew",694851,"AZ","SL","Slider",-3.9,-1,"20",8.2,"4","0.333","0.667","0.488",44.4,0,0,"0.352","0.563","0.471",66.7
"Nelson, Kyle",669459,"AZ","SL","Slider",-6,-1,"24",54.5,"4","0.333","1.333","0.675",40,25,14.3,"0.251","0.982","0.548",50
"Rodriguez, Carlos",692230,"MIL","CU","Curveball",4.2,1,"14",6.7,"4","0","0","0",83.3,75,30,"0.001","0.001","0.001",0
"Yoho, Craig",684974,"MIL","ST","Sweeper",-5.8,-1,"16",9.1,"4","0.667","0.667","0.625",16.7,0,0,"0.16","0.169","0.287",0
"Woodruff, Brandon",605540,"MIL","ST","Sweeper",-42.2,-5,"12",1.2,"4","0.5","2","1",33.3,50,40,"0.344","1.359","0.687",100
"Curtiss, John",595928,"AZ","CH","Changeup",0.2,0,"37",6.8,"4","0","0","0",57.1,25,5.9,"0.178","0.209","0.163",33.3
"Koenig, Jared",657649,"MIL","FF","4-Seam Fastball",-3.2,0,"14",1.3,"4","0.25","0.25","0.225",50,75,25,"0.225","0.261","0.214",0
"Strickland, Hunter",519326,"LAA","CH","Changeup",-4.9,-1,"28",8.4,"4","0.25","1","0.725",37.5,50,14.3,"0.194","0.725","0.37",50
"Stephenson, Robert",596112,"LAA","SL","Slider",3.7,0,"11",7.5,"4","0.25","0.5","0.313",50,50,50,"0.107","0.12","0.098",50
"Rodriguez, Carlos",692230,"MIL","SI","Sinker",-20.7,-2,"12",5.8,"4","1","3","1.163",0,0,0,"0.537","1.707","0.808",100
"Thomas, Connor",671162,"MIL","ST","Sweeper",-4.9,-1,"20",16.8,"4","0.667","1","0.538",12.5,25,14.3,"0.367","0.442","0.402",66.7
"McGee, Easton",668834,"MIL","FC","Cutter",0.5,0,"29",13,"4","0.5","0.75","0.538",6.3,0,0,"0.327","0.515","0.358",50
"Toussaint, Touki",657053,"LAA","SI","Sinker",3.2,1,"21",56.8,"4","0.25","0.25","0.225",28.6,25,33.3,"0.15","0.356","0.206",66.7
"Peralta, Sammy",671111,"LAA","FF","4-Seam Fastball",-2.5,0,"13",8.5,"4","0.25","0.25","0.225",0,25,8.3,"0.152","0.196","0.154",0
"Henderson, Logan",701656,"MIL","SL","Slider",-1.6,0,"14",3.4,"4","0.5","0.5","0.45",12.5,0,0,"0.411","0.457","0.386",25
"Anderson, Ian",666120,"LAA","CU","Curveball",-8.1,-2,"28",13.8,"4","0.25","1","0.5",11.1,0,0,"0.332","0.883","0.5",50
"Burleson, Alec",676475,"STL","CH","Changeup",-4.3,0,"7",100,"4","0.333","0.333","0.4",0,0,,"0.284","0.58","0.448",66.7
"McGuire, Reese",624512,"CHC","CU","Curveball",-46.8,-2,"5",29.4,"3","1","2.5","1.2",0,0,0,"0.614","1.149","0.731",50
"Lugo, Seth",607625,"KC","FS","Split-Finger",1.2,0,"13",0.5,"3","0","0","0",75,66.7,50,"0.026","0.026","0.024",0
"Phillips, Connor",683175,"CIN","CU","Curveball",-6.5,-1,"19",5,"3","0.667","1","0.717",33.3,0,0,"0.438","0.869","0.55",66.7
"Wilcox, Cole",677961,"TB","SL","Slider",-8,-1,"10",25.6,"3","0.333","0.333","0.6",0,0,0,"0.42","0.446","0.384",33.3
"Stephenson, Robert",596112,"LAA","FS","Split-Finger",6.8,1,"12",8.2,"3","0","0","0",28.6,0,0,"0.163","0.189","0.148",0
"Long, Sam",669674,"KC","ST","Sweeper",-8.8,-1,"8",1,"3","0.667","0.667","0.6",40,33.3,33.3,"0.557","0.594","0.508",0
"Rangel, Alan",660604,"PHI","CU","Curveball",5.6,1,"11",6.3,"3","0","0","0",0,33.3,50,"0.009","0.011","0.008",0
"López, Reynaldo",625643,"ATL","CU","Curveball",-6.5,-1,"12",12.8,"3","0.667","0.667","0.6",0,0,0,"0.38","0.443","0.358",66.7
"Young, Danny",664849,"NYM","FC","Cutter",-11.2,-1,"5",3.2,"3","0.667","0.667","0.6",20,33.3,33.3,"0.347","0.405","0.318",100
"Monteverde, Patrick",687287,"MIA","CU","Curveball",-4.8,-1,"12",13.8,"3","0.667","0.667","0.6",25,33.3,16.7,"0.293","0.437","0.31",100
"Helsley, Ryan",664854,"NYM","FC","Cutter",3.2,0,"13",1.3,"3","0.333","0.333","0.3",0,0,0,"0.333","0.523","0.366",33.3
"Fitts, Richard",690916,"BOS","CH","Changeup",-3.8,-1,"19",2.6,"3","0.5","0.5","0.533",37.5,0,0,"0.519","0.561","0.554",0
"Burdi, Nick",595897,"BOS","FF","4-Seam Fastball",-4.3,-1,"19",22.9,"3","0.5","0.5","0.533",16.7,0,0,"0.512","0.676","0.579",100
"Pop, Zach",647315,"NYM","SL","Slider",-0.9,0,"26",20.5,"3","0.333","0.333","0.3",14.3,0,0,"0.136","0.155","0.124",0
"Ragsdale, Carson",685068,"BAL","SL","Slider",-16.7,-1,"7",7.4,"3","0.667","1","0.717",0,0,0,"0.501","1.054","0.647",66.7
"Matz, Steven",571927,"BOS","SL","Slider",-4.3,-1,"18",1.6,"3","0.5","1","0.65",22.2,0,0,"0.337","0.519","0.481",50
"Warren, Austin",681810,"NYM","FF","4-Seam Fastball",-1.4,0,"20",13.7,"3","0","0","0.233",0,0,0,"0.125","0.372","0.371",0
"Sproat, Brandon",687075,"NYM","SL","Slider",5.7,1,"10",3.4,"3","0","0","0",25,33.3,50,"0.134","0.181","0.135",0
"Ragsdale, Carson",685068,"BAL","FS","Split-Finger",-1.7,0,"9",9.5,"3","0.333","0.667","0.417",0,33.3,25,"0.074","0.186","0.106",50
"Stallings, Jacob",607732,"BAL","CU","Curveball",-8.1,0,"6",23.1,"3","0.333","0.667","0.417",0,0,0,"0.192","0.551","0.307",33.3
"Nikhazy, Doug",680951,"CLE","CU","Curveball",0.8,0,"12",11.1,"3","0","0","0.233",33.3,33.3,20,"0.293","0.434","0.442",100
"Roupp, Landen",694738,"SF","FF","4-Seam Fastball",4.1,1,"13",0.7,"3","0","0","0",28.6,66.7,18.2,"0.039","0.062","0.039",0
"Hahn, Jesse",534910,"SEA","ST","Sweeper",3,1,"17",21.5,"3","0","0","0",66.7,33.3,33.3,"0.377","0.459","0.363",100
"Birdsong, Hayden",806185,"SF","SV","Slurve",-3.4,-1,"20",1.7,"3","0.333","1.333","0.667",22.2,0,0,"0.527","1.236","0.731",66.7
"Bender, Anthony",669622,"MIA","FF","4-Seam Fastball",-13.5,-1,"10",1.3,"3","1","1.5","0.95",25,0,0,"0.705","0.825","0.677",50
"Casparius, Ben",676508,"LAD","SI","Sinker",4.7,1,"16",1.3,"3","0","0","0.233",37.5,0,0,"0.06","0.07","0.274",0
"Cano, Yennier",666974,"BAL","SL","Slider",-3.1,0,"15",1.5,"3","0.333","0.333","0.3",50,33.3,10,"0.374","0.44","0.353",0
"Phillips, Evan",623465,"LAD","SI","Sinker",4.3,0,"7",7.6,"3","0.333","0.333","0.3",0,0,0,"0.235","0.277","0.224",0
"Ramírez, Erasmo",541640,"MIN","CU","Curveball",5.9,1,"9",5.7,"3","0","0","0",0,0,0,"0.222","0.243","0.138",0
"Van Belle, Brian",687003,"TB","FF","4-Seam Fastball",-1.2,0,"10",7.8,"3","0.333","0.333","0.3",16.7,33.3,16.7,"0.219","0.242","0.197",50
"Ramírez, Erasmo",541640,"MIN","FF","4-Seam Fastball",8.1,1,"10",6.3,"3","0","0","0",22.2,0,0,"0.397","0.955","0.569",66.7
"Feyereisen, J.P.",656420,"LAD","SL","Slider",-5.8,-1,"17",21,"3","0.333","0.667","0.717",12.5,0,0,"0.322","0.58","0.378",33.3
"Seymour, Carson",693313,"SF","CU","Curveball",-4,-1,"29",4.7,"3","0.5","0.5","0.533",0,0,0,"0.433","0.542","0.512",50
"Uceta, Edwin",670955,"TB","SI","Sinker",1.5,0,"20",1.6,"3","0.333","0.333","0.3",28.6,33.3,50,"0.093","0.119","0.088",50
"Palmquist, Carson",687223,"COL","CH","Changeup",-1.1,0,"25",3.5,"3","0.333","0.333","0.3",14.3,0,,"0.023","0.026","0.023",0
"Dobnak, Randy",677976,"MIN","FF","4-Seam Fastball",8,1,"10",12.7,"3","0","0","0",0,0,0,"0.191","0.278","0.203",66.7
"Shuster, Jared",694363,"CWS","SI","Sinker",-4.9,-1,"11",3.9,"3","0.5","0.5","0.533",0,0,,"0.35","0.389","0.454",50
"Whitlock, Garrett",676477,"BOS","ST","Sweeper",2.3,0,"13",1.1,"3","0","0","0",60,100,25,,,"0",
"Stratton, Hunter",676702,"ATL","SI","Sinker",9.4,1,"7",2,"3","0","0","0",0,0,0,"0.127","0.149","0.118",0
"Wilson, Steven",621051,"CWS","FC","Cutter",-1.2,0,"10",1,"3","0.333","0.333","0.3",14.3,33.3,16.7,"0.204","0.243","0.192",50
"Peraza, Oswald",672724,"LAA","SL","Slider",-9,-1,"8",20,"3","0.5","0.5","0.533",0,0,0,"0.251","0.297","0.396",50
"Thornton, Trent",663423,"SEA","FS","Split-Finger",1.1,0,"15",2.3,"3","0","0","0",50,66.7,16.7,"0","0","0.135",100
"Sims, Lucas",608371,"WSH","SL","Slider",-7.7,0,"6",2.2,"3","0","0","0.467",50,0,0,"0.008","0.008","0.469",0
"Holmes, Grant",656550,"ATL","CH","Changeup",-5.8,-1,"23",1.2,"3","0.667","1","0.717",16.7,0,0,"0.414","0.918","0.554",66.7
"Kelly, Zack",677161,"BOS","CU","Curveball",10.5,1,"6",1,"3","0","0","0",25,33.3,25,"0.164","0.185","0.154",50
"Davis, Noah",663562,"MIN","SC","Screwball",-4.2,0,"7",2.8,"3","0.333","0.333","0.3",0,0,0,"0.249","0.278","0.234",33.3
"Campbell, Isaiah",663462,"BOS","CU","Curveball",5,1,"13",11.9,"3","0","0","0",33.3,0,0,"0.217","0.264","0.2",33.3
"Kowar, Jackson",663804,"SEA","CH","Changeup",-7,-1,"15",5.3,"3","0.5","1","0.65",0,0,0,"0.338","0.367","0.437",50
"Saucedo, Tayler",642048,"SEA","FF","4-Seam Fastball",-1.7,0,"12",5.2,"3","0","0","0.467",25,33.3,20,,,"0.467",
"Pearson, Nate",663878,"CHC","CU","Curveball",-6.5,-1,"14",5,"3","0.5","0.5","0.533",0,33.3,11.1,"0.176","0.176","0.339",0
"Sears, JP",676664,"SD","FC","Cutter",0.3,0,"16",0.7,"3","0.333","0.333","0.3",33.3,33.3,33.3,"0.106","0.106","0.096",0
"Rodriguez, Bradgley",699134,"SD","FC","Cutter",-3.3,0,"13",10.2,"3","0.333","0.667","0.417",12.5,33.3,20,"0.163","0.279","0.186",50
"Svanson, Matt",694335,"STL","FF","4-Seam Fastball",-16.1,-2,"13",1.3,"3","0.333","1.333","0.667",14.3,33.3,12.5,"0.28","1.088","0.553",50
"Wilcox, Cole",677961,"TB","ST","Sweeper",-7.6,0,"6",15.4,"3","0.333","0.667","0.417",33.3,33.3,33.3,"0.223","0.539","0.312",100
"Dodd, Dylan",689266,"ATL","CH","Changeup",0.4,0,"13",2.4,"3","0","0","0.233",40,0,0,"0.28","0.318","0.411",50
"Mena, Cristian",691441,"AZ","SI","Sinker",2.2,0,"12",12,"3","0","0","0.233",16.7,0,0,"0.196","0.207","0.351",100
"Pope, Austin",687166,"AZ","FF","4-Seam Fastball",1,0,"19",52.8,"3","0","0","0.233",28.6,33.3,20,"0.009","0.009","0.239",0
"Verlander, Justin",434378,"SF","SI","Sinker",-10,-1,"10",0.4,"3","0.5","1","0.65",42.9,0,0,"0.331","0.374","0.443",50
"Johnson, Ryan",696270,"LAA","FS","Split-Finger",-2.3,0,"16",5.8,"3","0.333","0.333","0.3",0,0,0,"0.27","0.289","0.249",66.7
"Flexen, Chris",623167,"CHC","SV","Slurve",-3,-1,"17",2.5,"3","0.333","0.333","0.3",0,0,0,"0.237","0.291","0.227",33.3
"Hernández, Carlos",672578,"CLE","SI","Sinker",-2.9,0,"14",1.8,"3","0.5","0.5","0.533",0,0,,"0.708","0.831","0.675",0
"Owens, Tyler",687074,"DET","SL","Slider",-1.9,0,"15",22.7,"3","0.333","0.333","0.3",20,33.3,25,"0.29","0.388","0.288",100
"Myers, Tobias",668964,"MIL","CH","Changeup",-5.9,-1,"12",1.5,"3","0.333","1.333","0.667",42.9,66.7,25,"0.025","0.085","0.045",100
"Neris, Héctor",593576,"HOU","SL","Slider",3.9,1,"16",2.9,"3","0","0","0.233",25,66.7,66.7,,,"0.233",
"Walters, Andrew",689958,"CLE","FF","4-Seam Fastball",-10.3,-2,"19",65.5,"3","0.667","2","1.083",33.3,33.3,16.7,"0.329","1.139","0.595",100
"Gordon, Tanner",685299,"COL","CU","Curveball",-14.5,-1,"5",0.4,"3","0.333","1.333","0.667",0,0,,"0.202","0.78","0.399",33.3
"Jameson, Drey",686753,"AZ","SL","Slider",-2.3,0,"14",26.4,"3","0","0","0.467",50,0,0,"0.008","0.017","0.47",100
"Cannon, Jonathan",686563,"CWS","SL","Slider",0.6,0,"5",0.3,"3","0.333","0.667","0.417",25,33.3,33.3,"0.277","0.929","0.491",100
"Sousa, Bennett",656986,"HOU","FC","Cutter",17.9,1,"5",0.7,"3","0","0","0",40,66.7,66.7,"0.05","0.051","0.045",0
"Imanaga, Shota",684007,"CHC","CU","Curveball",-1.3,0,"35",1.6,"3","0.667","0.667","0.6",22.2,0,0,"0.352","0.44","0.337",66.7
"Duran, Ezequiel",677649,"TEX","CU","Curveball",25.6,1,"3",12,"3","0","0","0",0,0,,"0.324","0.374","0.32",0
"Yoho, Craig",684974,"MIL","FC","Cutter",-0.3,0,"12",6.8,"3","0","0","0.467",25,0,,"0.028","0.03","0.475",0
"Matsui, Yuki",673513,"SD","SI","Sinker",-3.8,-1,"16",1.5,"3","0.667","0.667","0.6",22.2,0,0,"0.517","0.59","0.495",0
"La Sorsa, Joe",686747,"CIN","CH","Changeup",-13.3,-2,"14",14,"3","0.667","2","1.083",0,0,0,"0.579","1.282","0.777",66.7
"McGuire, Reese",624512,"CHC","SL","Slider",6.6,1,"12",70.6,"3","0","0","0",0,0,,"0.221","0.571","0.329",66.7
"Waldron, Matt",663362,"SD","FF","4-Seam Fastball",-2.4,0,"15",14.4,"3","0","0","0.467",0,0,0,"0.31","0.335","0.56",100
"Bolton, Cody",675989,"CLE","SI","Sinker",-0.2,0,"19",47.5,"3","0.333","0.333","0.3",0,0,0,"0.445","0.518","0.42",33.3
"Kelly, Casey",543391,"AZ","FF","4-Seam Fastball",1.9,0,"10",41.7,"3","0","0","0.233",0,0,0,"0.06","0.064","0.271",50
"Gillaspie, Logan",670810,"SD","FC","Cutter",6.5,1,"16",14.3,"3","0","0","0",20,0,,"0.357","0.474","0.362",33.3
"Brigham, Jeff",656257,"AZ","ST","Sweeper",-5.6,-1,"15",23.8,"3","0.667","0.667","0.6",0,0,0,"0.576","0.686","0.549",66.7
"Jameson, Drey",686753,"AZ","SI","Sinker",-1,0,"16",30.2,"3","0.333","0.333","0.3",16.7,0,,"0.178","0.367","0.227",33.3
"Castro, Miguel",612434,"CWS","CH","Changeup",-0.5,0,"12",11.4,"3","0","0","0.233",0,0,0,"0.181","0.181","0.345",0
"Harrington, Thomas",802419,"PIT","SI","Sinker",-12.6,-2,"13",6.5,"3","1","2","1.067",16.7,0,0,"0.665","1.275","0.776",100
"Pope, Austin",687166,"AZ","CU","Curveball",2,0,"6",16.7,"3","0.333","0.333","0.3",0,0,0,"0.546","0.693","0.54",33.3
"Clevinger, Mike",605182,"CWS","CH","Changeup",1.5,0,"18",15.8,"3","0","0","0.233",37.5,33.3,33.3,"0.11","0.111","0.302",0
"Brash, Matt",666374,"SEA","CU","Curveball",-1.7,0,"6",0.7,"3","0.333","0.333","0.3",25,0,0,"0.479","0.526","0.443",33.3
"Garcia, Luis",677651,"HOU","CH","Changeup",15.3,1,"5",4.7,"3","0","0","0",25,33.3,50,"0.221","0.252","0.206",50
"McKenzie, Triston",663474,"CLE","CU","Curveball",0.7,0,"16",13,"3","0","0","0",66.7,66.7,22.2,"0.099","0.357","0.185",100
"Pope, Austin",687166,"AZ","SL","Slider",2,0,"9",25,"3","0.333","0.333","0.3",0,0,0,"0.408","0.442","0.371",66.7
"Mena, Cristian",691441,"AZ","ST","Sweeper",0,0,"11",11,"3","0.333","0.333","0.3",33.3,0,0,"0.376","0.425","0.356",33.3
"Harrington, Thomas",802419,"PIT","FC","Cutter",-4.5,-1,"20",10,"3","0.667","1","0.717",0,0,0,"0.433","0.902","0.559",33.3
"Sanders, Cam",676742,"PIT","ST","Sweeper",-6.4,-1,"15",10.2,"3","0.667","0.667","0.6",40,33.3,14.3,"0.336","0.371","0.315",0
"Steele, Justin",657006,"CHC","CH","Changeup",-22.4,-2,"8",2.6,"3","0.667","2","1.083",0,0,,"0.698","1.76","1.012",66.7
"Darrell-Hicks, Michael",690382,"PIT","FF","4-Seam Fastball",8.6,1,"7",4.4,"3","0","0","0",60,66.7,40,"0.139","0.168","0.125",100
"Rashi, Taylor",688497,"AZ","SL","Slider",0.3,0,"35",11,"3","0.333","0.333","0.3",62.5,33.3,100,"0.224","0.26","0.217",50
"Bellozo, Valente",678368,"MIA","FS","Split-Finger",-0.8,0,"24",1.8,"3","0","0","0",50,33.3,10,"0.155","0.501","0.266",50
"Corniell, Jose",692030,"TEX","FC","Cutter",-11.1,-1,"12",29.3,"3","1","1.5","0.95",0,0,0,"0.568","0.655","0.59",50
"Abner, Philip",691769,"AZ","SL","Slider",-1.3,0,"15",21.1,"3","0.333","0.333","0.3",0,33.3,14.3,"0.217","0.251","0.211",0
"Francis, Bowden",670102,"TOR","SI","Sinker",-0.5,0,"20",1.8,"3","0","0","0.467",14.3,33.3,50,,,"0.467",
"Miller, Bryce",682243,"SEA","FC","Cutter",-1.5,0,"11",0.7,"3","0","0","0.467",40,0,0,"0.058","0.201","0.502",100
"Piña, Robinson",673820,"TOR","FF","4-Seam Fastball",4.8,1,"11",18,"3","0","0","0.233",20,0,0,"0.146","0.465","0.397",50
"Leclerc, José",600917,"ATH","CU","Curveball",-22.8,-1,"6",2.6,"3","0.333","1.333","0.667",33.3,33.3,20,"0.34","1.271","0.655",50
"Smith, Dylan",681916,"DET","FS","Split-Finger",1.9,0,"15",9.1,"3","0","0","0",25,0,0,"0.229","0.268","0.221",33.3
"Gerber, Joey",680702,"TB","SL","Slider",4.4,1,"18",28.1,"3","0","0","0",11.1,0,0,"0.212","0.253","0.191",66.7
"Núñez, Eduarniel",674384,"ATH","CU","Curveball",-10.7,-1,"6",2.4,"3","0.333","1.333","0.667",25,33.3,50,"0.299","0.87","0.484",50
"Kelly, Michael",547184,"ATH","CH","Changeup",7.3,1,"10",1.5,"3","0","0","0",66.7,66.7,100,"0.102","0.11","0.093",0
"López, Reynaldo",625643,"ATL","SL","Slider",-2.9,-1,"31",33,"3","0.5","0.5","0.533",25,0,0,"0.522","0.59","0.561",50
"Walters, Andrew",689958,"CLE","SL","Slider",7.7,1,"10",34.5,"3","0","0","0",50,33.3,25,"0.018","0.018","0.017",0
"Zeferjahn, Ryan",666171,"LAA","SI","Sinker",5.1,0,"6",0.6,"3","0","0","0.233",0,0,0,"0.085","0.087","0.287",50
"France, J.P.",641585,"HOU","CU","Curveball",-4.4,-1,"14",18.4,"3","0.333","0.667","0.417",50,66.7,33.3,"0.169","0.496","0.269",100
"Tolle, Payton",801139,"BOS","CH","Changeup",-5.9,-1,"20",6.6,"3","0.667","1","0.717",44.4,33.3,11.1,"0.354","0.648","0.422",100
"Cruz, Fernando",518585,"NYY","SL","Slider",-1.6,-1,"47",5.9,"3","0.333","1.333","0.667",38.5,33.3,100,"0.075","0.232","0.124",50
"Swanson, Erik",657024,"TOR","SL","Slider",-14.1,-2,"13",10.2,"3","0.667","2","1.083",0,33.3,50,"0.219","0.594","0.33",100
"Estrada, Lazaro",681751,"TOR","FS","Split-Finger",-1.4,0,"7",5.9,"3","0.333","0.333","0.3",33.3,33.3,33.3,"0.413","0.59","0.424",100
"Black, Mason",696131,"SF","SI","Sinker",-3.7,-1,"15",20.3,"3","0.333","1.333","0.667",0,33.3,100,"0.339","1.348","0.675",100
"Lange, Alex",656638,"DET","SL","Slider",7.2,1,"12",60,"3","0","0","0",55.6,33.3,25,"0.013","0.018","0.012",0
"Harvey, Hunter",640451,"KC","FS","Split-Finger",0.7,0,"34",20.4,"3","0","0","0",30.8,33.3,6.3,"0.077","0.079","0.073",50
"Adcock, Ty",686654,"NYM","FC","Cutter",-3.8,-1,"17",20.7,"3","1","1","0.767",0,0,0,"0.473","0.525","0.612",100
"Schlittler, Cam",693645,"NYY","SL","Slider",4.5,1,"15",1.2,"3","0","0","0",16.7,0,0,"0.216","0.727","0.386",33.3
"Yastrzemski, Mike",573262,"KC","KN","Knuckleball",3.5,0,"8",38.1,"3","0","0","0.233",0,0,,"0.03","0.031","0.253",0
"Nido, Tomás",621512,"DET","CU","Curveball",21.8,0,"2",22.2,"2","0","0","0",0,0,,"0.065","0.138","0.087",0
"Sanmartin, Reiver",665665,"CIN","SL","Slider",20.6,1,"3",12,"2","0","0","0",33.3,50,100,"0.029","0.046","0.034",0
"Kikuchi, Yusei",579328,"LAA","ST","Sweeper",5.9,0,"6",0.2,"2","0","0","0",66.7,50,33.3,"0.053","0.083","0.05",0
"Zulueta, Yosver",691172,"CIN","CH","Changeup",7.2,1,"9",6.4,"2","0","0","0",25,0,,"0.013","0.024","0.014",0
"Miley, Wade",489119,"CIN","ST","Sweeper",6,0,"7",3.4,"2","0","0","0",50,50,33.3,"0.009","0.021","0.011",0
"Wynne, Randy",691094,"CIN","SI","Sinker",12.5,0,"4",8.5,"2","0","0","0",0,50,50,"0.01","0.032","0.018",0
"Wynne, Randy",691094,"CIN","CH","Changeup",6.6,0,"6",12.8,"2","0","0","0",40,100,33.3,,,"0",
"Daniel, Davis",669721,"ATL","SL","Slider",-2.5,-1,"30",16.4,"2","1","1","0.8",0,0,0,"0.962","1.098","0.804",0
"Maeda, Kenta",628317,"DET","SV","Slurve",-55.1,-1,"2",1.2,"2","1","1","0.9",0,0,0,"0.229","0.245","0.209",50
"Lange, Alex",656638,"DET","SI","Sinker",-29.2,-1,"3",15,"2","1","1","0.9",0,0,,"0.59","0.689","0.553",100
"Urquidy, José",664353,"DET","CU","Curveball",0.1,0,"15",26.8,"2","0.5","0.5","0.45",0,50,14.3,"0.472","0.552","0.451",100
"Skubal, Tarik",669373,"DET","FS","Split-Finger",-4.7,0,"3",0.1,"2","0.5","0.5","0.45",66.7,50,100,"0.285","0.318","0.269",0
"Lee, Korey",686676,"CWS","FF","4-Seam Fastball",-21.1,0,"2",4.5,"2","0.5","0.5","0.45",0,0,0,"0.591","1.781","0.964",100
"Clevinger, Mike",605182,"CWS","SI","Sinker",-17.8,-1,"5",4.4,"2","1","2","0.975",33.3,0,0,"0.56","1.465","0.768",100
"Fulmer, Michael",605242,"CHC","CH","Changeup",-12,-1,"9",10,"2","0.5","2","1",33.3,0,0,"0.411","1.553","0.798",50
"Kinley, Tyler",641755,"ATL","CH","Changeup",2,0,"11",0.9,"2","0","0","0",66.7,100,40,,,"0",
"Palisch, Jake",669449,"CWS","FC","Cutter",-29.1,-1,"4",16.7,"2","1","1.5","1.075",33.3,0,,"0.495","1.04","0.64",50
"Strahm, Matt",621381,"PHI","CH","Changeup",-22.1,-1,"6",0.6,"2","1","1.5","1.075",0,0,0,"0.669","0.756","0.615",100
"Murray, Jayden",681151,"HOU","CH","Changeup",8.2,0,"6",3.4,"2","0","0","0",25,50,33.3,"0.235","0.259","0.215",0
"Garcia, Luis",677651,"HOU","ST","Sweeper",6,1,"9",8.5,"2","0","0","0",0,0,0,"0.037","0.037","0.036",0
"Flexen, Chris",623167,"CHC","CH","Changeup",-0.3,0,"14",2.1,"2","0","0","0",33.3,0,0,"0.264","0.291","0.24",0
"Okert, Steven",595345,"HOU","FC","Cutter",3.9,0,"7",0.7,"2","0","0","0",0,0,0,"0.031","0.042","0.03",50
"Curry, Xzavion",675540,"MIA","CU","Curveball",1.9,0,"10",17.9,"2","0","0","0",20,0,0,"0.225","0.248","0.206",0
"Alexander, Jason",669920,"HOU","FC","Cutter",-4.3,-1,"13",1,"2","0","0","0.35",0,0,0,"0.008","0.009","0.354",0
"Monteverde, Patrick",687287,"MIA","FF","4-Seam Fastball",2.5,0,"13",14.9,"2","0","0","0",25,50,20,"0.074","0.103","0.072",0
"Tarnok, Freddy",676206,"MIA","SI","Sinker",10.4,1,"9",6.9,"2","0","0","0",40,0,0,"0.105","0.117","0.097",50
"Hoffman, Nolan",676510,"PHI","CU","Curveball",-9.4,-1,"7",26.9,"2","0.5","1","0.625",50,50,33.3,"0.247","0.272","0.231",100
"Valdez, Framber",664285,"HOU","FF","4-Seam Fastball",-59.4,-3,"5",0.2,"2","1","4","1.35",0,0,0,"0.888","3.53","1.244",100
"Murray, Jayden",681151,"HOU","CU","Curveball",-7.9,0,"4",2.3,"2","0.5","0.5","0.45",0,0,0,"0.189","0.225","0.182",50
"Blubaugh, AJ",805123,"HOU","FC","Cutter",-3.1,0,"6",1.2,"2","0.5","0.5","0.45",0,0,,"0.308","0.44","0.32",50
"Alvarado, José",621237,"PHI","CU","Curveball",-3.5,-1,"22",4.8,"2","0.5","0.5","0.45",50,50,7.1,"0.157","0.186","0.141",0
"Bergert, Ryan",686701,"KC","CU","Curveball",2.2,0,"10",0.8,"2","0","0","0",0,0,0,"0.297","0.352","0.286",0
"Falter, Bailey",663559,"KC","SV","Slurve",-1.9,0,"17",0.9,"2","0","0","0.35",50,0,0,"0.233","0.448","0.493",100
"Stock, Robert",476594,"BOS","ST","Sweeper",-7.3,0,"5",8.5,"2","0.5","0.5","0.45",0,0,0,"0.561","0.968","0.662",50
"Avila, Luinder",679883,"KC","CH","Changeup",-10.7,-1,"6",2.8,"2","0.5","1","0.625",0,0,0,"0.211","0.261","0.205",0
"Little, Jack",669193,"LAD","SL","Slider",4.9,1,"12",27.3,"2","0","0","0",100,100,100,,,"0",
"Miller, Bobby",676272,"LAD","CH","Changeup",-2.7,0,"16",13.8,"2","0","0","0.35",40,0,0,"0.023","0.053","0.365",0
"Sheehan, Emmet",686218,"LAD","CU","Curveball",-1.3,-1,"70",6.1,"2","1","1","0.8",25,0,0,"0.226","0.227","0.454",0
"Granillo, Andre",701552,"STL","SI","Sinker",-5.7,0,"4",1.1,"2","0.5","0.5","0.45",0,0,0,"0.059","0.061","0.056",0
"Klein, Will",694361,"LAD","ST","Sweeper",-4.9,-1,"14",4.6,"2","0.5","1","0.625",16.7,0,0,"0.688","1.501","0.916",100
"Miller, Bobby",676272,"LAD","SL","Slider",-3.5,0,"11",9.5,"2","0.5","0.5","0.45",25,0,0,"0.54","0.64","0.517",50
"Pérez, Eury",691587,"MIA","SI","Sinker",-2.5,0,"17",1,"2","0.5","1","0.625",0,0,0,"0.448","1.061","0.624",100
"Lord, Brad",695418,"WSH","ST","Sweeper",-30,-1,"3",0.1,"2",,,"0.7",,0,0,,,"0.7",
"Stock, Robert",476594,"BOS","FF","4-Seam Fastball",-32,-2,"6",10.2,"2","1","4","1.35",0,0,0,"0.951","3.794","1.31",100
"Wilcox, Cole",677961,"TB","FF","4-Seam Fastball",-5.3,0,"9",23.1,"2",,,"0.7",0,0,0,,,"0.7",
"McGee, Easton",668834,"MIL","ST","Sweeper",-3.2,0,"8",3.6,"2","0.5","0.5","0.45",50,0,0,"0.633","0.751","0.612",50
"Ramírez, Erasmo",541640,"MIN","CH","Changeup",-4.1,-1,"18",11.4,"2","0.5","0.5","0.45",50,50,12.5,"0.131","0.169","0.13",0
"Ogasawara, Shinnosuke",829272,"WSH","ST","Sweeper",-35.3,-1,"3",0.4,"2","1","1","0.8",0,0,0,"0.471","0.519","0.565",100
"Ray, Robbie",592662,"SF","ST","Sweeper",2.1,0,"12",0.4,"2","0","0","0",25,50,16.7,"0.006","0.012","0.008",0
"Stock, Robert",476594,"BOS","SI","Sinker",1.9,0,"19",32.2,"2","0","0","0",40,50,100,"0.366","0.405","0.332",100
"Sims, Lucas",608371,"WSH","CU","Curveball",-5.9,-1,"12",4.3,"2","1","1","0.8",0,0,0,"0.504","0.89","0.645",100
"Dobnak, Randy",677976,"MIN","SL","Slider",-10.8,-2,"22",27.8,"2","1","4","1.35",50,0,0,"0.641","2.526","0.99",100
"Thompson, Mason",666168,"WSH","CU","Curveball",-13.1,-2,"12",5,"2","1","2","1.25",25,0,0,"0.422","0.49","0.403",50
"Misiewicz, Anthony",664948,"MIN","FF","4-Seam Fastball",-1.7,0,"8",7,"2","0","0","0.35",0,0,0,"0.101","0.355","0.441",100
"Fitzgerald, Ryan",680837,"MIN","SL","Slider",7.2,1,"11",45.8,"2","0","0","0",0,0,,"0.227","0.743","0.394",50
"Sands, Cole",663485,"MIN","SL","Slider",12.5,0,"4",0.3,"2","0","0","0",25,50,50,"0.074","0.074","0.067",0
"Senga, Kodai",673540,"NYM","CU","Curveball",-1,0,"32",1.7,"2","0","0","0.35",60,0,,"0.01","0.027","0.358",0
"Jankowski, Travis",608671,"NYM","CU","Curveball",-25.2,-1,"4",30.8,"2","1","1","0.8",0,0,0,"0.944","1.215","0.82",100
"Rodón, Carlos",607074,"NYY","FC","Cutter",9.4,0,"5",0.2,"2","0","0","0",0,0,0,"0.065","0.08","0.06",0
"Effross, Scott",664123,"NYY","FF","4-Seam Fastball",5.9,1,"11",7.1,"2","0","0","0",25,50,16.7,"0.236","0.929","0.475",100
"Ottavino, Adam",493603,"NYY","ST","Sweeper",1.5,0,"14",33.3,"2","0","0","0.35",50,0,0,"0.053","0.065","0.374",0
"Minter, A.J.",621345,"NYM","CH","Changeup",-4.4,-1,"18",9.7,"2","0.5","0.5","0.45",75,50,16.7,"0.131","0.143","0.12",0
"Tidwell, Blade",694918,"NYM","CH","Changeup",-5.1,-1,"10",3.2,"2","0.5","0.5","0.45",0,0,0,"0.424","0.527","0.406",50
"Hamel, Dom",687589,"NYM","SL","Slider",-3.3,0,"4",30.8,"2","0.5","0.5","0.45",0,0,,"0.103","0.124","0.094",0
"Tong, Jonah",804636,"NYM","SL","Slider",-3.2,0,"10",2.7,"2","0.5","0.5","0.45",0,0,0,"0.334","0.441","0.336",50
"Perkins, Jack",678022,"ATH","CU","Curveball",-3.9,0,"5",0.8,"2","0","0","0.35",100,50,33.3,,,"0.35",
"Black, Mason",696131,"SF","FC","Cutter",-22.8,-1,"5",6.8,"2","0.5","2","1",33.3,0,,"0.402","1.537","0.787",50
"Ferguson, Tyler",621053,"ATH","CH","Changeup",-0.6,0,"40",4,"2","0","0","0",60,50,5.6,"0.204","0.21","0.183",0
"Krook, Matt",640454,"ATH","ST","Sweeper",1.3,0,"19",26.8,"2","0","0","0",0,50,11.1,"0.01","0.011","0.009",0
"Walker, Josh",677020,"TOR","SI","Sinker",-9.2,-1,"6",6.5,"2","1","1","0.8",0,0,,"0.05","0.072","0.374",0
"McGough, Scott",543518,"ATH","SI","Sinker",5.2,1,"13",4.4,"2","0","0","0",16.7,0,0,"0.181","0.212","0.174",0
"Harris, Hogan",663687,"ATH","SL","Slider",2.1,0,"18",1.6,"2","0","0","0",28.6,0,0,"0.045","0.126","0.072",50
"Bigge, Hunter",685801,"TB","CU","Curveball",2.9,0,"13",5.8,"2","0","0","0",75,100,40,,,"0",
"McDermott, Chayce",694646,"BAL","FS","Split-Finger",4,0,"10",5.1,"2","0","0","0",33.3,50,25,"0.063","0.064","0.059",0
"Estrada, Lazaro",681751,"TOR","CU","Curveball",3.7,0,"13",10.9,"2","0","0","0",66.7,50,20,"0.003","0.003","0.003",0
"Seymour, Ian",693855,"TB","CU","Curveball",0.4,0,"16",1.6,"2","0","0","0",0,0,0,"0.362","0.915","0.529",50
"Burr, Ryan",621114,"TOR","FF","4-Seam Fastball",5.3,0,"9",23.1,"2","0","0","0",33.3,0,0,"0.123","0.168","0.12",0
"Morales, Luis",806960,"ATH","SI","Sinker",-2.2,0,"7",0.9,"2","0.5","1","0.625",0,0,0,"0.466","1.206","0.694",50
"Spence, Mitch",687765,"ATH","CH","Changeup",-5.6,-1,"17",1.3,"2","0.5","1","0.625",33.3,0,0,"0.378","1.147","0.622",50
"Leclerc, José",600917,"ATH","SI","Sinker",-1.5,0,"20",8.7,"2","0.5","1","0.625",11.1,0,0,"0.52","0.731","0.534",100
"Martinez, Justin",679885,"AZ","SL","Slider",-1,0,"24",8.9,"2","0.5","0.5","0.45",50,0,0,"0.481","0.539","0.463",0
"Krook, Matt",640454,"ATH","CH","Changeup",-11.7,-1,"12",16.9,"2","1","1.5","1.075",28.6,0,0,"0.407","0.866","0.53",50
"Loáisiga, Jonathan",642528,"NYY","FF","4-Seam Fastball",-9.5,-1,"14",3,"2","1","2.5","1.45",0,0,0,"0.801","1.801","1.087",50
"Barco, Hunter",682995,"PIT","SL","Slider",7.6,1,"10",21.7,"2","0","0","0",33.3,0,0,"0.521","0.59","0.485",50
"Scholtens, Jesse",669947,"TB","FS","Split-Finger",4.6,0,"8",5.2,"2","0","0","0",33.3,0,0,"0.16","0.173","0.151",50
"Holderman, Colin",670059,"PIT","FS","Split-Finger",2.3,0,"19",3.9,"2","0","0","0",40,0,0,"0.191","0.219","0.176",0
"Corbin, Patrick",571578,"TEX","CU","Curveball",-0.5,0,"15",0.6,"2","0.5","0.5","0.45",40,0,0,"0.491","0.553","0.463",0
"Díaz, Yilber",700270,"AZ","SL","Slider",-5.2,-1,"21",35,"2","0.5","1","0.625",40,0,0,"0.31","0.369","0.292",0
"Abner, Philip",691769,"AZ","CU","Curveball",-23.4,-1,"4",5.6,"2","1","1","0.9",0,0,0,"0.508","0.598","0.484",0
"Ramírez, Yohan",670990,"PIT","FC","Cutter",-7.7,-1,"8",1.3,"2","0.5","1","0.625",16.7,0,,"0.388","0.444","0.358",100
"Sanders, Cam",676742,"PIT","CH","Changeup",-1.5,0,"18",12.2,"2","0.5","0.5","0.45",28.6,0,0,"0.163","0.19","0.146",0
"Walker, Ryan",676254,"SF","FF","4-Seam Fastball",-40.2,-1,"2",0.2,"2","1","1","0.8",0,0,,"0.446","0.492","0.558",0
"Gillaspie, Logan",670810,"SD","CH","Changeup",0.5,0,"16",14.3,"2","0","0","0",40,100,33.3,,,"0",
"Darvish, Yu",506433,"SD","CH","Changeup",0.6,0,"8",0.7,"2","0","0","0",33.3,100,28.6,,,"0",
"Hoeing, Bryan",663773,"SD","FF","4-Seam Fastball",11.1,1,"6",4.6,"2","0","0","0",0,0,0,"0.079","0.103","0.075",50
"King, John",667463,"STL","FF","4-Seam Fastball",-13.2,-1,"11",1.4,"2","1","1","0.9",0,0,0,"0.671","0.76","0.625",0
"Zastryzny, Rob",642239,"MIL","CH","Changeup",3.7,0,"10",2.9,"2","0","0","0",33.3,50,50,"0.001","0.001","0",0
"Zimmermann, Bruce",669145,"MIL","FF","4-Seam Fastball",2,0,"10",11,"2","0","0","0",0,0,0,"0.103","0.103","0.096",0
"Hoeing, Bryan",663773,"SD","SL","Slider",-1.8,0,"13",9.9,"2","0.5","0.5","0.45",42.9,50,25,"0.201","0.231","0.183",100
"Miller, Mason",695243,"SD","CH","Changeup",-1.3,0,"22",2.3,"2","0.5","0.5","0.45",62.5,50,16.7,"0.423","0.516","0.411",0
"Montes De Oca, Christian",801216,"AZ","SL","Slider",3.8,1,"14",30.4,"2","0","0","0",28.6,0,0,"0.029","0.029","0.028",0
"Jameson, Drey",686753,"AZ","CH","Changeup",3.4,0,"13",24.5,"2","0","0","0",20,0,0,"0.322","0.33","0.291",0
"Thomas, Connor",671162,"MIL","FF","4-Seam Fastball",-19.1,-1,"5",4.2,"2","0.5","2","1",50,50,33.3,"0.5","2","1",100
"Gasser, Robert",688107,"MIL","FC","Cutter",-60.5,-2,"3",2.9,"2","1","4","1.35",0,0,,"0.889","3.536","1.246",100
"Mena, Cristian",691441,"AZ","CH","Changeup",3.7,1,"15",15,"2","0","0","0",50,50,50,"0.08","0.081","0.074",0
"Pivetta, Nick",601713,"SD","SL","Slider",-11.1,-2,"14",0.5,"2","1","2.5","1.45",16.7,0,0,"0.633","1.471","0.894",50
"Mederos, Victor",682989,"LAA","FS","Split-Finger",-23.4,-1,"5",1.6,"2","1","1.5","1.075",0,0,,"0.58","0.82","0.603",100
"Winn, Keaton",676775,"SF","SL","Slider",-4.6,0,"8",4.8,"2","0.5","0.5","0.45",25,0,0,"0.063","0.084","0.059",0
"Anderson, Shaun",641312,"LAA","SI","Sinker",-19.4,-1,"7",3.2,"2","1","1.5","1.075",0,0,0,"0.521","0.686","0.52",50
"Díaz, Jhonathan",646242,"SEA","SL","Slider",5.8,1,"12",46.2,"2","0","0","0",14.3,0,0,"0.056","0.074","0.059",0
"Thornton, Trent",663423,"SEA","SL","Slider",0.7,0,"6",0.9,"2","0","0","0.35",0,0,0,"0.263","0.344","0.486",0
"Jackson, Luke",592426,"SEA","SI","Sinker",21,1,"3",0.4,"2","0","0","0",33.3,50,100,"0.006","0.009","0.007",0
"Hampson, Garrett",641658,"STL","SL","Slider",25.7,1,"2",66.7,"2","0","0","0",0,0,,"0.186","0.211","0.173",0
"Jax, Griffin",643377,"TB","CU","Curveball",-12.3,0,"2",0.2,"2","0.5","0.5","0.45",0,0,0,"0.462","0.556","0.446",50
"Wilson, Will",669717,"CLE","SL","Slider",4.3,1,"15",57.7,"2","0","0","0",0,0,0,"0.649","1.283","0.807",100
"Englert, Mason",669438,"TB","SV","Slurve",-45.1,-2,"5",0.7,"2","1","2.5","1.45",0,0,0,"0.904","2.282","1.325",50
"Gasser, Robert",688107,"MIL","CH","Changeup",-3.7,0,"11",10.8,"2","0.5","1","0.625",0,0,0,"0.448","0.633","0.456",50
"Castaño, Blas",680604,"SEA","FF","4-Seam Fastball",-34.2,-2,"5",10,"2","1","4","1.35",0,0,0,"0.688","2.655","1.025",100
"Burns, Chase",695505,"CIN","SI","Sinker",-17.9,-1,"8",1,"2","1","1.5","1.075",0,0,0,"0.335","0.687","0.431",100
"McKenzie, Triston",663474,"CLE","SL","Slider",-16.4,-1,"8",6.5,"2","1","1.5","1.075",0,0,0,"0.636","1.053","0.716",100
"Wynne, Randy",691094,"CIN","SL","Slider",-18.7,-1,"3",6.4,"2","0.5","0.5","0.45",0,0,0,"0.237","0.249","0.218",50
"Gilbreath, Lucas",656458,"COL","SL","Slider",5.4,0,"8",44.4,"2","0","0","0",33.3,50,20,"0.344","0.382","0.321",0
"Gilbreath, Lucas",656458,"COL","FF","4-Seam Fastball",-18.1,-1,"7",38.9,"2","0.5","2","1",50,50,33.3,"0.485","1.883","0.958",100
"Peralta, Luis",678821,"COL","CH","Changeup",-3.3,0,"10",2.3,"2","0.5","0.5","0.9",0,0,0,"0.473","0.525","0.436",50
"Seabold, Connor",657756,"ATL","ST","Sweeper",-16.3,0,"3",1.6,"2","0.5","0.5","0.45",0,0,0,"0.097","0.123","0.092",0
"Vodnik, Victor",680767,"COL","SI","Sinker",-31,-1,"4",0.4,"2","1","2","0.975",0,0,0,"0.306","0.424","0.502",0
"Rogers, Jake",668670,"DET","KN","Knuckleball",1.7,0,"5",10.2,"2","0","0","0.35",0,0,0,"0.232","0.254","0.456",0
"Trevino, Jose",624431,"CIN","KN","Knuckleball",-3.5,0,"13",27.7,"2","0.5","0.5","0.45",0,50,33.3,"0.41","0.482","0.382",100
"Agnos, Zach",688642,"COL","CU","Curveball",8.1,0,"2",0.4,"1","0","0","0",0,0,,"0.109","0.151","0.098",0
"King, John",667463,"STL","ST","Sweeper",16.5,0,"1",0.1,"1","0","0","0",0,0,0,"0.165","0.364","0.221",0
"Quantrill, Cal",615698,"ATL","CH","Changeup",2.5,0,"6",0.3,"1","0","0","0",0,0,0,"0.423","0.448","0.381",100
"Raquet, Nick",675919,"STL","FF","4-Seam Fastball",11.3,0,"3",11.1,"1","0","0","0",0,0,,"0.003","0.003","0.002",0
"Duran, Carlos",679922,"ATH","SL","Slider",2.5,0,"6",22.2,"1","0","0","0",0,0,0,"0.008","0.008","0.007",0
"Olson, Reese",681857,"DET","ST","Sweeper",-3.4,0,"5",0.4,"1",,,"0.7",0,0,0,,,"0.7",
"Tate, Dillon",622253,"TOR","FF","4-Seam Fastball",-24.4,-1,"3",2.2,"1","1","1","0.9",0,0,0,"0.77","0.909","0.735",0
"Piña, Robinson",673820,"TOR","SL","Slider",-8.8,-1,"10",16.4,"1","1","1","0.9",0,0,0,"0.686","0.967","0.713",100
"Hahn, Jesse",534910,"SEA","CU","Curveball",-6,-1,"11",13.9,"1","1","1","0.9",33.3,0,0,"0.294","0.331","0.265",0
"Heuer, Codi",676051,"DET","CH","Changeup",6.9,0,"5",5.7,"1","0","0","0",33.3,0,0,"0.06","0.06","0.057",0
"Rock, Joe",697812,"TB","CH","Changeup",3.5,0,"10",6.9,"1","0","0","0",25,0,0,"0.142","0.145","0.128",0
"Poteet, Cody",547001,"BAL","ST","Sweeper",3.2,0,"4",5.9,"1","0","0","0",0,0,0,"0.033","0.106","0.057",0
"Pérez, Cionel",672335,"BAL","FC","Cutter",1.4,0,"7",1.6,"1","0","0","0",0,0,0,"0.582","0.667","0.552",100
"Díaz, Jhonathan",646242,"SEA","CU","Curveball",7.9,0,"3",11.5,"1","0","0","0",0,0,0,"0.752","0.852","0.698",0
"Hiraldo, Yaramil",682274,"BAL","SI","Sinker",6,0,"2",0.6,"1","0","0","0",0,0,,"0.005","0.007","0.005",100
"Vázquez, Luis",676679,"BAL","SL","Slider",22,0,"1",3.1,"1","0","0","0",0,0,,"0.478","0.54","0.438",100
"Thompson, Zach",605507,"ATL","CU","Curveball",0.7,0,"9",15,"1","0","0","0",25,0,0,"0.213","0.213","0.196",0
"Sousa, Bennett",656986,"HOU","SI","Sinker",-1.4,0,"10",1.4,"1","1","1","0.9",20,0,0,"0.949","1.08","0.901",0
"Kimbrel, Craig",518886,"HOU","CH","Changeup",-15.2,-2,"12",5.2,"1","1","4","2",33.3,0,0,"0.794","3.064","1.565",100
"McDonald, Trevor",686790,"SF","FC","Cutter",5.1,1,"11",5.2,"1","0","0","0",60,0,0,"0.443","0.508","0.413",100
"Espada, Jose",664744,"BAL","SL","Slider",8.2,0,"6",20.7,"1","0","0","0",0,0,0,"0.104","0.104","0.097",0
"Kremer, Dean",665152,"BAL","SL","Slider",1.9,0,"3",0.1,"1","0","0","0",0,0,0,"0.096","0.117","0.09",0
"Bowden, Ben",641386,"ATH","CU","Curveball",-30.3,-1,"2",1.1,"1","0","0","0.9",0,0,0,"0.148","0.169","0.133",0
"Bautista, Félix",642585,"BAL","FC","Cutter",6,0,"3",0.5,"1","0","0","0",0,0,,"0.539","0.581","0.488",0
"Barnes, Jacob",606930,"TOR","FS","Split-Finger",0.1,0,"10",6.8,"1","0","0","0",50,0,0,"0.118","0.177","0.111",0
"Stallings, Jacob",607732,"BAL","CH","Changeup",7,0,"3",11.5,"1","0","0","0",0,0,0,"0.443","0.445","0.399",0
"McDermott, Chayce",694646,"BAL","ST","Sweeper",1,0,"5",2.6,"1","0","0","0",50,100,50,,,"0",
"Wiles, Nathan",686249,"ATL","FC","Cutter",5.3,0,"6",25,"1","0","0","0",0,0,0,"0.468","0.754","0.514",100
"McDermott, Chayce",694646,"BAL","CU","Curveball",7.4,0,"2",1,"1","0","0","0",100,100,100,,,"0",
"France, J.P.",641585,"HOU","CH","Changeup",9.1,0,"4",5.3,"1","0","0","0",33.3,0,0,"0.316","0.38","0.297",0
"Kingery, Scott",664068,"LAA","SL","Slider",-44.6,0,"1",2.7,"1","1","1","0.9",0,0,,"0.612","2.321","1.189",100
"McDaniels, Garrett",680729,"LAA","CU","Curveball",-11.4,-1,"8",4.2,"1","1","1","0.9",0,0,0,"0.082","0.083","0.078",0
"Gausman, Kevin",592332,"TOR","SI","Sinker",10.2,0,"2",0.1,"1","0","0","0",0,0,,"0.008","0.009","0.008",0
"Steele, Justin",657006,"CHC","CU","Curveball",0.7,0,"12",3.8,"1","0","0","0",0,100,14.3,,,"0",
"Turnbull, Spencer",605513,"TOR","SL","Slider",4.7,0,"9",7.2,"1","0","0","0",75,100,50,,,"0",
"Muñoz, Roddery",682610,"STL","CH","Changeup",-1.5,0,"7",3.1,"1",,,"0",0,0,0,,,"0.556",0
"Chavez, Jesse",445926,"ATL","SL","Slider",-8.5,-1,"8",4.7,"1","1","2","1.25",25,0,0,"0.896","1.16","0.896",100
"Bolton, Cody",675989,"CLE","FC","Cutter",9.5,0,"3",7.5,"1","0","0","0",0,0,,"0.06","0.064","0.059",0
"Burgos, Juan",686228,"AZ","CH","Changeup",-16.2,-1,"5",2.3,"1","1","2","1.25",0,0,0,"0.82","0.985","0.789",0
"Cecconi, Slade",677944,"CLE","ST","Sweeper",8,0,"4",0.2,"1","0","0","0",33.3,100,50,,,"0",
"Zuber, Tyler",676604,"MIA","FC","Cutter",3,0,"5",2,"1",,,"0",0,0,0,,,"0.041",0
"Pérez, Eury",691587,"MIA","FC","Cutter",2.2,0,"16",1,"1","0","0","0",33.3,0,0,"0.008","0.008","0.007",0
"Weems, Jordan",607179,"HOU","FS","Split-Finger",-2.6,0,"11",11.2,"1","0","0","0",50,0,0,"0.01","0.01","0.009",0
"Nikhazy, Doug",680951,"CLE","ST","Sweeper",5.4,0,"6",5.6,"1","0","0","0",66.7,100,50,,,"0",
"Holderman, Colin",670059,"PIT","SL","Slider",6.3,0,"4",0.8,"1","0","0","0",100,100,50,,,"0",
"Allen, Logan",671106,"CLE","SL","Slider",1.1,0,"4",0.1,"1","0","0","0",50,100,25,,,"0",
"Monteverde, Patrick",687287,"MIA","CH","Changeup",1.9,0,"9",10.3,"1","0","0","0",0,0,0,"0.331","0.355","0.301",0
"Ruiz, José",614179,"ATL","SL","Slider",11,0,"2",0.7,"1","0","0","0",0,0,0,"0.018","0.02","0.016",0
"Joyce, Ben",690829,"LAA","CH","Changeup",30.1,0,"1",1.4,"1","0","0","0",0,0,,"0.074","0.074","0.07",0
"Fulmer, Michael",605242,"CHC","CU","Curveball",-8.4,-1,"8",8.9,"1","1","2","1.25",0,0,0,"0.982","1.124","0.933",0
"Whitley, Forrest",666215,"TB","CH","Changeup",8.8,0,"3",1.2,"1","0","0","0",33.3,100,50,,,"0",
"Sommers, Drew",805427,"DET","CH","Changeup",-44.7,0,"1",1.3,"1","1","1","0.9",0,0,,"0.403","0.501","0.404",0
"Mattson, Isaac",676755,"PIT","CU","Curveball",-3.7,0,"9",1.2,"1","1","1","0.9",0,0,0,"0.405","0.446","0.375",0
"López, Reynaldo",625643,"ATL","CH","Changeup",-19.5,0,"2",2.1,"1","1","1","0.9",0,0,,"0.944","1.183","0.925",100
"Raquet, Nick",675919,"STL","SI","Sinker",4.5,0,"8",29.6,"1","0","0","0",0,0,0,"0.575","0.694","0.546",0
"Mlodzinski, Carmen",669387,"PIT","FC","Cutter",-40.6,0,"1",0.1,"1","1","1","0.9",0,0,,"0.82","0.985","0.789",0
"Mantiply, Joe",573009,"AZ","FF","4-Seam Fastball",-16,-1,"4",2.1,"1","1","1","0.9",0,0,0,"0.954","1.324","1.003",100
"VanWey, Logan",701121,"HOU","FC","Cutter",6.3,0,"6",3.3,"1","0","0","0",0,0,0,"0.085","0.088","0.082",0
"White, Owen",669391,"CWS","SI","Sinker",0.7,0,"7",5.9,"1",,,"0.7",25,0,0,,,"0.7",
"Kelly, Casey",543391,"AZ","CH","Changeup",-6,0,"4",16.7,"1","1","1","0.9",33.3,0,0,"0.818","1.08","0.817",100
"Hoffmann, Andrew",694851,"AZ","CU","Curveball",-8,0,"6",2.4,"1","1","1","0.9",0,0,,"0.456","0.473","0.41",100
"Smith, Shane",681343,"CWS","ST","Sweeper",10.9,0,"3",0.1,"1","0","0","0",50,100,100,,,"0",
"Wilson, Will",669717,"CLE","CU","Curveball",-83.5,-2,"2",7.7,"1","1","4","2",0,0,,"0.547","2.158","1.098",100
"Fuentes, Didier",800311,"ATL","FS","Split-Finger",-9.3,-1,"9",3.1,"1","1","1","0.9",0,0,0,"0.366","0.385","0.329",100
"Petersen, Michael",656848,"MIA","SI","Sinker",4.7,0,"8",2.4,"1","0","0","0",20,0,0,"0.103","0.127","0.093",100
"Martinez, Seth",661527,"MIA","CH","Changeup",-0.8,0,"13",10.8,"1","0","0","0",0,0,0,"0.238","0.26","0.219",0
"Roa, Christian",685005,"MIA","CH","Changeup",2.9,0,"3",7.3,"1","0","0","0",0,0,0,"0.259","0.967","0.494",100
"Roa, Christian",685005,"MIA","SL","Slider",-1.8,0,"12",29.3,"1",,,"0.7",0,0,0,,,"0.7",
"Merryweather, Julian",657240,"CHC","ST","Sweeper",3.2,0,"5",1.4,"1","0","0","0",0,100,20,,,"0",
"Keller, Mitch",656605,"PIT","FC","Cutter",-17.1,-1,"3",0.1,"1","1","2","1.25",0,0,,"0.698","2.332","1.234",100
"Hudson, Bryan",663542,"CWS","FC","Cutter",0.2,0,"11",3.5,"1","0","0","0",0,0,,"0.099","0.139","0.092",0
"Bazardo, Eduard",660825,"SEA","FC","Cutter",-15.5,0,"3",0.2,"1","1","1","0.9",0,0,,"0.259","0.301","0.233",0
"Thompson, Ryan",657044,"AZ","FS","Split-Finger",-64.3,-1,"2",0.3,"1","1","4","2",0,0,0,"0.995","3.962","2.006",100
"Morejon, Adrian",670970,"SD","FF","4-Seam Fastball",-0.1,0,"32",3.2,"1","0","0","0",30,100,9.1,,,"0",
"Waldron, Matt",663362,"SD","ST","Sweeper",11.2,0,"3",2.9,"1","0","0","0",0,0,0,"0.604","2.361","1.195",100
"Pivetta, Nick",601713,"SD","FS","Split-Finger",1.8,0,"5",0.2,"1","0","0","0",0,0,0,"0.263","0.879","0.457",100
"Cruz, Omar",678316,"SD","CU","Curveball",0.6,0,"9",11.1,"1","0","0","0",0,0,0,"0.198","0.767","0.393",100
"Kittredge, Andrew",552640,"CHC","FS","Split-Finger",1.1,0,"7",0.9,"1","0","0","0",50,100,25,,,"0",
"Fulmer, Michael",605242,"CHC","ST","Sweeper",4.3,0,"4",4.4,"1","0","0","0",50,100,50,,,"0",
"Adam, Jason",592094,"SD","FC","Cutter",11.1,0,"3",0.3,"1","0","0","0",33.3,0,0,"0.02","0.057","0.031",100
"Sulser, Cole",642121,"TB","ST","Sweeper",6.8,0,"2",0.5,"1","0","0","0",100,100,50,,,"0",
"Palencia, Daniel",694037,"CHC","CU","Curveball",9.1,0,"3",0.4,"1","0","0","0",0,0,,"0.067","0.091","0.065",0
"Bauers, Jake",641343,"MIL","FF","4-Seam Fastball",-9.1,0,"3",3.8,"1",,,"0.7",,0,0,,,"0.7",
"Zastryzny, Rob",642239,"MIL","FS","Split-Finger",-0.9,0,"18",5.2,"1","0","0","0",80,100,33.3,,,"0",
"Weems, Jordan",607179,"HOU","CU","Curveball",9.8,0,"2",2,"1","0","0","0",0,0,0,"0.008","0.008","0.007",0
"Richardson, Lyon",680689,"CIN","SL","Slider",7.6,0,"2",0.3,"1","0","0","0",100,100,100,,,"0",
"Alexander, Jason",669920,"HOU","SL","Slider",7.9,0,"2",0.2,"1",,,"0",0,0,0,,,"0.436",100
"Miller, Shelby",571946,"MIL","FC","Cutter",30.1,0,"1",0.1,"1","0","0","0",0,0,,"0.273","1.063","0.541",100
"Gibaut, Ian",664139,"CIN","CH","Changeup",3,0,"13",3.4,"1","0","0","0",0,0,0,"0.322","0.394","0.29",0
"Greene, Hunter",668881,"CIN","CU","Curveball",6.3,0,"2",0.1,"1","0","0","0",100,100,50,,,"0",
"Civale, Aaron",650644,"CHC","ST","Sweeper",5.5,0,"6",0.3,"1","0","0","0",0,0,0,"0.001","0.001","0",0
"Miley, Wade",489119,"CIN","CU","Curveball",0,0,"1",0.5,"1",,,"0.7",0,0,0,,,"0.7",
"Zimmermann, Bruce",669145,"MIL","CU","Curveball",2.4,0,"12",13.2,"1","0","0","0",0,0,0,"0.286","0.307","0.26",100
"Miller, Shelby",571946,"MIL","SL","Slider",8.2,0,"6",0.9,"1","0","0","0",0,0,,"0.494","0.651","0.496",0
"Montes De Oca, Christian",801216,"AZ","CH","Changeup",5.2,0,"4",8.7,"1","0","0","0",0,0,0,"0.028","0.05","0.026",0
"Gillaspie, Logan",670810,"SD","ST","Sweeper",-25.1,-1,"2",1.8,"1","1","1","0.9",0,0,0,"0.805","0.931","0.759",0
"Bolton, Cody",675989,"CLE","FF","4-Seam Fastball",-21.7,-1,"3",7.5,"1","1","1","0.9",0,0,,"0.635","0.701","0.582",100
"Gillaspie, Logan",670810,"SD","SI","Sinker",-9.9,0,"4",3.6,"1","1","1","0.9",0,0,0,"0.919","1.146","0.897",100
"Morejon, Adrian",670970,"SD","KN","Knuckleball",-13.8,-1,"5",0.5,"1","1","1","0.9",0,0,0,"0.511","0.547","0.46",0
"Koss, Christian",683766,"SF","KN","Knuckleball",-21.3,0,"2",4.8,"1","1","1","0.9",0,0,0,"0.476","0.535","0.436",0
"Kelly, Casey",543391,"AZ","SL","Slider",1.2,0,"5",20.8,"1","0","0","0",50,0,0,"0.066","0.1","0.073",0
"Díaz, Jhonathan",646242,"SEA","FF","4-Seam Fastball",-15.3,0,"3",11.5,"1","1","1","0.9",0,0,0,"0.547","0.588","0.501",100
"Roberts, Ethan",681799,"CHC","SI","Sinker",4.1,0,"9",6.3,"1","0","0","0",0,0,,"0.259","0.26","0.238",0
"Blubaugh, AJ",805123,"HOU","CU","Curveball",1.2,0,"17",3.4,"1","0","0","0",16.7,100,20,,,"0",
"Gallen, Zac",668678,"AZ","FC","Cutter",21.4,0,"2",0.1,"1","0","0","0",0,0,0,"0.153","0.193","0.143",0
"Maeda, Kenta",628317,"DET","FC","Cutter",18.2,0,"1",0.6,"1","0","0","0",0,0,0,"0.028","0.044","0.032",0
"Winn, Cole",668390,"TEX","CU","Curveball",0.3,0,"6",1,"1","0","0","0",0,0,0,"0.005","0.005","0.005",0
"Clase, Emmanuel",661403,"CLE","SI","Sinker",-9.5,-1,"7",0.9,"1","1","1","0.9",25,0,0,"0.942","1.208","0.941",100
"Abreu, Bryan",650556,"HOU","CH","Changeup",-9,0,"5",0.4,"1",,,"0.7",,0,0,,,"0.7",
"Garcia, Luis",677651,"HOU","CU","Curveball",-3.1,0,"13",12.3,"1",,,"0.7",0,0,0,,,"0.7",
"Barlow, Scott",605130,"CIN","CH","Changeup",-40,0,"1",0.1,"1",,,"0.7",,0,,,,"0.7",
"Seabold, Connor",657756,"ATL","SL","Slider",6.4,0,"4",2.2,"1","0","0","0",50,100,25,,,"0",
"Harris, Hayden",802686,"ATL","ST","Sweeper",-5.4,0,"6",12,"1",,,"0.7",50,0,0,,,"0.7",
"Church, Marc",687847,"TEX","CH","Changeup",3.5,0,"3",3,"1","0","0","0",100,100,100,,,"0",
"Kelly, Casey",543391,"AZ","SI","Sinker",6.2,0,"4",16.7,"1","0","0","0",0,0,,"0.129","0.15","0.121",0
"Thompson, Zach",605507,"ATL","CH","Changeup",0.4,0,"8",13.3,"1","0","0","0",100,100,33.3,,,"0",
"Rooney, John",680701,"HOU","SI","Sinker",-6.2,0,"5",21.7,"1",,,"0.7",,0,,,,"0.7",
"Salazar, Eduardo",674285,"WSH","CH","Changeup",-7.2,-1,"8",1.5,"1","1","1","0.9",0,0,0,"0.582","0.667","0.552",100
"Sims, Lucas",608371,"WSH","SI","Sinker",-2.2,0,"8",2.9,"1","1","1","0.9",20,0,0,"0.392","0.399","0.353",100
"Merryweather, Julian",657240,"CHC","CH","Changeup",-16.7,-1,"4",1.1,"1","1","1","0.9",0,0,0,"0.886","1.015","0.84",0
"Morán, Jovani",663558,"BOS","ST","Sweeper",5.5,0,"5",6.3,"1","0","0","0",33.3,0,0,"0.21","0.21","0.189",0
"Nelson, Kyle",669459,"AZ","FC","Cutter",-19.5,0,"1",2.3,"1",,,"0.7",,0,0,,,"0.7",
"Chafin, Andrew",605177,"LAA","CH","Changeup",4.6,0,"4",0.7,"1","0","0","0",50,0,0,"0.01","0.013","0.01",0
"Dobbins, Hunter",690928,"BOS","SI","Sinker",1.8,0,"13",1.4,"1","0","0","0",40,0,0,"0.067","0.067","0.064",100
"Englert, Mason",669438,"TB","ST","Sweeper",6.7,0,"3",0.4,"1","0","0","0",100,100,100,,,"0",
"Loutos, Ryan",702795,"WSH","SI","Sinker",-9.1,-1,"12",5.2,"1","1","4","2",20,0,0,"1","4","2",100
"Pearson, Nate",663878,"CHC","SI","Sinker",-11.4,-1,"7",2.5,"1","1","1","0.9",50,0,,"0.587","0.616","0.529",100
"Jarvis, Bryce",686826,"AZ","CU","Curveball",-0.3,0,"19",4.6,"1","0","0","0",100,100,33.3,,,"0",
"Davis, Noah",663562,"MIN","SL","Slider",-39.2,-2,"5",2,"1","1","4","2",0,0,0,"0.57","2.236","1.13",100
"Stock, Robert",476594,"BOS","CH","Changeup",8.5,0,"3",5.1,"1","0","0","0",50,0,,"0.018","0.039","0.023",0
"Morán, Jovani",663558,"BOS","FC","Cutter",2.3,0,"14",17.5,"1","0","0","0",25,0,,"0.405","0.446","0.375",0
"Garcia, Brandyn",805299,"AZ","CH","Changeup",-5.9,0,"6",2.2,"1",,,"0.7",50,0,0,,,"0.7",
"Gillispie, Connor",687362,"MIA","CU","Curveball",-19.6,-1,"5",1.1,"1","1","2","1.25",0,0,,"0.504","0.89","0.59",100
"Crochet, Garrett",676979,"BOS","FS","Split-Finger",-9.9,0,"1",0,"1",,,"0.7",,0,,,,"0.7",
"Sims, Lucas",608371,"WSH","FC","Cutter",3.6,0,"4",1.4,"1","0","0","0",100,100,100,,,"0",
"Dunning, Dane",641540,"ATL","FF","4-Seam Fastball",-21.3,0,"2",0.5,"1","1","1","0.9",0,0,,"0.835","1.033","0.81",100
"Pop, Zach",647315,"NYM","ST","Sweeper",3.2,0,"5",3.9,"1","0","0","0",33.3,100,33.3,,,"0",
"Hamel, Dom",687589,"NYM","FF","4-Seam Fastball",-16.3,0,"2",15.4,"1",,,"0.7",,0,,,,"0.7",
"Adcock, Ty",686654,"NYM","FS","Split-Finger",3.1,0,"5",6.1,"1","0","0","0",33.3,100,25,,,"0",
"Yamamoto, Yoshinobu",808967,"LAD","ST","Sweeper",-73.3,-1,"1",0,"1","1","2","1.25",0,0,0,"0.133","0.178","0.121",0
"Stratton, Chris",608717,"LAD","SI","Sinker",-5.2,-1,"11",2.7,"1","1","1","0.9",33.3,0,,"0.727","0.879","0.693",100
"Little, Jack",669193,"LAD","FS","Split-Finger",-6.3,0,"7",15.9,"1","1","1","0.9",33.3,0,0,"0.153","0.154","0.138",0
"Newman, Kevin",621028,"LAA","KN","Knuckleball",1.8,0,"5",14.7,"1","0","0","0",0,0,0,"0.015","0.015","0.014",0
"Wicks, Jordan",696136,"CHC","CU","Curveball",-23.8,0,"2",0.9,"1","1","1","0.9",0,0,,"0.234","0.238","0.211",0
"Phillips, Evan",623465,"LAD","FC","Cutter",8.2,1,"7",7.6,"1","0","0","0",25,0,,"0.716","0.843","0.682",0
"Díaz, Jhonathan",646242,"SEA","CH","Changeup",3.7,0,"5",19.2,"1","0","0","0",33.3,100,50,,,"0",
"Fitzgerald, Ryan",680837,"MIN","CU","Curveball",3.3,0,"2",8.3,"1","0","0","0",0,0,,"0.47","1.842","0.934",100
"Detmers, Reid",672282,"LAA","CH","Changeup",-255.9,-3,"1",0.1,"1","1","4","2",0,0,,"0.043","0.147","0.08",100
"Johnson, Ryan",696270,"LAA","FF","4-Seam Fastball",-59.3,-1,"2",0.7,"1","1","4","2",0,0,,"0.713","2.81","1.423",100
"Hahn, Jesse",534910,"SEA","FF","4-Seam Fastball",5.4,0,"8",10.1,"1","0","0","0",100,100,100,,,"0",
"Pereda, Jhonny",640902,"MIN","FF","4-Seam Fastball",1,0,"9",12.9,"1","0","0","0",20,100,12.5,,,"0",
"Ohl, Pierson",701487,"MIN","KN","Knuckleball",-0.3,0,"5",0.9,"1","0","0","0",50,100,20,,,"0",
"Whisenhunt, Carson",687931,"SF","CU","Curveball",4.2,0,"4",1,"1","0","0","0",0,0,,"0.871","1.085","0.867",100
"Hampson, Garrett",641658,"STL","CU","Curveball",25.9,0,"1",33.3,"1","0","0","0",0,0,,"0.187","0.245","0.173",0
"Sasaki, Roki",808963,"LAD","SI","Sinker",14.6,0,"2",0.3,"1","0","0","0",100,100,100,,,"0",
"Mayza, Tim",641835,"PHI","FF","4-Seam Fastball",0,0,"11",3.7,"1","0","0","0",20,100,12.5,,,"0",
"Hamel, Dom",687589,"NYM","ST","Sweeper",4.5,0,"4",30.8,"1","0","0","0",0,0,0,"0.05","0.051","0.05",0
"Soriano, José",667755,"LAA","CH","Changeup",-1.6,0,"10",0.4,"1","0","0","0",33.3,100,10,,,"0",
"de Geus, Brett",676969,"PHI","CU","Curveball",-3.3,0,"9",19.1,"1",,,"0.7",0,0,0,,,"0.7",
"Alvarado, José",621237,"PHI","FF","4-Seam Fastball",2.5,0,"9",2,"1","0","0","0",0,0,0,"0.005","0.005","0.005",0
"Tidwell, Blade",694918,"NYM","CU","Curveball",22.9,0,"1",0.3,"1","0","0","0",0,0,,"0.03","0.053","0.037",0
"Garza, Justin",621057,"NYM","FS","Split-Finger",5.8,0,"3",3.5,"1","0","0","0",0,0,,"0.028","0.077","0.044",0
"Robertson, David",502085,"PHI","CH","Changeup",4.2,0,"3",1,"1","0","0","0",0,0,0,"0.236","0.236","0.217",0
"Mey, Luis",682825,"CIN","FF","4-Seam Fastball",4.9,0,"8",1.9,"1","0","0","0",0,0,,"0.039","0.039","0.038",0
"de Geus, Brett",676969,"PHI","FS","Split-Finger",3.8,0,"4",8.5,"1","0","0","0",0,0,0,"0.137","0.137","0.127",0
"Núñez, Dedniel",673380,"NYM","CH","Changeup",-70.1,-1,"2",1.1,"1","1","4","2",0,0,0,"0.484","1.867","0.944",100
"Hoffman, Nolan",676510,"PHI","CH","Changeup",10.1,0,"3",11.5,"1","0","0","0",0,0,0,"0.082","0.104","0.079",0
"Monteverde, Patrick",687287,"MIA","SL","Slider",-15,0,"3",3.4,"1","1","1","0.9",0,0,,"0.466","0.512","0.429",100
"Ottavino, Adam",493603,"NYY","FF","4-Seam Fastball",-1.1,0,"10",23.8,"1","0","0","0",33.3,100,16.7,,,"0",
"Winans, Allan",642216,"NYY","CU","Curveball",-8.4,0,"5",2.9,"1",,,"0.7",0,0,0,,,"0.7",
"Leiter Jr., Mark",643410,"NYY","FF","4-Seam Fastball",2.3,0,"4",0.5,"1","0","0","0",100,100,33.3,,,"0",
"McGee, Easton",668834,"MIL","CH","Changeup",-20.4,-1,"4",1.8,"1","1","1","0.9",0,0,0,"0.172","0.31","0.198",0
"Owens, Tyler",687074,"DET","FS","Split-Finger",3.5,0,"5",7.6,"1","0","0","0",0,0,0,"0.06","0.061","0.059",0
"Wiles, Nathan",686249,"ATL","CH","Changeup",-4.5,0,"9",37.5,"1","1","1","0.9",20,0,0,"0.62","0.706","0.583",100
"Hamel, Dom",687589,"NYM","FC","Cutter",-31.1,0,"1",7.7,"1","1","1","0.9",0,0,,"0.846","1.189","0.874",100
"Díaz, Edwin",621242,"NYM","CH","Changeup",-48.9,0,"1",0.1,"1","1","1","0.9",0,0,0,"0.944","1.215","0.94",100
"Monteverde, Patrick",687287,"MIA","SI","Sinker",-3.5,0,"11",12.6,"1","1","1","0.9",0,0,0,"0.389","0.432","0.352",0
"Hamel, Dom",687589,"NYM","CH","Changeup",-58.8,-1,"1",7.7,"1","1","1","0.9",0,0,,"0.962","1.098","0.908",0
"Maile, Luke",571912,"KC","KN","Knuckleball",11.6,0,"2",15.4,"1","0","0","0",0,0,0,"0.112","0.134","0.105",0
"Hill, Rich",448179,"KC","CH","Changeup",18.2,0,"1",0.6,"1","0","0","0",0,0,0,"0.163","0.205","0.152",0
"Matzek, Tyler",554431,"NYY","SI","Sinker",0.9,0,"9",7.1,"1","0","0","0",33.3,0,0,"0.633","1.07","0.726",100
"Castaño, Blas",680604,"SEA","ST","Sweeper",-4.7,0,"6",12,"1",,,"0.7",0,0,0,,,"0.7",
"Mercado, Michael",675650,"PHI","CU","Curveball",-5.5,-1,"13",15.3,"1","1","1","0.9",50,0,0,"0.473","0.512","0.438",100
"Stratton, Hunter",676702,"ATL","FS","Split-Finger",4,0,"4",1.2,"1","0","0","0",0,0,0,"0.347","0.371","0.314",100
"Trivino, Lou",642152,"PHI","CU","Curveball",-4.2,0,"10",1.2,"1","1","1","0.9",0,0,0,"0.957","1.017","0.881",0
"Bachman, Sam",696147,"LAA","FF","4-Seam Fastball",-8.3,0,"6",1.8,"1",,,"0.7",,0,0,,,"0.7",
"Joyce, Ben",690829,"LAA","SL","Slider",16.8,0,"2",2.9,"1","0","0","0",0,0,,"0.142","0.282","0.171",0
"Lawrence, Casey",596271,"SEA","FC","Cutter",7.9,0,"4",1.4,"1","0","0","0",0,0,,"0.589","2.311","1.173",100
"Anderson, Nick",623433,"COL","SI","Sinker",-8.1,0,"3",1.2,"1",,,"0.7",,0,0,,,"0.7",
"Toussaint, Touki",657053,"LAA","CU","Curveball",-12.6,-1,"7",18.9,"1","1","2","1.25",66.7,0,,"0.628","0.749","0.596",0
"Suárez, Albert",544150,"BAL","SV","Slurve",-1.6,0,"22",12.7,"1","1","1","0.9",20,0,0,"0.263","0.286","0.237",0
"Sandridge, Jayvien",682144,"NYY","FF","4-Seam Fastball",-7.8,-1,"12",38.7,"1","1","4","2",0,0,0,"0.889","3.536","1.791",100
"Devenski, Chris",606965,"NYM","SL","Slider",-62.2,-1,"1",0.4,"1","1","2","1.25",0,0,,"0.648","0.904","0.664",100
"Mercado, Michael",675650,"PHI","FS","Split-Finger",-15.4,-1,"4",4.7,"1","1","1","0.9",0,0,0,"0.678","0.755","0.622",0
"Lange, Alex",656638,"DET","FF","4-Seam Fastball",-8,0,"2",10,"1",,,"0.7",0,0,0,,,"0.7",
"Perdomo, Angel",622780,"ATH","CH","Changeup",8.6,0,"3",4.2,"1","0","0","0",0,100,50,,,"0",
"White, Owen",669391,"CWS","CH","Changeup",-9.9,-1,"10",8.4,"1","1","2","1.25",0,0,,"0.243","0.31","0.222",0
"Acton, Garrett",670183,"TB","CH","Changeup",6.3,0,"4",19,"1","0","0","0",50,0,,"0.013","0.015","0.012",100