game_date,season,game_pk,pitcher_id,pitcher_name,opponent,pitch_count,model_correct,baseline_correct,model_accuracy,baseline_accuracy,accuracy_over_baseline,accuracy_over_baseline_pp,relative_improvement,relative_improvement_percent,baseline_strategy,model_version,feature_version,evaluation_version,model_path,predictions_path,summary_path,evaluated_at_utc
2026-08-18,2026,822938,667755,José Soriano,Tampa Bay Rays,91,34,22,0.3736263736263736,0.2417582417582417,0.1318681318681318,13.186813186813188,0.5454545454545454,54.54545454545454,stratified,,,,Data/daily_pipeline/models/2026-08-18/pitchers/667755.joblib,Data/daily_pipeline/predictions/postgame/2026-08-18/822938_667755.csv,Data/daily_pipeline/predictions/postgame/2026-08-18/822938_667755.json,2026-08-21T22:41:26.895295+00:00
2026-08-18,2026,822938,607259,Nick Martinez,Toronto Blue Jays,82,31,11,0.3780487804878049,0.1341463414634146,0.2439024390243902,24.390243902439025,1.818181818181818,181.8181818181818,stratified,,,,Data/daily_pipeline/models/2026-08-18/pitchers/607259.joblib,Data/daily_pipeline/predictions/postgame/2026-08-18/822938_607259.csv,Data/daily_pipeline/predictions/postgame/2026-08-18/822938_607259.json,2026-08-21T22:42:13.058987+00:00
2026-08-18,2026,823341,677952,Braxton Ashcraft,Detroit Tigers,80,28,23,0.35,0.2875,0.0625,6.25,0.2173913043478261,21.73913043478261,stratified,,,,Data/daily_pipeline/models/2026-08-18/pitchers/677952.joblib,Data/daily_pipeline/predictions/postgame/2026-08-18/823341_677952.csv,Data/daily_pipeline/predictions/postgame/2026-08-18/823341_677952.json,2026-08-21T22:40:03.759903+00:00
2026-08-18,2026,823341,672456,Keider Montero,Pittsburgh Pirates,78,18,21,0.2307692307692307,0.2692307692307692,-0.0384615384615384,-3.846153846153844,-0.1428571428571427,-14.285714285714276,stratified,,,,Data/daily_pipeline/models/2026-08-18/pitchers/672456.joblib,Data/daily_pipeline/predictions/postgame/2026-08-18/823341_672456.csv,Data/daily_pipeline/predictions/postgame/2026-08-18/823341_672456.json,2026-08-21T22:39:50.553897+00:00
2026-08-18,2026,823423,806188,Cade Gibson,Philadelphia Phillies,23,6,4,0.2608695652173913,0.1739130434782608,0.0869565217391304,8.695652173913043,0.5,50.0,stratified,,,,Data/daily_pipeline/models/2026-08-18/pitchers/806188.joblib,Data/daily_pipeline/predictions/postgame/2026-08-18/823423_806188.csv,Data/daily_pipeline/predictions/postgame/2026-08-18/823423_806188.json,2026-08-21T22:42:21.010310+00:00
2026-08-18,2026,823423,554430,Zack Wheeler,Miami Marlins,98,32,26,0.3265306122448979,0.2653061224489796,0.0612244897959183,6.122448979591832,0.2307692307692306,23.07692307692306,stratified,,,,Data/daily_pipeline/models/2026-08-18/pitchers/554430.joblib,Data/daily_pipeline/predictions/postgame/2026-08-18/823423_554430.csv,Data/daily_pipeline/predictions/postgame/2026-08-18/823423_554430.json,2026-08-21T22:43:33.505762+00:00
2026-08-18,2026,823586,592662,Robbie Ray,New York Mets,91,31,18,0.3406593406593406,0.1978021978021978,0.1428571428571428,14.285714285714288,0.7222222222222223,72.22222222222223,stratified,,,,Data/daily_pipeline/models/2026-08-18/pitchers/592662.joblib,Data/daily_pipeline/predictions/postgame/2026-08-18/823586_592662.csv,Data/daily_pipeline/predictions/postgame/2026-08-18/823586_592662.json,2026-08-21T22:46:19.142070+00:00
2026-08-18,2026,823586,804267,Zac Thornton,San Diego Padres,99,31,17,0.3131313131313131,0.1717171717171717,0.1414141414141414,14.141414141414144,0.8235294117647061,82.35294117647061,stratified,,,,Data/daily_pipeline/models/2026-08-18/pitchers/804267.joblib,Data/daily_pipeline/predictions/postgame/2026-08-18/823586_804267.csv,Data/daily_pipeline/predictions/postgame/2026-08-18/823586_804267.json,2026-08-21T22:46:26.038185+00:00
2026-08-18,2026,823667,641816,Tyler Mahle,Minnesota Twins,76,34,23,0.4473684210526316,0.3026315789473684,0.1447368421052631,14.473684210526317,0.4782608695652174,47.82608695652174,stratified,,,,Data/daily_pipeline/models/2026-08-18/pitchers/641816.joblib,Data/daily_pipeline/predictions/postgame/2026-08-18/823667_641816.csv,Data/daily_pipeline/predictions/postgame/2026-08-18/823667_641816.json,2026-08-21T22:47:59.362386+00:00
2026-08-18,2026,823667,805673,Zebby Matthews,Atlanta Braves,90,34,17,0.3777777777777777,0.1888888888888888,0.1888888888888888,18.88888888888889,1.0,100.0,stratified,,,,Data/daily_pipeline/models/2026-08-18/pitchers/805673.joblib,Data/daily_pipeline/predictions/postgame/2026-08-18/823667_805673.csv,Data/daily_pipeline/predictions/postgame/2026-08-18/823667_805673.json,2026-08-21T22:48:11.861549+00:00
2026-08-18,2026,823749,682243,Bryce Miller,Milwaukee Brewers,92,17,15,0.1847826086956521,0.1630434782608695,0.0217391304347825,2.1739130434782594,0.1333333333333332,13.333333333333323,stratified,,,,Data/daily_pipeline/models/2026-08-18/pitchers/682243.joblib,Data/daily_pipeline/predictions/postgame/2026-08-18/823749_682243.csv,Data/daily_pipeline/predictions/postgame/2026-08-18/823749_682243.json,2026-08-21T22:48:38.169185+00:00
2026-08-18,2026,823749,690986,Kyle Harrison,Seattle Mariners,79,50,39,0.6329113924050633,0.4936708860759494,0.1392405063291139,13.924050632911394,0.2820512820512821,28.20512820512821,stratified,,,,Data/daily_pipeline/models/2026-08-18/pitchers/690986.joblib,Data/daily_pipeline/predictions/postgame/2026-08-18/823749_690986.csv,Data/daily_pipeline/predictions/postgame/2026-08-18/823749_690986.json,2026-08-21T22:48:57.402089+00:00
2026-08-18,2026,824075,669620,Brady Basso,Kansas City Royals,32,19,13,0.59375,0.40625,0.1875,18.75,0.4615384615384615,46.15384615384615,stratified,,,,Data/daily_pipeline/models/2026-08-18/pitchers/669620.joblib,Data/daily_pipeline/predictions/postgame/2026-08-18/824075_669620.csv,Data/daily_pipeline/predictions/postgame/2026-08-18/824075_669620.json,2026-08-21T22:46:36.966151+00:00
2026-08-18,2026,824075,663738,Daniel Lynch IV,Athletics,45,18,13,0.4,0.2888888888888888,0.1111111111111111,11.111111111111116,0.3846153846153848,38.46153846153848,stratified,,,,Data/daily_pipeline/models/2026-08-18/pitchers/663738.joblib,Data/daily_pipeline/predictions/postgame/2026-08-18/824075_663738.csv,Data/daily_pipeline/predictions/postgame/2026-08-18/824075_663738.json,2026-08-21T22:47:02.191907+00:00
2026-08-18,2026,824398,687931,Carson Whisenhunt,Cleveland Guardians,80,21,20,0.2625,0.25,0.0125,1.250000000000001,0.05,5.000000000000004,stratified,,,,Data/daily_pipeline/models/2026-08-18/pitchers/687931.joblib,Data/daily_pipeline/predictions/postgame/2026-08-18/824398_687931.csv,Data/daily_pipeline/predictions/postgame/2026-08-18/824398_687931.json,2026-08-21T22:40:12.316111+00:00
2026-08-18,2026,824398,656492,Foster Griffin,San Francisco Giants,101,31,14,0.3069306930693069,0.1386138613861386,0.1683168316831683,16.83168316831683,1.214285714285714,121.4285714285714,stratified,,,,Data/daily_pipeline/models/2026-08-18/pitchers/656492.joblib,Data/daily_pipeline/predictions/postgame/2026-08-18/824398_656492.csv,Data/daily_pipeline/predictions/postgame/2026-08-18/824398_656492.json,2026-08-21T22:40:26.664489+00:00
2026-08-18,2026,824475,671096,Andrew Abbott,St. Louis Cardinals,98,42,25,0.4285714285714285,0.2551020408163265,0.173469387755102,17.3469387755102,0.6799999999999998,67.99999999999999,stratified,,,,Data/daily_pipeline/models/2026-08-18/pitchers/671096.joblib,Data/daily_pipeline/predictions/postgame/2026-08-18/824475_671096.csv,Data/daily_pipeline/predictions/postgame/2026-08-18/824475_671096.json,2026-08-21T22:41:03.836305+00:00
2026-08-18,2026,824475,681517,Kyle Leahy,Cincinnati Reds,90,28,11,0.3111111111111111,0.1222222222222222,0.1888888888888888,18.88888888888889,1.5454545454545454,154.54545454545453,stratified,,,,Data/daily_pipeline/models/2026-08-18/pitchers/681517.joblib,Data/daily_pipeline/predictions/postgame/2026-08-18/824475_681517.csv,Data/daily_pipeline/predictions/postgame/2026-08-18/824475_681517.json,2026-08-21T22:40:40.164579+00:00
2026-08-18,2026,824723,518876,Merrill Kelly,Boston Red Sox,86,33,21,0.3837209302325581,0.2441860465116279,0.1395348837209302,13.953488372093029,0.5714285714285715,57.14285714285715,stratified,,,,Data/daily_pipeline/models/2026-08-18/pitchers/518876.joblib,Data/daily_pipeline/predictions/postgame/2026-08-18/824723_518876.csv,Data/daily_pipeline/predictions/postgame/2026-08-18/824723_518876.json,2026-08-21T22:44:26.431212+00:00
2026-08-18,2026,824723,624133,Ranger Suarez,Arizona Diamondbacks,93,24,17,0.2580645161290322,0.1827956989247312,0.075268817204301,7.526881720430106,0.4117647058823528,41.17647058823529,stratified,,,,Data/daily_pipeline/models/2026-08-18/pitchers/624133.joblib,Data/daily_pipeline/predictions/postgame/2026-08-18/824723_624133.csv,Data/daily_pipeline/predictions/postgame/2026-08-18/824723_624133.json,2026-08-21T22:45:03.582102+00:00
2026-08-18,2026,824803,607074,Carlos Rodón,Baltimore Orioles,66,28,19,0.4242424242424242,0.2878787878787879,0.1363636363636363,13.636363636363637,0.4736842105263157,47.36842105263157,stratified,,,,Data/daily_pipeline/models/2026-08-18/pitchers/607074.joblib,Data/daily_pipeline/predictions/postgame/2026-08-18/824803_607074.csv,Data/daily_pipeline/predictions/postgame/2026-08-18/824803_607074.json,2026-08-21T22:39:15.033188+00:00
2026-08-18,2026,824803,669358,Shane Baz,New York Yankees,104,45,20,0.4326923076923077,0.1923076923076923,0.2403846153846154,24.03846153846154,1.25,125.0,stratified,,,,Data/daily_pipeline/models/2026-08-18/pitchers/669358.joblib,Data/daily_pipeline/predictions/postgame/2026-08-18/824803_669358.csv,Data/daily_pipeline/predictions/postgame/2026-08-18/824803_669358.json,2026-08-21T22:39:35.216052+00:00
2026-08-19,2026,822860,676917,Cade Cavalli,Texas Rangers,84,18,16,0.2142857142857142,0.1904761904761904,0.0238095238095238,2.380952380952381,0.125,12.5,stratified,,,,Data/daily_pipeline/models/2026-08-19/pitchers/676917.joblib,Data/daily_pipeline/predictions/postgame/2026-08-19/822860_676917.csv,Data/daily_pipeline/predictions/postgame/2026-08-19/822860_676917.json,2026-08-21T23:29:21.288211+00:00
2026-08-19,2026,822860,677958,Kumar Rocker,Washington Nationals,92,42,21,0.4565217391304347,0.2282608695652173,0.2282608695652173,22.82608695652174,1.0,100.0,stratified,,,,Data/daily_pipeline/models/2026-08-19/pitchers/677958.joblib,Data/daily_pipeline/predictions/postgame/2026-08-19/822860_677958.csv,Data/daily_pipeline/predictions/postgame/2026-08-19/822860_677958.json,2026-08-21T23:29:35.546096+00:00
2026-08-19,2026,822937,656876,Drew Rasmussen,Toronto Blue Jays,86,41,26,0.4767441860465116,0.3023255813953488,0.1744186046511628,17.44186046511628,0.5769230769230771,57.69230769230771,stratified,,,,Data/daily_pipeline/models/2026-08-19/pitchers/656876.joblib,Data/daily_pipeline/predictions/postgame/2026-08-19/822937_656876.csv,Data/daily_pipeline/predictions/postgame/2026-08-19/822937_656876.json,2026-08-21T23:27:29.522293+00:00
2026-08-19,2026,822937,453286,Max Scherzer,Tampa Bay Rays,73,42,24,0.5753424657534246,0.3287671232876712,0.2465753424657534,24.65753424657534,0.75,75.0,stratified,,,,Data/daily_pipeline/models/2026-08-19/pitchers/453286.joblib,Data/daily_pipeline/predictions/postgame/2026-08-19/822937_453286.csv,Data/daily_pipeline/predictions/postgame/2026-08-19/822937_453286.json,2026-08-21T23:27:04.099192+00:00
2026-08-19,2026,823342,695549,Jackson Jobe,Pittsburgh Pirates,86,31,25,0.3604651162790697,0.2906976744186046,0.069767441860465,6.976744186046507,0.2399999999999998,23.999999999999982,stratified,,,,Data/daily_pipeline/models/2026-08-19/pitchers/695549.joblib,Data/daily_pipeline/predictions/postgame/2026-08-19/823342_695549.csv,Data/daily_pipeline/predictions/postgame/2026-08-19/823342_695549.json,2026-08-21T23:18:24.259396+00:00
2026-08-19,2026,823342,694973,Paul Skenes,Detroit Tigers,81,45,24,0.5555555555555556,0.2962962962962963,0.2592592592592593,25.92592592592593,0.8750000000000002,87.50000000000003,stratified,,,,Data/daily_pipeline/models/2026-08-19/pitchers/694973.joblib,Data/daily_pipeline/predictions/postgame/2026-08-19/823342_694973.csv,Data/daily_pipeline/predictions/postgame/2026-08-19/823342_694973.json,2026-08-21T23:18:43.900791+00:00
2026-08-19,2026,823424,605400,Aaron Nola,Miami Marlins,100,37,24,0.37,0.24,0.13,13.0,0.5416666666666667,54.16666666666667,stratified,,,,Data/daily_pipeline/models/2026-08-19/pitchers/605400.joblib,Data/daily_pipeline/predictions/postgame/2026-08-19/823424_605400.csv,Data/daily_pipeline/predictions/postgame/2026-08-19/823424_605400.json,2026-08-21T23:23:29.615446+00:00
2026-08-19,2026,823424,645261,Sandy Alcantara,Philadelphia Phillies,97,31,21,0.3195876288659793,0.2164948453608247,0.1030927835051546,10.30927835051546,0.476190476190476,47.6190476190476,stratified,,,,Data/daily_pipeline/models/2026-08-19/pitchers/645261.joblib,Data/daily_pipeline/predictions/postgame/2026-08-19/823424_645261.csv,Data/daily_pipeline/predictions/postgame/2026-08-19/823424_645261.json,2026-08-21T23:22:17.720863+00:00
2026-08-19,2026,823587,650633,Michael King,New York Mets,100,35,28,0.35,0.28,0.0699999999999999,6.999999999999995,0.2499999999999998,24.999999999999982,stratified,,,,Data/daily_pipeline/models/2026-08-19/pitchers/650633.joblib,Data/daily_pipeline/predictions/postgame/2026-08-19/823587_650633.csv,Data/daily_pipeline/predictions/postgame/2026-08-19/823587_650633.json,2026-08-21T23:19:10.060721+00:00
2026-08-19,2026,823587,476594,Robert Stock,San Diego Padres,83,33,18,0.3975903614457831,0.216867469879518,0.180722891566265,18.072289156626507,0.8333333333333333,83.33333333333333,stratified,,,,Data/daily_pipeline/models/2026-08-19/pitchers/476594.joblib,Data/daily_pipeline/predictions/postgame/2026-08-19/823587_476594.csv,Data/daily_pipeline/predictions/postgame/2026-08-19/823587_476594.json,2026-08-21T23:19:19.859047+00:00
2026-08-19,2026,823664,700363,AJ Smith-Shawver,Minnesota Twins,75,28,21,0.3733333333333333,0.28,0.0933333333333333,9.333333333333332,0.3333333333333332,33.33333333333333,stratified,,,,Data/daily_pipeline/models/2026-08-19/pitchers/700363.joblib,Data/daily_pipeline/predictions/postgame/2026-08-19/823664_700363.csv,Data/daily_pipeline/predictions/postgame/2026-08-19/823664_700363.json,2026-08-21T23:19:29.271225+00:00
2026-08-19,2026,823664,671737,Taj Bradley,Atlanta Braves,88,43,23,0.4886363636363636,0.2613636363636363,0.2272727272727273,22.72727272727273,0.8695652173913044,86.95652173913044,stratified,,,,Data/daily_pipeline/models/2026-08-19/pitchers/671737.joblib,Data/daily_pipeline/predictions/postgame/2026-08-19/823664_671737.csv,Data/daily_pipeline/predictions/postgame/2026-08-19/823664_671737.json,2026-08-21T23:19:51.841686+00:00
2026-08-19,2026,823748,669160,Dustin May,Seattle Mariners,66,29,11,0.4393939393939394,0.1666666666666666,0.2727272727272727,27.27272727272727,1.6363636363636362,163.63636363636363,stratified,,,,Data/daily_pipeline/models/2026-08-19/pitchers/669160.joblib,Data/daily_pipeline/predictions/postgame/2026-08-19/823748_669160.csv,Data/daily_pipeline/predictions/postgame/2026-08-19/823748_669160.json,2026-08-21T23:29:07.215517+00:00
2026-08-19,2026,823748,669302,Logan Gilbert,Milwaukee Brewers,100,55,26,0.55,0.26,0.29,29.000000000000004,1.1153846153846154,111.53846153846156,stratified,,,,Data/daily_pipeline/models/2026-08-19/pitchers/669302.joblib,Data/daily_pipeline/predictions/postgame/2026-08-19/823748_669302.csv,Data/daily_pipeline/predictions/postgame/2026-08-19/823748_669302.json,2026-08-21T23:28:46.452369+00:00
2026-08-19,2026,824076,605488,Jeffrey Springs,Kansas City Royals,85,33,30,0.388235294117647,0.3529411764705882,0.0352941176470588,3.529411764705881,0.0999999999999999,9.999999999999996,stratified,,,,Data/daily_pipeline/models/2026-08-19/pitchers/605488.joblib,Data/daily_pipeline/predictions/postgame/2026-08-19/824076_605488.csv,Data/daily_pipeline/predictions/postgame/2026-08-19/824076_605488.json,2026-08-21T23:27:57.297543+00:00
2026-08-19,2026,824076,607625,Seth Lugo,Athletics,96,27,9,0.28125,0.09375,0.1875,18.75,2.0,200.0,stratified,,,,Data/daily_pipeline/models/2026-08-19/pitchers/607625.joblib,Data/daily_pipeline/predictions/postgame/2026-08-19/824076_607625.csv,Data/daily_pipeline/predictions/postgame/2026-08-19/824076_607625.json,2026-08-21T23:28:39.994456+00:00
2026-08-19,2026,824155,700712,Walbert Ureña,Houston Astros,94,43,31,0.4574468085106383,0.3297872340425531,0.1276595744680851,12.765957446808512,0.3870967741935485,38.70967741935485,stratified,,,,Data/daily_pipeline/models/2026-08-19/pitchers/700712.joblib,Data/daily_pipeline/predictions/postgame/2026-08-19/824155_700712.csv,Data/daily_pipeline/predictions/postgame/2026-08-19/824155_700712.json,2026-08-21T23:29:44.336862+00:00
2026-08-19,2026,824318,607536,Kyle Freeland,Los Angeles Dodgers,66,20,12,0.303030303030303,0.1818181818181818,0.1212121212121212,12.12121212121212,0.6666666666666666,66.66666666666666,stratified,,,,Data/daily_pipeline/models/2026-08-19/pitchers/607536.joblib,Data/daily_pipeline/predictions/postgame/2026-08-19/824318_607536.csv,Data/daily_pipeline/predictions/postgame/2026-08-19/824318_607536.json,2026-08-22T00:04:17.686930+00:00
2026-08-19,2026,824318,808963,Roki Sasaki,Colorado Rockies,99,36,33,0.3636363636363636,0.3333333333333333,0.0303030303030303,3.030303030303033,0.090909090909091,9.0909090909091,stratified,,,,Data/daily_pipeline/models/2026-08-19/pitchers/808963.joblib,Data/daily_pipeline/predictions/postgame/2026-08-19/824318_808963.csv,Data/daily_pipeline/predictions/postgame/2026-08-19/824318_808963.json,2026-08-21T23:30:02.687443+00:00
2026-08-19,2026,824394,800048,Parker Messick,San Francisco Giants,98,57,25,0.5816326530612245,0.2551020408163265,0.3265306122448979,32.6530612244898,1.2799999999999998,128.0,stratified,,,,Data/daily_pipeline/models/2026-08-19/pitchers/800048.joblib,Data/daily_pipeline/predictions/postgame/2026-08-19/824394_800048.csv,Data/daily_pipeline/predictions/postgame/2026-08-19/824394_800048.json,2026-08-21T23:24:52.033898+00:00
2026-08-19,2026,824476,695505,Chase Burns,St. Louis Cardinals,104,59,52,0.5673076923076923,0.5,0.0673076923076922,6.730769230769229,0.1346153846153845,13.461538461538458,stratified,,,,Data/daily_pipeline/models/2026-08-19/pitchers/695505.joblib,Data/daily_pipeline/predictions/postgame/2026-08-19/824476_695505.csv,Data/daily_pipeline/predictions/postgame/2026-08-19/824476_695505.json,2026-08-21T23:25:25.269533+00:00
2026-08-19,2026,824476,669461,Matthew Liberatore,Cincinnati Reds,100,47,21,0.47,0.21,0.26,26.0,1.238095238095238,123.8095238095238,stratified,,,,Data/daily_pipeline/models/2026-08-19/pitchers/669461.joblib,Data/daily_pipeline/predictions/postgame/2026-08-19/824476_669461.csv,Data/daily_pipeline/predictions/postgame/2026-08-19/824476_669461.json,2026-08-21T23:25:13.693575+00:00
2026-08-19,2026,824640,605280,Clay Holmes,Chicago White Sox,86,51,26,0.5930232558139535,0.3023255813953488,0.2906976744186047,29.06976744186047,0.9615384615384618,96.15384615384616,stratified,,,,Data/daily_pipeline/models/2026-08-19/pitchers/605280.joblib,Data/daily_pipeline/predictions/postgame/2026-08-19/824640_605280.csv,Data/daily_pipeline/predictions/postgame/2026-08-19/824640_605280.json,2026-08-21T23:20:46.203458+00:00
2026-08-19,2026,824640,656794,Sean Newcomb,Chicago Cubs,34,13,7,0.3823529411764705,0.2058823529411764,0.1764705882352941,17.64705882352941,0.8571428571428571,85.71428571428571,stratified,,,,Data/daily_pipeline/models/2026-08-19/pitchers/656794.joblib,Data/daily_pipeline/predictions/postgame/2026-08-19/824640_656794.csv,Data/daily_pipeline/predictions/postgame/2026-08-19/824640_656794.json,2026-08-21T23:20:19.008582+00:00
2026-08-19,2026,824722,694297,Brandon Pfaadt,Boston Red Sox,94,41,14,0.4361702127659574,0.1489361702127659,0.2872340425531915,28.72340425531916,1.9285714285714288,192.8571428571429,stratified,,,,Data/daily_pipeline/models/2026-08-19/pitchers/694297.joblib,Data/daily_pipeline/predictions/postgame/2026-08-19/824722_694297.csv,Data/daily_pipeline/predictions/postgame/2026-08-19/824722_694297.json,2026-08-21T23:21:14.142029+00:00
2026-08-19,2026,824722,801139,Payton Tolle,Arizona Diamondbacks,98,30,26,0.3061224489795918,0.2653061224489796,0.0408163265306122,4.081632653061224,0.1538461538461538,15.38461538461538,stratified,,,,Data/daily_pipeline/models/2026-08-19/pitchers/801139.joblib,Data/daily_pipeline/predictions/postgame/2026-08-19/824722_801139.csv,Data/daily_pipeline/predictions/postgame/2026-08-19/824722_801139.json,2026-08-21T23:21:28.509862+00:00
2026-08-19,2026,824801,605135,Chris Bassitt,New York Yankees,95,27,22,0.2842105263157894,0.231578947368421,0.0526315789473684,5.263157894736842,0.2272727272727272,22.727272727272727,stratified,,,,Data/daily_pipeline/models/2026-08-19/pitchers/605135.joblib,Data/daily_pipeline/predictions/postgame/2026-08-19/824801_605135.csv,Data/daily_pipeline/predictions/postgame/2026-08-19/824801_605135.json,2026-08-21T23:24:39.303690+00:00
2026-08-19,2026,824801,701542,Will Warren,Baltimore Orioles,90,23,21,0.2555555555555555,0.2333333333333333,0.0222222222222222,2.22222222222222,0.0952380952380951,9.523809523809511,stratified,,,,Data/daily_pipeline/models/2026-08-19/pitchers/701542.joblib,Data/daily_pipeline/predictions/postgame/2026-08-19/824801_701542.csv,Data/daily_pipeline/predictions/postgame/2026-08-19/824801_701542.json,2026-08-21T23:23:46.440729+00:00
2026-08-20,2026,822861,674841,Andrew Alvarez,Texas Rangers,75,23,16,0.3066666666666666,0.2133333333333333,0.0933333333333333,9.33333333333333,0.4374999999999998,43.74999999999998,stratified,rf_v1,kg4_v1,postgame_v1,Data/daily_pipeline/models/2026-08-20/pitchers/674841.joblib,Data/daily_pipeline/predictions/postgame/2026-08-20/822861_674841.csv,Data/daily_pipeline/predictions/postgame/2026-08-20/822861_674841.json,2026-08-22T18:12:42.505413+00:00
2026-08-20,2026,822861,594798,Jacob deGrom,Washington Nationals,94,45,32,0.4787234042553192,0.3404255319148936,0.1382978723404255,13.829787234042556,0.4062500000000001,40.625000000000014,stratified,rf_v1,kg4_v1,postgame_v1,Data/daily_pipeline/models/2026-08-20/pitchers/594798.joblib,Data/daily_pipeline/predictions/postgame/2026-08-20/822861_594798.csv,Data/daily_pipeline/predictions/postgame/2026-08-20/822861_594798.json,2026-08-22T18:13:43.127267+00:00
2026-08-20,2026,822934,693855,Ian Seymour,Toronto Blue Jays,90,31,20,0.3444444444444444,0.2222222222222222,0.1222222222222222,12.222222222222223,0.55,55.00000000000001,stratified,rf_v1,kg4_v1,postgame_v1,Data/daily_pipeline/models/2026-08-20/pitchers/693855.joblib,Data/daily_pipeline/predictions/postgame/2026-08-20/822934_693855.csv,Data/daily_pipeline/predictions/postgame/2026-08-20/822934_693855.json,2026-08-22T18:09:12.208038+00:00
2026-08-20,2026,822934,669456,Shane Bieber,Tampa Bay Rays,101,46,25,0.4554455445544554,0.2475247524752475,0.2079207920792079,20.7920792079208,0.8400000000000001,84.00000000000001,stratified,rf_v1,kg4_v1,postgame_v1,Data/daily_pipeline/models/2026-08-20/pitchers/669456.joblib,Data/daily_pipeline/predictions/postgame/2026-08-20/822934_669456.csv,Data/daily_pipeline/predictions/postgame/2026-08-20/822934_669456.json,2026-08-22T18:09:01.725296+00:00
2026-08-20,2026,823747,669923,George Kirby,Milwaukee Brewers,84,25,20,0.2976190476190476,0.238095238095238,0.0595238095238095,5.952380952380953,0.25,25.000000000000007,stratified,rf_v1,kg4_v1,postgame_v1,Data/daily_pipeline/models/2026-08-20/pitchers/669923.joblib,Data/daily_pipeline/predictions/postgame/2026-08-20/823747_669923.csv,Data/daily_pipeline/predictions/postgame/2026-08-20/823747_669923.json,2026-08-22T18:10:45.581971+00:00
2026-08-20,2026,823747,688107,Robert Gasser,Seattle Mariners,77,26,11,0.3376623376623376,0.1428571428571428,0.1948051948051948,19.480519480519483,1.3636363636363638,136.36363636363637,stratified,rf_v1,kg4_v1,postgame_v1,Data/daily_pipeline/models/2026-08-20/pitchers/688107.joblib,Data/daily_pipeline/predictions/postgame/2026-08-20/823747_688107.csv,Data/daily_pipeline/predictions/postgame/2026-08-20/823747_688107.json,2026-08-22T18:11:03.172828+00:00
2026-08-20,2026,824074,695611,Gage Jump,Kansas City Royals,86,37,18,0.4302325581395348,0.2093023255813953,0.2209302325581395,22.09302325581395,1.0555555555555554,105.55555555555554,stratified,rf_v1,kg4_v1,postgame_v1,Data/daily_pipeline/models/2026-08-20/pitchers/695611.joblib,Data/daily_pipeline/predictions/postgame/2026-08-20/824074_695611.csv,Data/daily_pipeline/predictions/postgame/2026-08-20/824074_695611.json,2026-08-22T18:09:20.565253+00:00
2026-08-20,2026,824074,677976,Randy Dobnak,Athletics,96,37,25,0.3854166666666667,0.2604166666666667,0.125,12.5,0.48,48.0,stratified,rf_v1,kg4_v1,postgame_v1,Data/daily_pipeline/models/2026-08-20/pitchers/677976.joblib,Data/daily_pipeline/predictions/postgame/2026-08-20/824074_677976.csv,Data/daily_pipeline/predictions/postgame/2026-08-20/824074_677976.json,2026-08-22T18:09:41.117840+00:00
2026-08-20,2026,824153,680570,Grayson Rodriguez,Houston Astros,99,64,35,0.6464646464646465,0.3535353535353535,0.292929292929293,29.292929292929298,0.8285714285714287,82.85714285714288,stratified,rf_v1,kg4_v1,postgame_v1,Data/daily_pipeline/models/2026-08-20/pitchers/680570.joblib,Data/daily_pipeline/predictions/postgame/2026-08-20/824153_680570.csv,Data/daily_pipeline/predictions/postgame/2026-08-20/824153_680570.json,2026-08-22T18:14:03.961663+00:00
2026-08-20,2026,824153,663567,Peter Lambert,Los Angeles Angels,79,36,23,0.4556962025316455,0.2911392405063291,0.1645569620253164,16.455696202531644,0.5652173913043478,56.52173913043478,stratified,rf_v1,kg4_v1,postgame_v1,Data/daily_pipeline/models/2026-08-20/pitchers/663567.joblib,Data/daily_pipeline/predictions/postgame/2026-08-20/824153_663567.csv,Data/daily_pipeline/predictions/postgame/2026-08-20/824153_663567.json,2026-08-22T18:14:24.689914+00:00
2026-08-20,2026,824395,668909,Gavin Williams,San Francisco Giants,96,29,18,0.3020833333333333,0.1875,0.1145833333333333,11.458333333333332,0.611111111111111,61.11111111111111,stratified,rf_v1,kg4_v1,postgame_v1,Data/daily_pipeline/models/2026-08-20/pitchers/668909.joblib,Data/daily_pipeline/predictions/postgame/2026-08-20/824395_668909.csv,Data/daily_pipeline/predictions/postgame/2026-08-20/824395_668909.json,2026-08-22T18:08:21.900513+00:00
2026-08-20,2026,824395,694738,Landen Roupp,Cleveland Guardians,90,39,21,0.4333333333333333,0.2333333333333333,0.2,20.0,0.8571428571428572,85.71428571428572,stratified,rf_v1,kg4_v1,postgame_v1,Data/daily_pipeline/models/2026-08-20/pitchers/694738.joblib,Data/daily_pipeline/predictions/postgame/2026-08-20/824395_694738.csv,Data/daily_pipeline/predictions/postgame/2026-08-20/824395_694738.json,2026-08-22T18:07:57.572853+00:00
2026-08-20,2026,824474,663903,Brady Singer,St. Louis Cardinals,103,65,42,0.6310679611650486,0.4077669902912621,0.2233009708737864,22.330097087378647,0.5476190476190478,54.76190476190478,stratified,rf_v1,kg4_v1,postgame_v1,Data/daily_pipeline/models/2026-08-20/pitchers/663903.joblib,Data/daily_pipeline/predictions/postgame/2026-08-20/824474_663903.csv,Data/daily_pipeline/predictions/postgame/2026-08-20/824474_663903.json,2026-08-22T18:07:42.807495+00:00
2026-08-20,2026,824474,700241,Michael McGreevy,Cincinnati Reds,90,30,15,0.3333333333333333,0.1666666666666666,0.1666666666666666,16.666666666666664,1.0,100.0,stratified,rf_v1,kg4_v1,postgame_v1,Data/daily_pipeline/models/2026-08-20/pitchers/700241.joblib,Data/daily_pipeline/predictions/postgame/2026-08-20/824474_700241.csv,Data/daily_pipeline/predictions/postgame/2026-08-20/824474_700241.json,2026-08-22T18:06:54.022968+00:00
2026-08-20,2026,824589,641743,Anthony Kay,Atlanta Braves,94,31,21,0.3297872340425531,0.2234042553191489,0.1063829787234042,10.638297872340424,0.4761904761904761,47.61904761904761,stratified,rf_v1,kg4_v1,postgame_v1,Data/daily_pipeline/models/2026-08-20/pitchers/641743.joblib,Data/daily_pipeline/predictions/postgame/2026-08-20/824589_641743.csv,Data/daily_pipeline/predictions/postgame/2026-08-20/824589_641743.json,2026-08-22T18:10:11.098581+00:00
2026-08-20,2026,824589,656550,Grant Holmes,Chicago White Sox,94,45,30,0.4787234042553192,0.3191489361702128,0.1595744680851064,15.95744680851064,0.5,50.0,stratified,rf_v1,kg4_v1,postgame_v1,Data/daily_pipeline/models/2026-08-20/pitchers/656550.joblib,Data/daily_pipeline/predictions/postgame/2026-08-20/824589_656550.csv,Data/daily_pipeline/predictions/postgame/2026-08-20/824589_656550.json,2026-08-22T18:09:56.632300+00:00
2026-08-20,2026,824802,543037,Gerrit Cole,Baltimore Orioles,93,47,24,0.5053763440860215,0.2580645161290322,0.2473118279569892,24.731182795698924,0.9583333333333334,95.83333333333334,stratified,rf_v1,kg4_v1,postgame_v1,Data/daily_pipeline/models/2026-08-20/pitchers/543037.joblib,Data/daily_pipeline/predictions/postgame/2026-08-20/824802_543037.csv,Data/daily_pipeline/predictions/postgame/2026-08-20/824802_543037.json,2026-08-22T18:12:10.120337+00:00
2026-08-20,2026,824802,680694,Kyle Bradish,New York Yankees,100,38,20,0.38,0.2,0.18,18.0,0.8999999999999999,89.99999999999999,stratified,rf_v1,kg4_v1,postgame_v1,Data/daily_pipeline/models/2026-08-20/pitchers/680694.joblib,Data/daily_pipeline/predictions/postgame/2026-08-20/824802_680694.csv,Data/daily_pipeline/predictions/postgame/2026-08-20/824802_680694.json,2026-08-22T18:12:33.024620+00:00
2026-08-22,2026,822858,674003,Cody Bradford,Los Angeles Angels,80,41,25,0.5125,0.3125,0.1999999999999999,20.0,0.6399999999999999,63.99999999999999,stratified,rf_v1,kg4_v1,postgame_v1,Data/daily_pipeline/models/2026-08-22/pitchers/674003.joblib,Data/daily_pipeline/predictions/postgame/2026-08-22/822858_674003.csv,Data/daily_pipeline/predictions/postgame/2026-08-22/822858_674003.json,2026-08-23T15:21:34.686979+00:00
2026-08-22,2026,822858,696270,Ryan Johnson,Texas Rangers,88,40,17,0.4545454545454545,0.1931818181818181,0.2613636363636363,26.13636363636364,1.3529411764705883,135.29411764705884,stratified,rf_v1,kg4_v1,postgame_v1,Data/daily_pipeline/models/2026-08-22/pitchers/696270.joblib,Data/daily_pipeline/predictions/postgame/2026-08-22/822858_696270.csv,Data/daily_pipeline/predictions/postgame/2026-08-22/822858_696270.json,2026-08-23T15:21:24.997992+00:00
2026-08-22,2026,823100,656849,David Peterson,Seattle Mariners,98,37,24,0.3775510204081632,0.2448979591836734,0.1326530612244897,13.265306122448978,0.5416666666666666,54.16666666666666,stratified,rf_v1,kg4_v1,postgame_v1,Data/daily_pipeline/models/2026-08-22/pitchers/656849.joblib,Data/daily_pipeline/predictions/postgame/2026-08-22/823100_656849.csv,Data/daily_pipeline/predictions/postgame/2026-08-22/823100_656849.json,2026-08-23T15:25:42.770852+00:00
2026-08-22,2026,823261,663554,Casey Mize,Minnesota Twins,47,21,13,0.4468085106382978,0.2765957446808511,0.1702127659574467,17.021276595744677,0.6153846153846152,61.53846153846152,stratified,rf_v1,kg4_v1,postgame_v1,Data/daily_pipeline/models/2026-08-22/pitchers/663554.joblib,Data/daily_pipeline/predictions/postgame/2026-08-22/823261_663554.csv,Data/daily_pipeline/predictions/postgame/2026-08-22/823261_663554.json,2026-08-23T15:28:19.224106+00:00
2026-08-22,2026,823261,665152,Dean Kremer,San Diego Padres,101,30,14,0.297029702970297,0.1386138613861386,0.1584158415841584,15.84158415841584,1.1428571428571426,114.28571428571426,stratified,rf_v1,kg4_v1,postgame_v1,Data/daily_pipeline/models/2026-08-22/pitchers/665152.joblib,Data/daily_pipeline/predictions/postgame/2026-08-22/823261_665152.csv,Data/daily_pipeline/predictions/postgame/2026-08-22/823261_665152.json,2026-08-23T15:27:53.539747+00:00
2026-08-22,2026,823422,691725,Andrew Painter,St. Louis Cardinals,103,27,22,0.2621359223300971,0.2135922330097087,0.0485436893203883,4.854368932038836,0.2272727272727273,22.727272727272734,stratified,rf_v1,kg4_v1,postgame_v1,Data/daily_pipeline/models/2026-08-22/pitchers/691725.joblib,Data/daily_pipeline/predictions/postgame/2026-08-22/823422_691725.csv,Data/daily_pipeline/predictions/postgame/2026-08-22/823422_691725.json,2026-08-23T15:20:46.648312+00:00
2026-08-22,2026,823422,687273,Quinn Mathews,Philadelphia Phillies,99,39,26,0.3939393939393939,0.2626262626262626,0.1313131313131312,13.131313131313128,0.4999999999999998,49.99999999999998,stratified,rf_v1,kg4_v1,postgame_v1,Data/daily_pipeline/models/2026-08-22/pitchers/687273.joblib,Data/daily_pipeline/predictions/postgame/2026-08-22/823422_687273.csv,Data/daily_pipeline/predictions/postgame/2026-08-22/823422_687273.json,2026-08-23T15:20:35.683436+00:00
2026-08-22,2026,823509,656302,Dylan Cease,New York Yankees,111,51,34,0.4594594594594595,0.3063063063063063,0.1531531531531532,15.31531531531532,0.5000000000000002,50.00000000000002,stratified,rf_v1,kg4_v1,postgame_v1,Data/daily_pipeline/models/2026-08-22/pitchers/656302.joblib,Data/daily_pipeline/predictions/postgame/2026-08-22/823509_656302.csv,Data/daily_pipeline/predictions/postgame/2026-08-22/823509_656302.json,2026-08-23T15:18:25.643577+00:00
2026-08-22,2026,823509,677960,Ryan Weathers,Toronto Blue Jays,72,25,9,0.3472222222222222,0.125,0.2222222222222222,22.22222222222222,1.7777777777777777,177.77777777777777,stratified,rf_v1,kg4_v1,postgame_v1,Data/daily_pipeline/models/2026-08-22/pitchers/677960.joblib,Data/daily_pipeline/predictions/postgame/2026-08-22/823509_677960.csv,Data/daily_pipeline/predictions/postgame/2026-08-22/823509_677960.json,2026-08-23T15:18:46.122113+00:00
2026-08-22,2026,823743,701656,Logan Henderson,Atlanta Braves,100,44,32,0.44,0.32,0.12,12.0,0.375,37.5,stratified,rf_v1,kg4_v1,postgame_v1,Data/daily_pipeline/models/2026-08-22/pitchers/701656.joblib,Data/daily_pipeline/predictions/postgame/2026-08-22/823743_701656.csv,Data/daily_pipeline/predictions/postgame/2026-08-22/823743_701656.json,2026-08-23T15:19:50.997632+00:00
2026-08-22,2026,823743,527048,Martín Pérez,Milwaukee Brewers,97,48,35,0.4948453608247423,0.3608247422680412,0.134020618556701,13.402061855670103,0.3714285714285715,37.14285714285715,stratified,rf_v1,kg4_v1,postgame_v1,Data/daily_pipeline/models/2026-08-22/pitchers/527048.joblib,Data/daily_pipeline/predictions/postgame/2026-08-22/823743_527048.csv,Data/daily_pipeline/predictions/postgame/2026-08-22/823743_527048.json,2026-08-23T15:19:43.142530+00:00
2026-08-22,2026,823831,691587,Eury Pérez,Washington Nationals,100,32,19,0.32,0.19,0.13,13.0,0.6842105263157895,68.42105263157895,stratified,rf_v1,kg4_v1,postgame_v1,Data/daily_pipeline/models/2026-08-22/pitchers/691587.joblib,Data/daily_pipeline/predictions/postgame/2026-08-22/823831_691587.csv,Data/daily_pipeline/predictions/postgame/2026-08-22/823831_691587.json,2026-08-23T15:20:31.036323+00:00
2026-08-22,2026,823831,663623,Jake Irvin,Miami Marlins,104,29,15,0.2788461538461538,0.1442307692307692,0.1346153846153846,13.461538461538463,0.9333333333333336,93.33333333333336,stratified,rf_v1,kg4_v1,postgame_v1,Data/daily_pipeline/models/2026-08-22/pitchers/663623.joblib,Data/daily_pipeline/predictions/postgame/2026-08-22/823831_663623.csv,Data/daily_pipeline/predictions/postgame/2026-08-22/823831_663623.json,2026-08-23T15:20:15.324394+00:00
2026-08-22,2026,823910,683003,Jared Jones,Los Angeles Dodgers,87,46,31,0.5287356321839081,0.3563218390804598,0.1724137931034483,17.24137931034483,0.4838709677419355,48.38709677419355,stratified,rf_v1,kg4_v1,postgame_v1,Data/daily_pipeline/models/2026-08-22/pitchers/683003.joblib,Data/daily_pipeline/predictions/postgame/2026-08-22/823910_683003.csv,Data/daily_pipeline/predictions/postgame/2026-08-22/823910_683003.json,2026-08-23T15:24:39.397079+00:00
2026-08-22,2026,823910,669373,Tarik Skubal,Pittsburgh Pirates,106,53,27,0.5,0.2547169811320754,0.2452830188679245,24.52830188679245,0.962962962962963,96.2962962962963,stratified,rf_v1,kg4_v1,postgame_v1,Data/daily_pipeline/models/2026-08-22/pitchers/669373.joblib,Data/daily_pipeline/predictions/postgame/2026-08-22/823910_669373.csv,Data/daily_pipeline/predictions/postgame/2026-08-22/823910_669373.json,2026-08-23T15:25:11.953414+00:00
2026-08-22,2026,824073,623454,Drew Anderson,Kansas City Royals,75,28,27,0.3733333333333333,0.36,0.0133333333333333,1.3333333333333364,0.0370370370370371,3.7037037037037126,stratified,rf_v1,kg4_v1,postgame_v1,Data/daily_pipeline/models/2026-08-22/pitchers/623454.joblib,Data/daily_pipeline/predictions/postgame/2026-08-22/824073_623454.csv,Data/daily_pipeline/predictions/postgame/2026-08-22/824073_623454.json,2026-08-23T15:23:26.243675+00:00
2026-08-22,2026,824073,608379,Michael Wacha,Detroit Tigers,96,35,18,0.3645833333333333,0.1875,0.1770833333333333,17.708333333333332,0.9444444444444444,94.44444444444444,stratified,rf_v1,kg4_v1,postgame_v1,Data/daily_pipeline/models/2026-08-22/pitchers/608379.joblib,Data/daily_pipeline/predictions/postgame/2026-08-22/824073_608379.csv,Data/daily_pipeline/predictions/postgame/2026-08-22/824073_608379.json,2026-08-23T15:24:28.716269+00:00
2026-08-22,2026,824151,686613,Hunter Brown,Athletics,101,44,24,0.4356435643564356,0.2376237623762376,0.198019801980198,19.8019801980198,0.8333333333333334,83.33333333333334,stratified,rf_v1,kg4_v1,postgame_v1,Data/daily_pipeline/models/2026-08-22/pitchers/686613.joblib,Data/daily_pipeline/predictions/postgame/2026-08-22/824151_686613.csv,Data/daily_pipeline/predictions/postgame/2026-08-22/824151_686613.json,2026-08-23T15:22:08.666477+00:00
2026-08-22,2026,824151,682052,Jacob Lopez,Houston Astros,91,41,22,0.4505494505494505,0.2417582417582417,0.2087912087912088,20.87912087912088,0.8636363636363636,86.36363636363636,stratified,rf_v1,kg4_v1,postgame_v1,Data/daily_pipeline/models/2026-08-22/pitchers/682052.joblib,Data/daily_pipeline/predictions/postgame/2026-08-22/824151_682052.csv,Data/daily_pipeline/predictions/postgame/2026-08-22/824151_682052.json,2026-08-23T15:21:45.569922+00:00
2026-08-22,2026,824316,687312,Gabriel Hughes,Cleveland Guardians,86,46,31,0.5348837209302325,0.3604651162790697,0.1744186046511627,17.441860465116278,0.4838709677419354,48.38709677419354,stratified,rf_v1,kg4_v1,postgame_v1,Data/daily_pipeline/models/2026-08-22/pitchers/687312.joblib,Data/daily_pipeline/predictions/postgame/2026-08-22/824316_687312.csv,Data/daily_pipeline/predictions/postgame/2026-08-22/824316_687312.json,2026-08-23T15:27:25.732457+00:00
2026-08-22,2026,824316,676440,Tanner Bibee,Colorado Rockies,96,29,15,0.3020833333333333,0.15625,0.1458333333333333,14.583333333333332,0.9333333333333332,93.33333333333331,stratified,rf_v1,kg4_v1,postgame_v1,Data/daily_pipeline/models/2026-08-22/pitchers/676440.joblib,Data/daily_pipeline/predictions/postgame/2026-08-22/824316_676440.csv,Data/daily_pipeline/predictions/postgame/2026-08-22/824316_676440.json,2026-08-23T15:27:18.541731+00:00
2026-08-22,2026,824560,681035,Christian Scott,Chicago White Sox,94,37,22,0.3936170212765957,0.2340425531914893,0.1595744680851064,15.95744680851064,0.6818181818181819,68.18181818181819,stratified,rf_v1,kg4_v1,postgame_v1,Data/daily_pipeline/models/2026-08-22/pitchers/681035.joblib,Data/daily_pipeline/predictions/postgame/2026-08-22/824560_681035.csv,Data/daily_pipeline/predictions/postgame/2026-08-22/824560_681035.json,2026-08-23T15:22:18.120960+00:00
2026-08-22,2026,824560,622491,Luis Castillo,New York Mets,80,33,22,0.4125,0.275,0.1374999999999999,13.749999999999996,0.4999999999999998,49.99999999999998,stratified,rf_v1,kg4_v1,postgame_v1,Data/daily_pipeline/models/2026-08-22/pitchers/622491.joblib,Data/daily_pipeline/predictions/postgame/2026-08-22/824560_622491.csv,Data/daily_pipeline/predictions/postgame/2026-08-22/824560_622491.json,2026-08-23T15:23:13.882035+00:00
2026-08-22,2026,824718,694918,Blade Tidwell,Boston Red Sox,93,36,22,0.3870967741935484,0.2365591397849462,0.1505376344086021,15.053763440860212,0.6363636363636362,63.636363636363626,stratified,rf_v1,kg4_v1,postgame_v1,Data/daily_pipeline/models/2026-08-22/pitchers/694918.joblib,Data/daily_pipeline/predictions/postgame/2026-08-22/824718_694918.csv,Data/daily_pipeline/predictions/postgame/2026-08-22/824718_694918.json,2026-08-23T15:25:51.994418+00:00
2026-08-22,2026,824718,663776,Patrick Sandoval,San Francisco Giants,93,36,19,0.3870967741935484,0.2043010752688172,0.1827956989247311,18.27956989247312,0.8947368421052629,89.4736842105263,stratified,rf_v1,kg4_v1,postgame_v1,Data/daily_pipeline/models/2026-08-22/pitchers/663776.joblib,Data/daily_pipeline/predictions/postgame/2026-08-22/824718_663776.csv,Data/daily_pipeline/predictions/postgame/2026-08-22/824718_663776.json,2026-08-23T15:26:19.055011+00:00
2026-08-22,2026,824798,687064,Brandon Young,Tampa Bay Rays,84,44,21,0.5238095238095238,0.25,0.2738095238095238,27.380952380952383,1.0952380952380951,109.52380952380952,stratified,rf_v1,kg4_v1,postgame_v1,Data/daily_pipeline/models/2026-08-22/pitchers/687064.joblib,Data/daily_pipeline/predictions/postgame/2026-08-22/824798_687064.csv,Data/daily_pipeline/predictions/postgame/2026-08-22/824798_687064.json,2026-08-23T15:21:16.839393+00:00
2026-08-22,2026,824798,663556,Shane McClanahan,Baltimore Orioles,74,25,24,0.3378378378378378,0.3243243243243243,0.0135135135135134,1.3513513513513489,0.0416666666666665,4.166666666666658,stratified,rf_v1,kg4_v1,postgame_v1,Data/daily_pipeline/models/2026-08-22/pitchers/663556.joblib,Data/daily_pipeline/predictions/postgame/2026-08-22/824798_663556.csv,Data/daily_pipeline/predictions/postgame/2026-08-22/824798_663556.json,2026-08-23T15:21:05.809367+00:00
2026-08-22,2026,825044,647336,Michael Soroka,Cincinnati Reds,84,29,14,0.3452380952380952,0.1666666666666666,0.1785714285714285,17.857142857142858,1.0714285714285716,107.14285714285715,stratified,rf_v1,kg4_v1,postgame_v1,Data/daily_pipeline/models/2026-08-22/pitchers/647336.joblib,Data/daily_pipeline/predictions/postgame/2026-08-22/825044_647336.csv,Data/daily_pipeline/predictions/postgame/2026-08-22/825044_647336.json,2026-08-23T15:26:49.836583+00:00
2026-08-22,2026,825044,695076,Rhett Lowder,Arizona Diamondbacks,92,33,22,0.358695652173913,0.2391304347826087,0.1195652173913043,11.956521739130432,0.4999999999999999,49.99999999999999,stratified,rf_v1,kg4_v1,postgame_v1,Data/daily_pipeline/models/2026-08-22/pitchers/695076.joblib,Data/daily_pipeline/predictions/postgame/2026-08-22/825044_695076.csv,Data/daily_pipeline/predictions/postgame/2026-08-22/825044_695076.json,2026-08-23T15:26:29.249852+00:00
2026-08-23,2026,822856,615698,Cal Quantrill,Los Angeles Angels,96,38,16,0.3958333333333333,0.1666666666666666,0.2291666666666666,22.916666666666664,1.375,137.5,stratified,rf_v1,kg4_v1,postgame_v1,Data/daily_pipeline/models/2026-08-23/pitchers/615698.joblib,Data/daily_pipeline/predictions/postgame/2026-08-23/822856_615698.csv,Data/daily_pipeline/predictions/postgame/2026-08-23/822856_615698.json,2026-08-24T15:40:59.478975+00:00
2026-08-23,2026,822856,579328,Yusei Kikuchi,Texas Rangers,89,38,22,0.4269662921348314,0.247191011235955,0.1797752808988764,17.97752808988764,0.7272727272727273,72.72727272727273,stratified,rf_v1,kg4_v1,postgame_v1,Data/daily_pipeline/models/2026-08-23/pitchers/579328.joblib,Data/daily_pipeline/predictions/postgame/2026-08-23/822856_579328.csv,Data/daily_pipeline/predictions/postgame/2026-08-23/822856_579328.json,2026-08-24T15:40:25.378778+00:00
2026-08-23,2026,823099,682243,Bryce Miller,Chicago Cubs,104,31,26,0.2980769230769231,0.25,0.048076923076923,4.807692307692308,0.1923076923076923,19.23076923076923,stratified,rf_v1,kg4_v1,postgame_v1,Data/daily_pipeline/models/2026-08-23/pitchers/682243.joblib,Data/daily_pipeline/predictions/postgame/2026-08-23/823099_682243.csv,Data/daily_pipeline/predictions/postgame/2026-08-23/823099_682243.json,2026-08-24T15:43:03.608384+00:00
2026-08-23,2026,823099,684007,Shota Imanaga,Seattle Mariners,72,38,33,0.5277777777777778,0.4583333333333333,0.0694444444444444,6.944444444444447,0.1515151515151515,15.151515151515158,stratified,rf_v1,kg4_v1,postgame_v1,Data/daily_pipeline/models/2026-08-23/pitchers/684007.joblib,Data/daily_pipeline/predictions/postgame/2026-08-23/823099_684007.csv,Data/daily_pipeline/predictions/postgame/2026-08-23/823099_684007.json,2026-08-24T15:42:43.476851+00:00
2026-08-23,2026,823258,641927,Bailey Ober,San Diego Padres,87,37,32,0.425287356321839,0.367816091954023,0.057471264367816,5.747126436781608,0.1562499999999999,15.624999999999996,stratified,rf_v1,kg4_v1,postgame_v1,Data/daily_pipeline/models/2026-08-23/pitchers/641927.joblib,Data/daily_pipeline/predictions/postgame/2026-08-23/823258_641927.csv,Data/daily_pipeline/predictions/postgame/2026-08-23/823258_641927.json,2026-08-24T15:43:30.946912+00:00
2026-08-23,2026,823258,621111,Walker Buehler,Minnesota Twins,84,18,13,0.2142857142857142,0.1547619047619047,0.0595238095238095,5.952380952380951,0.3846153846153844,38.461538461538446,stratified,rf_v1,kg4_v1,postgame_v1,Data/daily_pipeline/models/2026-08-23/pitchers/621111.joblib,Data/daily_pipeline/predictions/postgame/2026-08-23/823258_621111.csv,Data/daily_pipeline/predictions/postgame/2026-08-23/823258_621111.json,2026-08-24T15:44:06.751194+00:00
2026-08-23,2026,823421,650911,Cristopher Sánchez,St. Louis Cardinals,103,55,32,0.5339805825242718,0.3106796116504854,0.2233009708737864,22.330097087378643,0.7187500000000001,71.87500000000001,stratified,rf_v1,kg4_v1,postgame_v1,Data/daily_pipeline/models/2026-08-23/pitchers/650911.joblib,Data/daily_pipeline/predictions/postgame/2026-08-23/823421_650911.csv,Data/daily_pipeline/predictions/postgame/2026-08-23/823421_650911.json,2026-08-24T15:36:44.573955+00:00
2026-08-23,2026,823421,681517,Kyle Leahy,Philadelphia Phillies,63,16,9,0.2539682539682539,0.1428571428571428,0.1111111111111111,11.11111111111111,0.7777777777777778,77.77777777777779,stratified,rf_v1,kg4_v1,postgame_v1,Data/daily_pipeline/models/2026-08-23/pitchers/681517.joblib,Data/daily_pipeline/predictions/postgame/2026-08-23/823421_681517.csv,Data/daily_pipeline/predictions/postgame/2026-08-23/823421_681517.json,2026-08-24T15:36:16.287884+00:00
2026-08-23,2026,823507,607074,Carlos Rodón,Toronto Blue Jays,76,44,25,0.5789473684210527,0.3289473684210526,0.25,25.0,0.7599999999999999,75.99999999999999,stratified,rf_v1,kg4_v1,postgame_v1,Data/daily_pipeline/models/2026-08-23/pitchers/607074.joblib,Data/daily_pipeline/predictions/postgame/2026-08-23/823507_607074.csv,Data/daily_pipeline/predictions/postgame/2026-08-23/823507_607074.json,2026-08-24T15:37:50.755537+00:00
2026-08-23,2026,823507,667755,José Soriano,New York Yankees,100,40,22,0.4,0.22,0.18,18.000000000000004,0.8181818181818182,81.81818181818183,stratified,rf_v1,kg4_v1,postgame_v1,Data/daily_pipeline/models/2026-08-23/pitchers/667755.joblib,Data/daily_pipeline/predictions/postgame/2026-08-23/823507_667755.csv,Data/daily_pipeline/predictions/postgame/2026-08-23/823507_667755.json,2026-08-24T15:37:03.052200+00:00
2026-08-23,2026,823745,675660,Shane Drohan,Atlanta Braves,83,28,19,0.3373493975903614,0.2289156626506024,0.108433734939759,10.843373493975902,0.4736842105263157,47.368421052631575,stratified,rf_v1,kg4_v1,postgame_v1,Data/daily_pipeline/models/2026-08-23/pitchers/675660.joblib,Data/daily_pipeline/predictions/postgame/2026-08-23/823745_675660.csv,Data/daily_pipeline/predictions/postgame/2026-08-23/823745_675660.json,2026-08-24T15:45:20.679829+00:00
2026-08-23,2026,823745,641816,Tyler Mahle,Milwaukee Brewers,94,45,29,0.4787234042553192,0.3085106382978723,0.1702127659574468,17.021276595744684,0.5517241379310346,55.17241379310346,stratified,rf_v1,kg4_v1,postgame_v1,Data/daily_pipeline/models/2026-08-23/pitchers/641816.joblib,Data/daily_pipeline/predictions/postgame/2026-08-23/823745_641816.csv,Data/daily_pipeline/predictions/postgame/2026-08-23/823745_641816.json,2026-08-24T15:45:12.474204+00:00
2026-08-23,2026,823827,800600,Jackson Kent,Miami Marlins,90,29,27,0.3222222222222222,0.3,0.0222222222222222,2.222222222222225,0.0740740740740741,7.407407407407418,stratified,rf_v1,kg4_v1,postgame_v1,Data/daily_pipeline/models/2026-08-23/pitchers/800600.joblib,Data/daily_pipeline/predictions/postgame/2026-08-23/823827_800600.csv,Data/daily_pipeline/predictions/postgame/2026-08-23/823827_800600.json,2026-08-24T15:37:55.211662+00:00
2026-08-23,2026,823827,676083,Janson Junk,Washington Nationals,69,26,15,0.3768115942028985,0.217391304347826,0.1594202898550724,15.942028985507248,0.7333333333333334,73.33333333333334,stratified,rf_v1,kg4_v1,postgame_v1,Data/daily_pipeline/models/2026-08-23/pitchers/676083.joblib,Data/daily_pipeline/predictions/postgame/2026-08-23/823827_676083.csv,Data/daily_pipeline/predictions/postgame/2026-08-23/823827_676083.json,2026-08-24T15:38:07.730498+00:00
2026-08-23,2026,823909,605483,Blake Snell,Pittsburgh Pirates,94,48,36,0.5106382978723404,0.3829787234042553,0.127659574468085,12.765957446808509,0.3333333333333332,33.33333333333333,stratified,rf_v1,kg4_v1,postgame_v1,Data/daily_pipeline/models/2026-08-23/pitchers/605483.joblib,Data/daily_pipeline/predictions/postgame/2026-08-23/823909_605483.csv,Data/daily_pipeline/predictions/postgame/2026-08-23/823909_605483.json,2026-08-24T15:42:25.351882+00:00
2026-08-23,2026,823909,669199,Lake Bachar,Los Angeles Dodgers,35,18,8,0.5142857142857142,0.2285714285714285,0.2857142857142857,28.57142857142857,1.25,125.0,stratified,rf_v1,kg4_v1,postgame_v1,Data/daily_pipeline/models/2026-08-23/pitchers/669199.joblib,Data/daily_pipeline/predictions/postgame/2026-08-23/823909_669199.csv,Data/daily_pipeline/predictions/postgame/2026-08-23/823909_669199.json,2026-08-24T15:41:43.190669+00:00
2026-08-23,2026,824071,663738,Daniel Lynch IV,Detroit Tigers,59,19,13,0.3220338983050847,0.2203389830508474,0.1016949152542372,10.169491525423728,0.4615384615384614,46.15384615384615,stratified,rf_v1,kg4_v1,postgame_v1,Data/daily_pipeline/models/2026-08-23/pitchers/663738.joblib,Data/daily_pipeline/predictions/postgame/2026-08-23/824071_663738.csv,Data/daily_pipeline/predictions/postgame/2026-08-23/824071_663738.json,2026-08-24T15:38:37.340831+00:00
2026-08-23,2026,824071,621097,Jacob Waguespack,Kansas City Royals,30,8,6,0.2666666666666666,0.2,0.0666666666666666,6.666666666666665,0.3333333333333332,33.33333333333333,stratified,rf_v1,kg4_v1,postgame_v1,Data/daily_pipeline/models/2026-08-23/pitchers/621097.joblib,Data/daily_pipeline/predictions/postgame/2026-08-23/824071_621097.csv,Data/daily_pipeline/predictions/postgame/2026-08-23/824071_621097.json,2026-08-24T15:38:18.726189+00:00
2026-08-23,2026,824150,669620,Brady Basso,Houston Astros,22,12,6,0.5454545454545454,0.2727272727272727,0.2727272727272727,27.27272727272727,1.0,100.0,stratified,rf_v1,kg4_v1,postgame_v1,Data/daily_pipeline/models/2026-08-23/pitchers/669620.joblib,Data/daily_pipeline/predictions/postgame/2026-08-23/824150_669620.csv,Data/daily_pipeline/predictions/postgame/2026-08-23/824150_669620.json,2026-08-24T15:38:44.079751+00:00
2026-08-23,2026,824150,664299,Cristian Javier,Athletics,90,45,36,0.5,0.4,0.0999999999999999,9.999999999999998,0.2499999999999999,25.0,stratified,rf_v1,kg4_v1,postgame_v1,Data/daily_pipeline/models/2026-08-23/pitchers/664299.joblib,Data/daily_pipeline/predictions/postgame/2026-08-23/824150_664299.csv,Data/daily_pipeline/predictions/postgame/2026-08-23/824150_664299.json,2026-08-24T15:39:08.863047+00:00
2026-08-23,2026,824315,656492,Foster Griffin,Colorado Rockies,105,43,16,0.4095238095238095,0.1523809523809524,0.2571428571428571,25.71428571428571,1.6874999999999998,168.74999999999997,stratified,rf_v1,kg4_v1,postgame_v1,Data/daily_pipeline/models/2026-08-23/pitchers/656492.joblib,Data/daily_pipeline/predictions/postgame/2026-08-23/824315_656492.csv,Data/daily_pipeline/predictions/postgame/2026-08-23/824315_656492.json,2026-08-24T15:41:11.363472+00:00
2026-08-23,2026,824315,608372,Tomoyuki Sugano,Cleveland Guardians,92,23,18,0.25,0.1956521739130435,0.0543478260869565,5.434782608695651,0.2777777777777777,27.77777777777777,stratified,rf_v1,kg4_v1,postgame_v1,Data/daily_pipeline/models/2026-08-23/pitchers/608372.joblib,Data/daily_pipeline/predictions/postgame/2026-08-23/824315_608372.csv,Data/daily_pipeline/predictions/postgame/2026-08-23/824315_608372.json,2026-08-24T15:41:24.822245+00:00
2026-08-23,2026,824558,690997,Nolan McLean,Chicago White Sox,92,34,17,0.3695652173913043,0.1847826086956521,0.1847826086956521,18.47826086956521,1.0,100.0,stratified,rf_v1,kg4_v1,postgame_v1,Data/daily_pipeline/models/2026-08-23/pitchers/690997.joblib,Data/daily_pipeline/predictions/postgame/2026-08-23/824558_690997.csv,Data/daily_pipeline/predictions/postgame/2026-08-23/824558_690997.json,2026-08-24T15:39:21.309188+00:00
2026-08-23,2026,824558,656794,Sean Newcomb,New York Mets,38,17,10,0.4473684210526316,0.2631578947368421,0.1842105263157895,18.42105263157895,0.7000000000000001,70.0,stratified,rf_v1,kg4_v1,postgame_v1,Data/daily_pipeline/models/2026-08-23/pitchers/656794.joblib,Data/daily_pipeline/predictions/postgame/2026-08-23/824558_656794.csv,Data/daily_pipeline/predictions/postgame/2026-08-23/824558_656794.json,2026-08-24T15:39:46.600064+00:00
2026-08-23,2026,824720,687562,Jake Bennett,San Francisco Giants,84,39,24,0.4642857142857143,0.2857142857142857,0.1785714285714286,17.85714285714286,0.6250000000000001,62.500000000000014,stratified,rf_v1,kg4_v1,postgame_v1,Data/daily_pipeline/models/2026-08-23/pitchers/687562.joblib,Data/daily_pipeline/predictions/postgame/2026-08-23/824720_687562.csv,Data/daily_pipeline/predictions/postgame/2026-08-23/824720_687562.json,2026-08-24T15:41:33.306588+00:00
2026-08-23,2026,824799,607259,Nick Martinez,Baltimore Orioles,86,27,13,0.313953488372093,0.1511627906976744,0.1627906976744186,16.27906976744186,1.076923076923077,107.69230769230772,stratified,rf_v1,kg4_v1,postgame_v1,Data/daily_pipeline/models/2026-08-23/pitchers/607259.joblib,Data/daily_pipeline/predictions/postgame/2026-08-23/824799_607259.csv,Data/daily_pipeline/predictions/postgame/2026-08-23/824799_607259.json,2026-08-24T15:35:46.098424+00:00
2026-08-23,2026,824799,669358,Shane Baz,Tampa Bay Rays,96,36,19,0.375,0.1979166666666666,0.1770833333333333,17.708333333333336,0.8947368421052633,89.47368421052633,stratified,rf_v1,kg4_v1,postgame_v1,Data/daily_pipeline/models/2026-08-23/pitchers/669358.joblib,Data/daily_pipeline/predictions/postgame/2026-08-23/824799_669358.csv,Data/daily_pipeline/predictions/postgame/2026-08-23/824799_669358.json,2026-08-24T15:36:03.025064+00:00
2026-08-23,2026,825043,671096,Andrew Abbott,Arizona Diamondbacks,88,38,23,0.4318181818181818,0.2613636363636363,0.1704545454545454,17.045454545454547,0.6521739130434784,65.21739130434784,stratified,rf_v1,kg4_v1,postgame_v1,Data/daily_pipeline/models/2026-08-23/pitchers/671096.joblib,Data/daily_pipeline/predictions/postgame/2026-08-23/825043_671096.csv,Data/daily_pipeline/predictions/postgame/2026-08-23/825043_671096.json,2026-08-24T15:44:33.052330+00:00
2026-08-23,2026,825043,683352,Mitch Bratt,Cincinnati Reds,69,42,24,0.6086956521739131,0.3478260869565217,0.2608695652173913,26.086956521739136,0.7500000000000001,75.00000000000001,stratified,rf_v1,kg4_v1,postgame_v1,Data/daily_pipeline/models/2026-08-23/pitchers/683352.joblib,Data/daily_pipeline/predictions/postgame/2026-08-23/825043_683352.csv,Data/daily_pipeline/predictions/postgame/2026-08-23/825043_683352.json,2026-08-24T15:44:39.274060+00:00
2026-08-24,2026,822695,676917,Cade Cavalli,Colorado Rockies,93,35,16,0.3763440860215054,0.1720430107526881,0.2043010752688172,20.43010752688172,1.1874999999999998,118.74999999999996,stratified,rf_v1,kg4_v1,postgame_v1,Data/daily_pipeline/models/2026-08-24/pitchers/676917.joblib,Data/daily_pipeline/predictions/postgame/2026-08-24/822695_676917.csv,Data/daily_pipeline/predictions/postgame/2026-08-24/822695_676917.json,2026-08-25T15:40:36.204934+00:00
2026-08-24,2026,822695,663372,Ryan Feltner,Washington Nationals,103,36,21,0.3495145631067961,0.203883495145631,0.145631067961165,14.563106796116507,0.7142857142857144,71.42857142857144,stratified,rf_v1,kg4_v1,postgame_v1,Data/daily_pipeline/models/2026-08-24/pitchers/663372.joblib,Data/daily_pipeline/predictions/postgame/2026-08-24/822695_663372.csv,Data/daily_pipeline/predictions/postgame/2026-08-24/822695_663372.json,2026-08-25T15:40:24.033606+00:00
2026-08-24,2026,823097,669302,Logan Gilbert,Philadelphia Phillies,102,60,33,0.5882352941176471,0.3235294117647059,0.2647058823529412,26.47058823529412,0.8181818181818181,81.81818181818181,stratified,rf_v1,kg4_v1,postgame_v1,Data/daily_pipeline/models/2026-08-24/pitchers/669302.joblib,Data/daily_pipeline/predictions/postgame/2026-08-24/823097_669302.csv,Data/daily_pipeline/predictions/postgame/2026-08-24/823097_669302.json,2026-08-25T15:46:49.994135+00:00
2026-08-24,2026,823097,554430,Zack Wheeler,Seattle Mariners,103,38,23,0.3689320388349514,0.2233009708737864,0.145631067961165,14.563106796116504,0.6521739130434782,65.21739130434781,stratified,rf_v1,kg4_v1,postgame_v1,Data/daily_pipeline/models/2026-08-24/pitchers/554430.joblib,Data/daily_pipeline/predictions/postgame/2026-08-24/823097_554430.csv,Data/daily_pipeline/predictions/postgame/2026-08-24/823097_554430.json,2026-08-25T15:46:13.291722+00:00
2026-08-24,2026,823183,687931,Carson Whisenhunt,Cincinnati Reds,47,18,16,0.3829787234042553,0.3404255319148936,0.0425531914893617,4.255319148936171,0.125,12.500000000000004,stratified,rf_v1,kg4_v1,postgame_v1,Data/daily_pipeline/models/2026-08-24/pitchers/687931.joblib,Data/daily_pipeline/predictions/postgame/2026-08-24/823183_687931.csv,Data/daily_pipeline/predictions/postgame/2026-08-24/823183_687931.json,2026-08-25T15:47:10.421289+00:00
2026-08-24,2026,823183,695505,Chase Burns,San Francisco Giants,64,35,22,0.546875,0.34375,0.203125,20.3125,0.5909090909090909,59.09090909090909,stratified,rf_v1,kg4_v1,postgame_v1,Data/daily_pipeline/models/2026-08-24/pitchers/695505.joblib,Data/daily_pipeline/predictions/postgame/2026-08-24/823183_695505.csv,Data/daily_pipeline/predictions/postgame/2026-08-24/823183_695505.json,2026-08-25T15:47:02.005862+00:00
2026-08-24,2026,823260,677952,Braxton Ashcraft,San Diego Padres,91,31,27,0.3406593406593406,0.2967032967032967,0.0439560439560439,4.395604395604397,0.1481481481481482,14.81481481481482,stratified,rf_v1,kg4_v1,postgame_v1,Data/daily_pipeline/models/2026-08-24/pitchers/677952.joblib,Data/daily_pipeline/predictions/postgame/2026-08-24/823260_677952.csv,Data/daily_pipeline/predictions/postgame/2026-08-24/823260_677952.json,2026-08-25T15:43:34.993349+00:00
2026-08-24,2026,823260,592662,Robbie Ray,Pittsburgh Pirates,99,37,20,0.3737373737373737,0.202020202020202,0.1717171717171717,17.171717171717173,0.8500000000000001,85.00000000000001,stratified,rf_v1,kg4_v1,postgame_v1,Data/daily_pipeline/models/2026-08-24/pitchers/592662.joblib,Data/daily_pipeline/predictions/postgame/2026-08-24/823260_592662.csv,Data/daily_pipeline/predictions/postgame/2026-08-24/823260_592662.json,2026-08-25T15:44:30.393353+00:00
2026-08-24,2026,823828,624133,Ranger Suarez,Miami Marlins,93,36,11,0.3870967741935484,0.1182795698924731,0.2688172043010752,26.881720430107524,2.2727272727272725,227.27272727272725,stratified,rf_v1,kg4_v1,postgame_v1,Data/daily_pipeline/models/2026-08-24/pitchers/624133.joblib,Data/daily_pipeline/predictions/postgame/2026-08-24/823828_624133.csv,Data/daily_pipeline/predictions/postgame/2026-08-24/823828_624133.json,2026-08-25T15:39:19.891350+00:00
2026-08-24,2026,823828,645261,Sandy Alcantara,Boston Red Sox,102,25,20,0.2450980392156862,0.196078431372549,0.0490196078431372,4.901960784313725,0.2499999999999999,25.0,stratified,rf_v1,kg4_v1,postgame_v1,Data/daily_pipeline/models/2026-08-24/pitchers/645261.joblib,Data/daily_pipeline/predictions/postgame/2026-08-24/823828_645261.csv,Data/daily_pipeline/predictions/postgame/2026-08-24/823828_645261.json,2026-08-25T15:40:05.596670+00:00
2026-08-24,2026,823992,691946,George Klassen,Cleveland Guardians,90,37,26,0.4111111111111111,0.2888888888888888,0.1222222222222222,12.222222222222223,0.4230769230769231,42.30769230769232,stratified,rf_v1,kg4_v1,postgame_v1,Data/daily_pipeline/models/2026-08-24/pitchers/691946.joblib,Data/daily_pipeline/predictions/postgame/2026-08-24/823992_691946.csv,Data/daily_pipeline/predictions/postgame/2026-08-24/823992_691946.json,2026-08-25T15:41:32.487748+00:00
2026-08-24,2026,823992,800048,Parker Messick,Los Angeles Angels,94,51,32,0.5425531914893617,0.3404255319148936,0.202127659574468,20.212765957446805,0.5937499999999999,59.37499999999999,stratified,rf_v1,kg4_v1,postgame_v1,Data/daily_pipeline/models/2026-08-24/pitchers/800048.joblib,Data/daily_pipeline/predictions/postgame/2026-08-24/823992_800048.csv,Data/daily_pipeline/predictions/postgame/2026-08-24/823992_800048.json,2026-08-25T15:41:26.032627+00:00
2026-08-24,2026,824235,656876,Drew Rasmussen,Detroit Tigers,103,31,22,0.3009708737864077,0.2135922330097087,0.087378640776699,8.737864077669903,0.409090909090909,40.90909090909091,stratified,rf_v1,kg4_v1,postgame_v1,Data/daily_pipeline/models/2026-08-24/pitchers/656876.joblib,Data/daily_pipeline/predictions/postgame/2026-08-24/824235_656876.csv,Data/daily_pipeline/predictions/postgame/2026-08-24/824235_656876.json,2026-08-25T15:38:07.373667+00:00
2026-08-24,2026,824235,664285,Framber Valdez,Tampa Bay Rays,84,42,26,0.5,0.3095238095238095,0.1904761904761904,19.047619047619047,0.6153846153846153,61.53846153846153,stratified,rf_v1,kg4_v1,postgame_v1,Data/daily_pipeline/models/2026-08-24/pitchers/664285.joblib,Data/daily_pipeline/predictions/postgame/2026-08-24/824235_664285.csv,Data/daily_pipeline/predictions/postgame/2026-08-24/824235_664285.json,2026-08-25T15:38:48.799408+00:00
2026-08-24,2026,824557,664353,José Urquidy,Texas Rangers,93,23,24,0.2473118279569892,0.2580645161290322,-0.010752688172043,-1.0752688172043,-0.0416666666666666,-4.166666666666663,stratified,rf_v1,kg4_v1,postgame_v1,Data/daily_pipeline/models/2026-08-24/pitchers/664353.joblib,Data/daily_pipeline/predictions/postgame/2026-08-24/824557_664353.csv,Data/daily_pipeline/predictions/postgame/2026-08-24/824557_664353.json,2026-08-25T15:41:13.337120+00:00
2026-08-24,2026,824557,677958,Kumar Rocker,Chicago White Sox,93,42,22,0.4516129032258064,0.2365591397849462,0.2150537634408602,21.50537634408602,0.909090909090909,90.90909090909088,stratified,rf_v1,kg4_v1,postgame_v1,Data/daily_pipeline/models/2026-08-24/pitchers/677958.joblib,Data/daily_pipeline/predictions/postgame/2026-08-24/824557_677958.csv,Data/daily_pipeline/predictions/postgame/2026-08-24/824557_677958.json,2026-08-25T15:40:51.888823+00:00
2026-08-24,2026,824964,605488,Jeffrey Springs,Minnesota Twins,89,34,21,0.3820224719101123,0.2359550561797752,0.146067415730337,14.606741573033707,0.6190476190476191,61.90476190476191,stratified,rf_v1,kg4_v1,postgame_v1,Data/daily_pipeline/models/2026-08-24/pitchers/605488.joblib,Data/daily_pipeline/predictions/postgame/2026-08-24/824964_605488.csv,Data/daily_pipeline/predictions/postgame/2026-08-24/824964_605488.json,2026-08-25T15:45:13.302465+00:00
2026-08-24,2026,824964,805673,Zebby Matthews,Athletics,105,38,23,0.3619047619047619,0.219047619047619,0.1428571428571428,14.285714285714285,0.6521739130434783,65.21739130434783,stratified,rf_v1,kg4_v1,postgame_v1,Data/daily_pipeline/models/2026-08-24/pitchers/805673.joblib,Data/daily_pipeline/predictions/postgame/2026-08-24/824964_805673.csv,Data/daily_pipeline/predictions/postgame/2026-08-24/824964_805673.json,2026-08-25T15:44:42.868325+00:00
2026-08-24,2026,825041,592332,Kevin Gausman,Arizona Diamondbacks,94,65,44,0.6914893617021277,0.4680851063829787,0.2234042553191489,22.3404255319149,0.4772727272727273,47.727272727272734,stratified,rf_v1,kg4_v1,postgame_v1,Data/daily_pipeline/models/2026-08-24/pitchers/592332.joblib,Data/daily_pipeline/predictions/postgame/2026-08-24/825041_592332.csv,Data/daily_pipeline/predictions/postgame/2026-08-24/825041_592332.json,2026-08-25T15:42:42.517633+00:00
2026-08-24,2026,825041,518876,Merrill Kelly,Chicago Cubs,99,31,22,0.3131313131313131,0.2222222222222222,0.0909090909090909,9.090909090909092,0.4090909090909092,40.90909090909092,stratified,rf_v1,kg4_v1,postgame_v1,Data/daily_pipeline/models/2026-08-24/pitchers/518876.joblib,Data/daily_pipeline/predictions/postgame/2026-08-24/825041_518876.csv,Data/daily_pipeline/predictions/postgame/2026-08-24/825041_518876.json,2026-08-25T15:43:22.528099+00:00
2026-08-25,2026,822693,674841,Andrew Alvarez,Colorado Rockies,81,32,17,0.3950617283950617,0.2098765432098765,0.1851851851851851,18.51851851851852,0.8823529411764706,88.23529411764706,stratified,rf_v1,kg4_v1,postgame_v1,Data/daily_pipeline/models/2026-08-25/pitchers/674841.joblib,Data/daily_pipeline/predictions/postgame/2026-08-25/822693_674841.csv,Data/daily_pipeline/predictions/postgame/2026-08-25/822693_674841.json,2026-08-26T16:15:28.152761+00:00
2026-08-25,2026,822773,453286,Max Scherzer,Kansas City Royals,92,42,30,0.4565217391304347,0.3260869565217391,0.1304347826086956,13.043478260869565,0.3999999999999999,39.99999999999999,stratified,rf_v1,kg4_v1,postgame_v1,Data/daily_pipeline/models/2026-08-25/pitchers/453286.joblib,Data/daily_pipeline/predictions/postgame/2026-08-25/822773_453286.csv,Data/daily_pipeline/predictions/postgame/2026-08-25/822773_453286.json,2026-08-26T16:18:04.440079+00:00
2026-08-25,2026,822773,607625,Seth Lugo,Toronto Blue Jays,89,25,9,0.2808988764044944,0.1011235955056179,0.1797752808988764,17.97752808988764,1.777777777777778,177.7777777777778,stratified,rf_v1,kg4_v1,postgame_v1,Data/daily_pipeline/models/2026-08-25/pitchers/607625.joblib,Data/daily_pipeline/predictions/postgame/2026-08-25/822773_607625.csv,Data/daily_pipeline/predictions/postgame/2026-08-25/822773_607625.json,2026-08-26T16:16:26.226849+00:00
2026-08-25,2026,823016,605135,Chris Bassitt,St. Louis Cardinals,99,46,36,0.4646464646464646,0.3636363636363636,0.101010101010101,10.1010101010101,0.2777777777777777,27.77777777777777,stratified,rf_v1,kg4_v1,postgame_v1,Data/daily_pipeline/models/2026-08-25/pitchers/605135.joblib,Data/daily_pipeline/predictions/postgame/2026-08-25/823016_605135.csv,Data/daily_pipeline/predictions/postgame/2026-08-25/823016_605135.json,2026-08-26T16:21:32.053408+00:00
2026-08-25,2026,823016,669461,Matthew Liberatore,Baltimore Orioles,91,25,18,0.2747252747252747,0.1978021978021978,0.0769230769230769,7.692307692307695,0.388888888888889,38.88888888888891,stratified,rf_v1,kg4_v1,postgame_v1,Data/daily_pipeline/models/2026-08-25/pitchers/669461.joblib,Data/daily_pipeline/predictions/postgame/2026-08-25/823016_669461.csv,Data/daily_pipeline/predictions/postgame/2026-08-25/823016_669461.json,2026-08-26T16:21:52.090503+00:00
2026-08-25,2026,823098,605400,Aaron Nola,Seattle Mariners,92,32,22,0.3478260869565217,0.2391304347826087,0.108695652173913,10.869565217391305,0.4545454545454545,45.454545454545446,stratified,rf_v1,kg4_v1,postgame_v1,Data/daily_pipeline/models/2026-08-25/pitchers/605400.joblib,Data/daily_pipeline/predictions/postgame/2026-08-25/823098_605400.csv,Data/daily_pipeline/predictions/postgame/2026-08-25/823098_605400.json,2026-08-26T16:25:42.960784+00:00
2026-08-25,2026,823098,669923,George Kirby,Philadelphia Phillies,92,39,14,0.4239130434782608,0.1521739130434782,0.2717391304347826,27.17391304347825,1.7857142857142856,178.57142857142856,stratified,rf_v1,kg4_v1,postgame_v1,Data/daily_pipeline/models/2026-08-25/pitchers/669923.joblib,Data/daily_pipeline/predictions/postgame/2026-08-25/823098_669923.csv,Data/daily_pipeline/predictions/postgame/2026-08-25/823098_669923.json,2026-08-26T16:26:11.452401+00:00
2026-08-25,2026,823181,605288,Adrian Houser,Cincinnati Reds,26,14,7,0.5384615384615384,0.2692307692307692,0.2692307692307692,26.923076923076923,1.0,100.0,stratified,rf_v1,kg4_v1,postgame_v1,Data/daily_pipeline/models/2026-08-25/pitchers/605288.joblib,Data/daily_pipeline/predictions/postgame/2026-08-25/823181_605288.csv,Data/daily_pipeline/predictions/postgame/2026-08-25/823181_605288.json,2026-08-26T16:27:20.761079+00:00
2026-08-25,2026,823181,663903,Brady Singer,San Francisco Giants,91,48,43,0.5274725274725275,0.4725274725274725,0.0549450549450549,5.494505494505497,0.1162790697674419,11.62790697674419,stratified,rf_v1,kg4_v1,postgame_v1,Data/daily_pipeline/models/2026-08-25/pitchers/663903.joblib,Data/daily_pipeline/predictions/postgame/2026-08-25/823181_663903.csv,Data/daily_pipeline/predictions/postgame/2026-08-25/823181_663903.json,2026-08-26T16:26:47.577445+00:00
2026-08-25,2026,823259,650633,Michael King,Pittsburgh Pirates,98,32,25,0.3265306122448979,0.2551020408163265,0.0714285714285714,7.14285714285714,0.2799999999999998,27.999999999999982,stratified,rf_v1,kg4_v1,postgame_v1,Data/daily_pipeline/models/2026-08-25/pitchers/650633.joblib,Data/daily_pipeline/predictions/postgame/2026-08-25/823259_650633.csv,Data/daily_pipeline/predictions/postgame/2026-08-25/823259_650633.json,2026-08-26T16:24:05.233331+00:00
2026-08-25,2026,823259,694973,Paul Skenes,San Diego Padres,87,28,19,0.3218390804597701,0.2183908045977011,0.1034482758620689,10.344827586206897,0.4736842105263157,47.36842105263157,stratified,rf_v1,kg4_v1,postgame_v1,Data/daily_pipeline/models/2026-08-25/pitchers/694973.joblib,Data/daily_pipeline/predictions/postgame/2026-08-25/823259_694973.csv,Data/daily_pipeline/predictions/postgame/2026-08-25/823259_694973.json,2026-08-26T16:23:36.503322+00:00
2026-08-25,2026,823505,701542,Will Warren,Houston Astros,97,30,24,0.3092783505154639,0.2474226804123711,0.0618556701030927,6.185567010309279,0.25,25.0,stratified,rf_v1,kg4_v1,postgame_v1,Data/daily_pipeline/models/2026-08-25/pitchers/701542.joblib,Data/daily_pipeline/predictions/postgame/2026-08-25/823505_701542.csv,Data/daily_pipeline/predictions/postgame/2026-08-25/823505_701542.json,2026-08-26T16:15:45.454254+00:00
2026-08-25,2026,823585,690986,Kyle Harrison,New York Mets,90,52,37,0.5777777777777777,0.4111111111111111,0.1666666666666666,16.666666666666664,0.4054054054054053,40.54054054054053,stratified,rf_v1,kg4_v1,postgame_v1,Data/daily_pipeline/models/2026-08-25/pitchers/690986.joblib,Data/daily_pipeline/predictions/postgame/2026-08-25/823585_690986.csv,Data/daily_pipeline/predictions/postgame/2026-08-25/823585_690986.json,2026-08-26T16:18:20.119662+00:00
2026-08-25,2026,823585,804267,Zac Thornton,Milwaukee Brewers,89,27,19,0.3033707865168539,0.2134831460674157,0.0898876404494382,8.988764044943823,0.4210526315789475,42.105263157894754,stratified,rf_v1,kg4_v1,postgame_v1,Data/daily_pipeline/models/2026-08-25/pitchers/804267.joblib,Data/daily_pipeline/predictions/postgame/2026-08-25/823585_804267.csv,Data/daily_pipeline/predictions/postgame/2026-08-25/823585_804267.json,2026-08-26T16:18:28.865405+00:00
2026-08-25,2026,823826,801139,Payton Tolle,Miami Marlins,97,37,29,0.3814432989690721,0.2989690721649484,0.0824742268041237,8.24742268041237,0.2758620689655172,27.58620689655172,stratified,rf_v1,kg4_v1,postgame_v1,Data/daily_pipeline/models/2026-08-25/pitchers/801139.joblib,Data/daily_pipeline/predictions/postgame/2026-08-25/823826_801139.csv,Data/daily_pipeline/predictions/postgame/2026-08-25/823826_801139.json,2026-08-26T16:15:04.714273+00:00
2026-08-25,2026,823826,663969,Tyler Phillips,Boston Red Sox,84,35,16,0.4166666666666667,0.1904761904761904,0.2261904761904762,22.61904761904762,1.1875000000000002,118.75000000000004,stratified,rf_v1,kg4_v1,postgame_v1,Data/daily_pipeline/models/2026-08-25/pitchers/663969.joblib,Data/daily_pipeline/predictions/postgame/2026-08-25/823826_663969.csv,Data/daily_pipeline/predictions/postgame/2026-08-25/823826_663969.json,2026-08-26T16:15:17.647366+00:00
2026-08-25,2026,823989,668909,Gavin Williams,Los Angeles Angels,62,25,19,0.4032258064516129,0.3064516129032258,0.096774193548387,9.677419354838706,0.3157894736842104,31.57894736842104,stratified,rf_v1,kg4_v1,postgame_v1,Data/daily_pipeline/models/2026-08-25/pitchers/668909.joblib,Data/daily_pipeline/predictions/postgame/2026-08-25/823989_668909.csv,Data/daily_pipeline/predictions/postgame/2026-08-25/823989_668909.json,2026-08-26T16:22:13.981224+00:00
2026-08-25,2026,823989,700712,Walbert Ureña,Cleveland Guardians,89,35,27,0.3932584269662921,0.3033707865168539,0.0898876404494382,8.98876404494382,0.2962962962962963,29.629629629629623,stratified,rf_v1,kg4_v1,postgame_v1,Data/daily_pipeline/models/2026-08-25/pitchers/700712.joblib,Data/daily_pipeline/predictions/postgame/2026-08-25/823989_700712.csv,Data/daily_pipeline/predictions/postgame/2026-08-25/823989_700712.json,2026-08-26T16:22:24.158429+00:00
2026-08-25,2026,824233,668984,Casey Legumina,Detroit Tigers,27,14,9,0.5185185185185185,0.3333333333333333,0.1851851851851851,18.51851851851852,0.5555555555555556,55.55555555555556,stratified,rf_v1,kg4_v1,postgame_v1,Data/daily_pipeline/models/2026-08-25/pitchers/668984.joblib,Data/daily_pipeline/predictions/postgame/2026-08-25/824233_668984.csv,Data/daily_pipeline/predictions/postgame/2026-08-25/824233_668984.json,2026-08-26T16:14:44.631939+00:00
2026-08-25,2026,824233,695549,Jackson Jobe,Tampa Bay Rays,86,27,17,0.313953488372093,0.1976744186046511,0.1162790697674418,11.627906976744187,0.5882352941176472,58.82352941176472,stratified,rf_v1,kg4_v1,postgame_v1,Data/daily_pipeline/models/2026-08-25/pitchers/695549.joblib,Data/daily_pipeline/predictions/postgame/2026-08-25/824233_695549.csv,Data/daily_pipeline/predictions/postgame/2026-08-25/824233_695549.json,2026-08-26T16:14:52.906055+00:00
2026-08-25,2026,824556,641743,Anthony Kay,Texas Rangers,99,29,24,0.2929292929292929,0.2424242424242424,0.0505050505050505,5.05050505050505,0.2083333333333333,20.83333333333333,stratified,rf_v1,kg4_v1,postgame_v1,Data/daily_pipeline/models/2026-08-25/pitchers/641743.joblib,Data/daily_pipeline/predictions/postgame/2026-08-25/824556_641743.csv,Data/daily_pipeline/predictions/postgame/2026-08-25/824556_641743.json,2026-08-26T16:20:44.188751+00:00
2026-08-25,2026,824556,594798,Jacob deGrom,Chicago White Sox,87,43,23,0.4942528735632184,0.264367816091954,0.2298850574712643,22.988505747126435,0.8695652173913043,86.95652173913044,stratified,rf_v1,kg4_v1,postgame_v1,Data/daily_pipeline/models/2026-08-25/pitchers/594798.joblib,Data/daily_pipeline/predictions/postgame/2026-08-25/824556_594798.csv,Data/daily_pipeline/predictions/postgame/2026-08-25/824556_594798.json,2026-08-26T16:20:26.842427+00:00
2026-08-25,2026,824881,693821,Bryce Elder,Los Angeles Dodgers,98,30,23,0.3061224489795918,0.2346938775510204,0.0714285714285714,7.142857142857142,0.3043478260869565,30.43478260869565,stratified,rf_v1,kg4_v1,postgame_v1,Data/daily_pipeline/models/2026-08-25/pitchers/693821.joblib,Data/daily_pipeline/predictions/postgame/2026-08-25/824881_693821.csv,Data/daily_pipeline/predictions/postgame/2026-08-25/824881_693821.json,2026-08-26T16:19:26.893340+00:00
2026-08-25,2026,824881,607192,Tyler Glasnow,Atlanta Braves,89,37,30,0.4157303370786517,0.3370786516853932,0.0786516853932584,7.865168539325845,0.2333333333333334,23.333333333333343,stratified,rf_v1,kg4_v1,postgame_v1,Data/daily_pipeline/models/2026-08-25/pitchers/607192.joblib,Data/daily_pipeline/predictions/postgame/2026-08-25/824881_607192.csv,Data/daily_pipeline/predictions/postgame/2026-08-25/824881_607192.json,2026-08-26T16:19:01.487255+00:00
2026-08-25,2026,824962,695611,Gage Jump,Minnesota Twins,94,45,36,0.4787234042553192,0.3829787234042553,0.0957446808510638,9.574468085106384,0.25,25.000000000000007,stratified,rf_v1,kg4_v1,postgame_v1,Data/daily_pipeline/models/2026-08-25/pitchers/695611.joblib,Data/daily_pipeline/predictions/postgame/2026-08-25/824962_695611.csv,Data/daily_pipeline/predictions/postgame/2026-08-25/824962_695611.json,2026-08-26T16:24:36.832551+00:00
2026-08-25,2026,824962,671737,Taj Bradley,Athletics,99,48,26,0.4848484848484848,0.2626262626262626,0.2222222222222222,22.22222222222222,0.846153846153846,84.6153846153846,stratified,rf_v1,kg4_v1,postgame_v1,Data/daily_pipeline/models/2026-08-25/pitchers/671737.joblib,Data/daily_pipeline/predictions/postgame/2026-08-25/824962_671737.csv,Data/daily_pipeline/predictions/postgame/2026-08-25/824962_671737.json,2026-08-26T16:24:27.701460+00:00
2026-08-25,2026,825042,694297,Brandon Pfaadt,Chicago Cubs,103,42,17,0.4077669902912621,0.1650485436893204,0.2427184466019417,24.271844660194173,1.4705882352941173,147.05882352941174,stratified,rf_v1,kg4_v1,postgame_v1,Data/daily_pipeline/models/2026-08-25/pitchers/694297.joblib,Data/daily_pipeline/predictions/postgame/2026-08-25/825042_694297.csv,Data/daily_pipeline/predictions/postgame/2026-08-25/825042_694297.json,2026-08-26T16:23:11.591114+00:00
2026-08-25,2026,825042,605280,Clay Holmes,Arizona Diamondbacks,93,47,30,0.5053763440860215,0.3225806451612903,0.1827956989247312,18.27956989247312,0.5666666666666667,56.66666666666666,stratified,rf_v1,kg4_v1,postgame_v1,Data/daily_pipeline/models/2026-08-25/pitchers/605280.joblib,Data/daily_pipeline/predictions/postgame/2026-08-25/825042_605280.csv,Data/daily_pipeline/predictions/postgame/2026-08-25/825042_605280.json,2026-08-26T16:22:48.512901+00:00
2026-08-27,2026,822694,687312,Gabriel Hughes,Washington Nationals,95,42,29,0.4421052631578947,0.3052631578947368,0.1368421052631578,13.684210526315788,0.4482758620689654,44.82758620689655,stratified,rf_v1,kg4_v1,postgame_v1,Data/daily_pipeline/models/2026-08-27/pitchers/687312.joblib,Data/daily_pipeline/predictions/postgame/2026-08-27/822694_687312.csv,Data/daily_pipeline/predictions/postgame/2026-08-27/822694_687312.json,2026-08-28T23:50:26.713053+00:00
2026-08-27,2026,822694,663623,Jake Irvin,Colorado Rockies,94,38,22,0.4042553191489361,0.2340425531914893,0.1702127659574467,17.021276595744677,0.7272727272727271,72.7272727272727,stratified,rf_v1,kg4_v1,postgame_v1,Data/daily_pipeline/models/2026-08-27/pitchers/663623.joblib,Data/daily_pipeline/predictions/postgame/2026-08-27/822694_663623.csv,Data/daily_pipeline/predictions/postgame/2026-08-27/822694_663623.json,2026-08-28T23:50:49.673640+00:00
2026-08-27,2026,822771,702070,Noah Cameron,Toronto Blue Jays,81,27,14,0.3333333333333333,0.1728395061728395,0.1604938271604938,16.049382716049383,0.9285714285714286,92.85714285714286,stratified,rf_v1,kg4_v1,postgame_v1,Data/daily_pipeline/models/2026-08-27/pitchers/702070.joblib,Data/daily_pipeline/predictions/postgame/2026-08-27/822771_702070.csv,Data/daily_pipeline/predictions/postgame/2026-08-27/822771_702070.json,2026-08-28T23:53:05.037399+00:00
2026-08-27,2026,822771,681293,Spencer Arrighetti,Kansas City Royals,79,30,13,0.379746835443038,0.1645569620253164,0.2151898734177215,21.51898734177216,1.307692307692308,130.7692307692308,stratified,rf_v1,kg4_v1,postgame_v1,Data/daily_pipeline/models/2026-08-27/pitchers/681293.joblib,Data/daily_pipeline/predictions/postgame/2026-08-27/822771_681293.csv,Data/daily_pipeline/predictions/postgame/2026-08-27/822771_681293.json,2026-08-28T23:53:17.982843+00:00
2026-08-27,2026,823014,700669,Gordon Graceffo,Baltimore Orioles,38,11,9,0.2894736842105263,0.2368421052631578,0.0526315789473684,5.263157894736844,0.2222222222222223,22.22222222222224,stratified,rf_v1,kg4_v1,postgame_v1,Data/daily_pipeline/models/2026-08-27/pitchers/700669.joblib,Data/daily_pipeline/predictions/postgame/2026-08-27/823014_700669.csv,Data/daily_pipeline/predictions/postgame/2026-08-27/823014_700669.json,2026-08-28T23:51:27.024050+00:00
2026-08-27,2026,823014,669432,Trevor Rogers,St. Louis Cardinals,86,41,24,0.4767441860465116,0.2790697674418604,0.1976744186046511,19.76744186046512,0.7083333333333334,70.83333333333334,stratified,rf_v1,kg4_v1,postgame_v1,Data/daily_pipeline/models/2026-08-27/pitchers/669432.joblib,Data/daily_pipeline/predictions/postgame/2026-08-27/823014_669432.csv,Data/daily_pipeline/predictions/postgame/2026-08-27/823014_669432.json,2026-08-28T23:51:16.358926+00:00
2026-08-27,2026,823179,703615,Jose Cabrera,San Francisco Giants,70,10,17,0.1428571428571428,0.2428571428571428,-0.1,-10.0,-0.411764705882353,-41.1764705882353,stratified,rf_v1,kg4_v1,postgame_v1,Data/daily_pipeline/models/2026-08-27/pitchers/703615.joblib,Data/daily_pipeline/predictions/postgame/2026-08-27/823179_703615.csv,Data/daily_pipeline/predictions/postgame/2026-08-27/823179_703615.json,2026-08-28T23:55:59.713326+00:00
2026-08-27,2026,823179,694738,Landen Roupp,Arizona Diamondbacks,95,43,27,0.4526315789473684,0.2842105263157894,0.1684210526315789,16.842105263157897,0.5925925925925927,59.25925925925927,stratified,rf_v1,kg4_v1,postgame_v1,Data/daily_pipeline/models/2026-08-27/pitchers/694738.joblib,Data/daily_pipeline/predictions/postgame/2026-08-27/823179_694738.csv,Data/daily_pipeline/predictions/postgame/2026-08-27/823179_694738.json,2026-08-28T23:56:15.577306+00:00
2026-08-27,2026,823503,543037,Gerrit Cole,Houston Astros,79,39,23,0.4936708860759494,0.2911392405063291,0.2025316455696202,20.253164556962027,0.6956521739130436,69.56521739130436,stratified,rf_v1,kg4_v1,postgame_v1,Data/daily_pipeline/models/2026-08-27/pitchers/543037.joblib,Data/daily_pipeline/predictions/postgame/2026-08-27/823503_543037.csv,Data/daily_pipeline/predictions/postgame/2026-08-27/823503_543037.json,2026-08-28T23:52:50.048170+00:00
2026-08-27,2026,823503,669713,Hayden Wesneski,New York Yankees,91,27,16,0.2967032967032967,0.1758241758241758,0.1208791208791208,12.087912087912086,0.6874999999999999,68.74999999999999,stratified,rf_v1,kg4_v1,postgame_v1,Data/daily_pipeline/models/2026-08-27/pitchers/669713.joblib,Data/daily_pipeline/predictions/postgame/2026-08-27/823503_669713.csv,Data/daily_pipeline/predictions/postgame/2026-08-27/823503_669713.json,2026-08-28T23:51:39.070742+00:00
2026-08-27,2026,823581,694819,Jacob Misiorowski,New York Mets,89,55,38,0.6179775280898876,0.4269662921348314,0.1910112359550561,19.101123595505616,0.4473684210526315,44.73684210526315,stratified,rf_v1,kg4_v1,postgame_v1,Data/daily_pipeline/models/2026-08-27/pitchers/694819.joblib,Data/daily_pipeline/predictions/postgame/2026-08-27/823581_694819.csv,Data/daily_pipeline/predictions/postgame/2026-08-27/823581_694819.json,2026-08-28T23:53:30.742320+00:00
2026-08-27,2026,823581,640455,Sean Manaea,Milwaukee Brewers,95,34,15,0.3578947368421052,0.1578947368421052,0.2,20.0,1.2666666666666668,126.66666666666669,stratified,rf_v1,kg4_v1,postgame_v1,Data/daily_pipeline/models/2026-08-27/pitchers/640455.joblib,Data/daily_pipeline/predictions/postgame/2026-08-27/823581_640455.csv,Data/daily_pipeline/predictions/postgame/2026-08-27/823581_640455.json,2026-08-28T23:54:20.730340+00:00
2026-08-27,2026,824879,519242,Chris Sale,Los Angeles Dodgers,109,57,32,0.5229357798165137,0.2935779816513761,0.2293577981651375,22.93577981651376,0.7812499999999998,78.12499999999997,stratified,rf_v1,kg4_v1,postgame_v1,Data/daily_pipeline/models/2026-08-27/pitchers/519242.joblib,Data/daily_pipeline/predictions/postgame/2026-08-27/824879_519242.csv,Data/daily_pipeline/predictions/postgame/2026-08-27/824879_519242.json,2026-08-28T23:55:55.048061+00:00
2026-08-27,2026,824879,808967,Yoshinobu Yamamoto,Atlanta Braves,105,29,21,0.2761904761904762,0.2,0.0761904761904762,7.6190476190476195,0.380952380952381,38.0952380952381,stratified,rf_v1,kg4_v1,postgame_v1,Data/daily_pipeline/models/2026-08-27/pitchers/808967.joblib,Data/daily_pipeline/predictions/postgame/2026-08-27/824879_808967.csv,Data/daily_pipeline/predictions/postgame/2026-08-27/824879_808967.json,2026-08-28T23:54:38.748482+00:00
2026-08-28,2026,822691,691587,Eury Pérez,Washington Nationals,74,26,17,0.3513513513513513,0.2297297297297297,0.1216216216216216,12.162162162162163,0.5294117647058824,52.94117647058824,stratified,rf_v1,kg4_v1,postgame_v1,Data/daily_pipeline/models/2026-08-28/pitchers/691587.joblib,Data/daily_pipeline/predictions/postgame/2026-08-28/822691_691587.csv,Data/daily_pipeline/predictions/postgame/2026-08-28/822691_691587.json,2026-08-29T18:10:35.386127+00:00
2026-08-28,2026,822691,800600,Jackson Kent,Miami Marlins,106,25,13,0.2358490566037736,0.1226415094339622,0.1132075471698113,11.320754716981131,0.9230769230769232,92.3076923076923,stratified,rf_v1,kg4_v1,postgame_v1,Data/daily_pipeline/models/2026-08-28/pitchers/800600.joblib,Data/daily_pipeline/predictions/postgame/2026-08-28/822691_800600.csv,Data/daily_pipeline/predictions/postgame/2026-08-28/822691_800600.json,2026-08-29T18:10:40.886184+00:00
2026-08-28,2026,822769,656302,Dylan Cease,Seattle Mariners,92,32,29,0.3478260869565217,0.3152173913043478,0.0326086956521738,3.260869565217389,0.1034482758620689,10.34482758620689,stratified,rf_v1,kg4_v1,postgame_v1,Data/daily_pipeline/models/2026-08-28/pitchers/656302.joblib,Data/daily_pipeline/predictions/postgame/2026-08-28/822769_656302.csv,Data/daily_pipeline/predictions/postgame/2026-08-28/822769_656302.json,2026-08-29T18:14:30.389888+00:00
2026-08-28,2026,822769,676106,Emerson Hancock,Toronto Blue Jays,67,37,16,0.5522388059701493,0.2388059701492537,0.3134328358208955,31.343283582089555,1.3125,131.25,stratified,rf_v1,kg4_v1,postgame_v1,Data/daily_pipeline/models/2026-08-28/pitchers/676106.joblib,Data/daily_pipeline/predictions/postgame/2026-08-28/822769_676106.csv,Data/daily_pipeline/predictions/postgame/2026-08-28/822769_676106.json,2026-08-29T18:13:43.714733+00:00
2026-08-28,2026,822935,663554,Casey Mize,Tampa Bay Rays,77,29,23,0.3766233766233766,0.2987012987012987,0.0779220779220779,7.792207792207795,0.2608695652173914,26.08695652173914,stratified,rf_v1,kg4_v1,postgame_v1,Data/daily_pipeline/models/2026-08-28/pitchers/663554.joblib,Data/daily_pipeline/predictions/postgame/2026-08-28/822935_663554.csv,Data/daily_pipeline/predictions/postgame/2026-08-28/822935_663554.json,2026-08-29T18:13:10.034254+00:00
2026-08-28,2026,822935,663556,Shane McClanahan,San Diego Padres,80,33,28,0.4125,0.35,0.0625,6.25,0.1785714285714285,17.857142857142858,stratified,rf_v1,kg4_v1,postgame_v1,Data/daily_pipeline/models/2026-08-28/pitchers/663556.joblib,Data/daily_pipeline/predictions/postgame/2026-08-28/822935_663556.csv,Data/daily_pipeline/predictions/postgame/2026-08-28/822935_663556.json,2026-08-29T18:13:28.060606+00:00
2026-08-28,2026,823013,683003,Jared Jones,St. Louis Cardinals,86,36,28,0.4186046511627907,0.3255813953488372,0.0930232558139534,9.30232558139535,0.2857142857142857,28.57142857142857,stratified,rf_v1,kg4_v1,postgame_v1,Data/daily_pipeline/models/2026-08-28/pitchers/683003.joblib,Data/daily_pipeline/predictions/postgame/2026-08-28/823013_683003.csv,Data/daily_pipeline/predictions/postgame/2026-08-28/823013_683003.json,2026-08-29T18:17:31.600133+00:00
2026-08-28,2026,823013,687273,Quinn Mathews,Pittsburgh Pirates,102,42,25,0.4117647058823529,0.2450980392156862,0.1666666666666666,16.666666666666664,0.6799999999999999,68.0,stratified,rf_v1,kg4_v1,postgame_v1,Data/daily_pipeline/models/2026-08-28/pitchers/687273.joblib,Data/daily_pipeline/predictions/postgame/2026-08-28/823013_687273.csv,Data/daily_pipeline/predictions/postgame/2026-08-28/823013_687273.json,2026-08-29T18:17:36.871135+00:00
2026-08-28,2026,823178,694918,Blade Tidwell,Arizona Diamondbacks,100,32,24,0.32,0.24,0.08,8.000000000000002,0.3333333333333334,33.33333333333334,stratified,rf_v1,kg4_v1,postgame_v1,Data/daily_pipeline/models/2026-08-28/pitchers/694918.joblib,Data/daily_pipeline/predictions/postgame/2026-08-28/823178_694918.csv,Data/daily_pipeline/predictions/postgame/2026-08-28/823178_694918.json,2026-08-29T18:18:47.495602+00:00
2026-08-28,2026,823178,684442,Kohl Drake,San Francisco Giants,57,22,14,0.3859649122807017,0.2456140350877192,0.1403508771929824,14.035087719298245,0.5714285714285714,57.14285714285714,stratified,rf_v1,kg4_v1,postgame_v1,Data/daily_pipeline/models/2026-08-28/pitchers/684442.joblib,Data/daily_pipeline/predictions/postgame/2026-08-28/823178_684442.csv,Data/daily_pipeline/predictions/postgame/2026-08-28/823178_684442.json,2026-08-29T18:18:40.035817+00:00
2026-08-28,2026,823504,693645,Cam Schlittler,Boston Red Sox,102,52,34,0.5098039215686274,0.3333333333333333,0.1764705882352941,17.64705882352941,0.5294117647058824,52.94117647058824,stratified,rf_v1,kg4_v1,postgame_v1,Data/daily_pipeline/models/2026-08-28/pitchers/693645.joblib,Data/daily_pipeline/predictions/postgame/2026-08-28/823504_693645.csv,Data/daily_pipeline/predictions/postgame/2026-08-28/823504_693645.json,2026-08-29T18:15:37.284413+00:00
2026-08-28,2026,823504,663776,Patrick Sandoval,New York Yankees,96,29,18,0.3020833333333333,0.1875,0.1145833333333333,11.458333333333332,0.611111111111111,61.11111111111111,stratified,rf_v1,kg4_v1,postgame_v1,Data/daily_pipeline/models/2026-08-28/pitchers/663776.joblib,Data/daily_pipeline/predictions/postgame/2026-08-28/823504_663776.csv,Data/daily_pipeline/predictions/postgame/2026-08-28/823504_663776.json,2026-08-29T18:15:24.661870+00:00
2026-08-28,2026,823583,681035,Christian Scott,Houston Astros,96,38,26,0.3958333333333333,0.2708333333333333,0.125,12.5,0.4615384615384615,46.15384615384615,stratified,rf_v1,kg4_v1,postgame_v1,Data/daily_pipeline/models/2026-08-28/pitchers/681035.joblib,Data/daily_pipeline/predictions/postgame/2026-08-28/823583_681035.csv,Data/daily_pipeline/predictions/postgame/2026-08-28/823583_681035.json,2026-08-29T18:12:43.140543+00:00
2026-08-28,2026,823583,686613,Hunter Brown,New York Mets,102,41,16,0.4019607843137255,0.1568627450980392,0.2450980392156863,24.50980392156863,1.5625000000000002,156.25000000000003,stratified,rf_v1,kg4_v1,postgame_v1,Data/daily_pipeline/models/2026-08-28/pitchers/686613.joblib,Data/daily_pipeline/predictions/postgame/2026-08-28/823583_686613.csv,Data/daily_pipeline/predictions/postgame/2026-08-28/823583_686613.json,2026-08-29T18:12:32.081140+00:00
2026-08-28,2026,823666,665152,Dean Kremer,Chicago White Sox,90,29,26,0.3222222222222222,0.2888888888888888,0.0333333333333333,3.3333333333333384,0.1153846153846155,11.538461538461556,stratified,rf_v1,kg4_v1,postgame_v1,Data/daily_pipeline/models/2026-08-28/pitchers/665152.joblib,Data/daily_pipeline/predictions/postgame/2026-08-28/823666_665152.csv,Data/daily_pipeline/predictions/postgame/2026-08-28/823666_665152.json,2026-08-29T18:17:19.608465+00:00
2026-08-28,2026,823666,622491,Luis Castillo,Minnesota Twins,75,24,16,0.32,0.2133333333333333,0.1066666666666666,10.666666666666666,0.4999999999999999,49.99999999999999,stratified,rf_v1,kg4_v1,postgame_v1,Data/daily_pipeline/models/2026-08-28/pitchers/622491.joblib,Data/daily_pipeline/predictions/postgame/2026-08-28/823666_622491.csv,Data/daily_pipeline/predictions/postgame/2026-08-28/823666_622491.json,2026-08-29T18:16:50.588881+00:00
2026-08-28,2026,823744,674003,Cody Bradford,Milwaukee Brewers,100,61,37,0.61,0.37,0.24,24.0,0.6486486486486487,64.86486486486487,stratified,rf_v1,kg4_v1,postgame_v1,Data/daily_pipeline/models/2026-08-28/pitchers/674003.joblib,Data/daily_pipeline/predictions/postgame/2026-08-28/823744_674003.csv,Data/daily_pipeline/predictions/postgame/2026-08-28/823744_674003.json,2026-08-29T18:15:48.104000+00:00
2026-08-28,2026,823744,701656,Logan Henderson,Texas Rangers,91,42,41,0.4615384615384615,0.4505494505494505,0.010989010989011,1.0989010989011003,0.024390243902439,2.439024390243906,stratified,rf_v1,kg4_v1,postgame_v1,Data/daily_pipeline/models/2026-08-28/pitchers/701656.joblib,Data/daily_pipeline/predictions/postgame/2026-08-28/823744_701656.csv,Data/daily_pipeline/predictions/postgame/2026-08-28/823744_701656.json,2026-08-29T18:15:56.792219+00:00
2026-08-28,2026,823985,691725,Andrew Painter,Los Angeles Angels,94,27,12,0.2872340425531915,0.1276595744680851,0.1595744680851064,15.957446808510642,1.2500000000000004,125.00000000000004,stratified,rf_v1,kg4_v1,postgame_v1,Data/daily_pipeline/models/2026-08-28/pitchers/691725.joblib,Data/daily_pipeline/predictions/postgame/2026-08-28/823985_691725.csv,Data/daily_pipeline/predictions/postgame/2026-08-28/823985_691725.json,2026-08-29T18:17:45.958554+00:00
2026-08-28,2026,823985,672282,Reid Detmers,Philadelphia Phillies,86,46,23,0.5348837209302325,0.2674418604651162,0.2674418604651162,26.744186046511626,1.0,100.0,stratified,rf_v1,kg4_v1,postgame_v1,Data/daily_pipeline/models/2026-08-28/pitchers/672282.joblib,Data/daily_pipeline/predictions/postgame/2026-08-28/823985_672282.csv,Data/daily_pipeline/predictions/postgame/2026-08-28/823985_672282.json,2026-08-29T18:18:09.849406+00:00
2026-08-28,2026,824231,623454,Drew Anderson,Los Angeles Dodgers,89,39,23,0.4382022471910112,0.2584269662921348,0.1797752808988764,17.97752808988764,0.6956521739130435,69.56521739130434,stratified,rf_v1,kg4_v1,postgame_v1,Data/daily_pipeline/models/2026-08-28/pitchers/623454.joblib,Data/daily_pipeline/predictions/postgame/2026-08-28/824231_623454.csv,Data/daily_pipeline/predictions/postgame/2026-08-28/824231_623454.json,2026-08-29T18:10:20.683912+00:00
2026-08-28,2026,824231,669373,Tarik Skubal,Detroit Tigers,83,31,25,0.3734939759036144,0.3012048192771084,0.0722891566265059,7.228915662650598,0.2399999999999998,23.999999999999982,stratified,rf_v1,kg4_v1,postgame_v1,Data/daily_pipeline/models/2026-08-28/pitchers/669373.joblib,Data/daily_pipeline/predictions/postgame/2026-08-28/824231_669373.csv,Data/daily_pipeline/predictions/postgame/2026-08-28/824231_669373.json,2026-08-29T18:10:07.501245+00:00
2026-08-28,2026,824396,608379,Michael Wacha,Cleveland Guardians,103,41,17,0.3980582524271844,0.1650485436893204,0.233009708737864,23.300970873786405,1.4117647058823528,141.17647058823528,stratified,rf_v1,kg4_v1,postgame_v1,Data/daily_pipeline/models/2026-08-28/pitchers/608379.joblib,Data/daily_pipeline/predictions/postgame/2026-08-28/824396_608379.csv,Data/daily_pipeline/predictions/postgame/2026-08-28/824396_608379.json,2026-08-29T18:11:40.116549+00:00
2026-08-28,2026,824396,676440,Tanner Bibee,Kansas City Royals,93,35,18,0.3763440860215054,0.1935483870967742,0.1827956989247312,18.27956989247312,0.9444444444444444,94.44444444444446,stratified,rf_v1,kg4_v1,postgame_v1,Data/daily_pipeline/models/2026-08-28/pitchers/676440.joblib,Data/daily_pipeline/predictions/postgame/2026-08-28/824396_676440.csv,Data/daily_pipeline/predictions/postgame/2026-08-28/824396_676440.json,2026-08-29T18:12:06.094481+00:00
2026-08-28,2026,824638,656849,David Peterson,Cincinnati Reds,88,33,19,0.375,0.2159090909090909,0.1590909090909091,15.909090909090908,0.7368421052631579,73.68421052631578,stratified,rf_v1,kg4_v1,postgame_v1,Data/daily_pipeline/models/2026-08-28/pitchers/656849.joblib,Data/daily_pipeline/predictions/postgame/2026-08-28/824638_656849.csv,Data/daily_pipeline/predictions/postgame/2026-08-28/824638_656849.json,2026-08-29T18:09:34.817311+00:00
2026-08-28,2026,824638,695076,Rhett Lowder,Chicago Cubs,96,38,16,0.3958333333333333,0.1666666666666666,0.2291666666666666,22.916666666666664,1.375,137.5,stratified,rf_v1,kg4_v1,postgame_v1,Data/daily_pipeline/models/2026-08-28/pitchers/695076.joblib,Data/daily_pipeline/predictions/postgame/2026-08-28/824638_695076.csv,Data/daily_pipeline/predictions/postgame/2026-08-28/824638_695076.json,2026-08-29T18:09:04.524587+00:00
2026-08-28,2026,824877,656550,Grant Holmes,Colorado Rockies,84,40,23,0.4761904761904761,0.2738095238095238,0.2023809523809523,20.23809523809524,0.7391304347826084,73.91304347826085,stratified,rf_v1,kg4_v1,postgame_v1,Data/daily_pipeline/models/2026-08-28/pitchers/656550.joblib,Data/daily_pipeline/predictions/postgame/2026-08-28/824877_656550.csv,Data/daily_pipeline/predictions/postgame/2026-08-28/824877_656550.json,2026-08-29T18:15:00.849547+00:00
2026-08-28,2026,824877,608372,Tomoyuki Sugano,Atlanta Braves,91,24,15,0.2637362637362637,0.1648351648351648,0.0989010989010989,9.89010989010989,0.6000000000000001,60.00000000000001,stratified,rf_v1,kg4_v1,postgame_v1,Data/daily_pipeline/models/2026-08-28/pitchers/608372.joblib,Data/daily_pipeline/predictions/postgame/2026-08-28/824877_608372.csv,Data/daily_pipeline/predictions/postgame/2026-08-28/824877_608372.json,2026-08-29T18:14:45.511246+00:00
2026-08-28,2026,824960,687064,Brandon Young,Athletics,91,36,23,0.3956043956043956,0.2527472527472527,0.1428571428571428,14.285714285714285,0.5652173913043478,56.52173913043478,stratified,rf_v1,kg4_v1,postgame_v1,Data/daily_pipeline/models/2026-08-28/pitchers/687064.joblib,Data/daily_pipeline/predictions/postgame/2026-08-28/824960_687064.csv,Data/daily_pipeline/predictions/postgame/2026-08-28/824960_687064.json,2026-08-29T18:18:21.525581+00:00
2026-08-28,2026,824960,682052,Jacob Lopez,Baltimore Orioles,100,51,28,0.51,0.28,0.2299999999999999,23.0,0.8214285714285713,82.14285714285712,stratified,rf_v1,kg4_v1,postgame_v1,Data/daily_pipeline/models/2026-08-28/pitchers/682052.joblib,Data/daily_pipeline/predictions/postgame/2026-08-28/824960_682052.csv,Data/daily_pipeline/predictions/postgame/2026-08-28/824960_682052.json,2026-08-29T18:18:34.564645+00:00
2026-08-29,2026,822690,676917,Cade Cavalli,Miami Marlins,70,24,20,0.3428571428571428,0.2857142857142857,0.0571428571428571,5.714285714285716,0.2,20.000000000000007,stratified,rf_v1,kg4_v1,postgame_v1,Data/daily_pipeline/models/2026-08-29/pitchers/676917.joblib,Data/daily_pipeline/predictions/postgame/2026-08-29/822690_676917.csv,Data/daily_pipeline/predictions/postgame/2026-08-29/822690_676917.json,2026-08-30T18:31:37.621998+00:00
2026-08-29,2026,822690,645261,Sandy Alcantara,Washington Nationals,94,27,15,0.2872340425531915,0.1595744680851064,0.1276595744680851,12.765957446808512,0.8,80.0,stratified,rf_v1,kg4_v1,postgame_v1,Data/daily_pipeline/models/2026-08-29/pitchers/645261.joblib,Data/daily_pipeline/predictions/postgame/2026-08-29/822690_645261.csv,Data/daily_pipeline/predictions/postgame/2026-08-29/822690_645261.json,2026-08-30T18:31:25.437210+00:00
2026-08-29,2026,822770,667755,José Soriano,Seattle Mariners,94,39,28,0.4148936170212766,0.2978723404255319,0.1170212765957446,11.702127659574469,0.3928571428571429,39.28571428571429,stratified,rf_v1,kg4_v1,postgame_v1,Data/daily_pipeline/models/2026-08-29/pitchers/667755.joblib,Data/daily_pipeline/predictions/postgame/2026-08-29/822770_667755.csv,Data/daily_pipeline/predictions/postgame/2026-08-29/822770_667755.json,2026-08-30T18:29:45.537104+00:00
2026-08-29,2026,822936,607259,Nick Martinez,San Diego Padres,81,32,11,0.3950617283950617,0.1358024691358024,0.2592592592592592,25.925925925925924,1.9090909090909087,190.9090909090909,stratified,rf_v1,kg4_v1,postgame_v1,Data/daily_pipeline/models/2026-08-29/pitchers/607259.joblib,Data/daily_pipeline/predictions/postgame/2026-08-29/822936_607259.csv,Data/daily_pipeline/predictions/postgame/2026-08-29/822936_607259.json,2026-08-30T18:33:53.399119+00:00
2026-08-29,2026,822936,621111,Walker Buehler,Tampa Bay Rays,71,24,12,0.3380281690140845,0.1690140845070422,0.1690140845070422,16.901408450704224,1.0,100.0,stratified,rf_v1,kg4_v1,postgame_v1,Data/daily_pipeline/models/2026-08-29/pitchers/621111.joblib,Data/daily_pipeline/predictions/postgame/2026-08-29/822936_621111.csv,Data/daily_pipeline/predictions/postgame/2026-08-29/822936_621111.json,2026-08-30T18:33:11.137820+00:00
2026-08-29,2026,823011,681517,Kyle Leahy,Pittsburgh Pirates,51,12,8,0.2352941176470588,0.1568627450980392,0.0784313725490196,7.84313725490196,0.5,50.0,stratified,rf_v1,kg4_v1,postgame_v1,Data/daily_pipeline/models/2026-08-29/pitchers/681517.joblib,Data/daily_pipeline/predictions/postgame/2026-08-29/823011_681517.csv,Data/daily_pipeline/predictions/postgame/2026-08-29/823011_681517.json,2026-08-30T18:27:42.571137+00:00
2026-08-29,2026,823011,669199,Lake Bachar,St. Louis Cardinals,28,10,9,0.3571428571428571,0.3214285714285714,0.0357142857142857,3.57142857142857,0.111111111111111,11.111111111111104,stratified,rf_v1,kg4_v1,postgame_v1,Data/daily_pipeline/models/2026-08-29/pitchers/669199.joblib,Data/daily_pipeline/predictions/postgame/2026-08-29/823011_669199.csv,Data/daily_pipeline/predictions/postgame/2026-08-29/823011_669199.json,2026-08-30T18:27:29.905024+00:00
2026-08-29,2026,823176,683352,Mitch Bratt,San Francisco Giants,52,31,14,0.5961538461538461,0.2692307692307692,0.3269230769230769,32.69230769230769,1.2142857142857144,121.42857142857144,stratified,rf_v1,kg4_v1,postgame_v1,Data/daily_pipeline/models/2026-08-29/pitchers/683352.joblib,Data/daily_pipeline/predictions/postgame/2026-08-29/823176_683352.csv,Data/daily_pipeline/predictions/postgame/2026-08-29/823176_683352.json,2026-08-30T18:30:38.214635+00:00
2026-08-29,2026,823177,683363,Matt Wilkinson,Arizona Diamondbacks,90,42,35,0.4666666666666667,0.3888888888888889,0.0777777777777777,7.777777777777778,0.2,20.0,stratified,rf_v1,kg4_v1,postgame_v1,Data/daily_pipeline/models/2026-08-29/pitchers/683363.joblib,Data/daily_pipeline/predictions/postgame/2026-08-29/823177_683363.csv,Data/daily_pipeline/predictions/postgame/2026-08-29/823177_683363.json,2026-08-30T18:30:30.812284+00:00
2026-08-29,2026,823177,518876,Merrill Kelly,San Francisco Giants,100,44,20,0.44,0.2,0.24,24.0,1.2,120.0,stratified,rf_v1,kg4_v1,postgame_v1,Data/daily_pipeline/models/2026-08-29/pitchers/518876.joblib,Data/daily_pipeline/predictions/postgame/2026-08-29/823177_518876.csv,Data/daily_pipeline/predictions/postgame/2026-08-29/823177_518876.json,2026-08-30T18:30:26.255729+00:00
2026-08-29,2026,823501,687941,Alec Gamboa,New York Yankees,18,2,3,0.1111111111111111,0.1666666666666666,-0.0555555555555555,-5.555555555555555,-0.3333333333333333,-33.33333333333333,stratified,rf_v1,kg4_v1,postgame_v1,Data/daily_pipeline/models/2026-08-29/pitchers/687941.joblib,Data/daily_pipeline/predictions/postgame/2026-08-29/823501_687941.csv,Data/daily_pipeline/predictions/postgame/2026-08-29/823501_687941.json,2026-08-30T18:24:18.589473+00:00
2026-08-29,2026,823501,608331,Max Fried,Boston Red Sox,63,22,12,0.3492063492063492,0.1904761904761904,0.1587301587301587,15.873015873015872,0.8333333333333334,83.33333333333334,stratified,rf_v1,kg4_v1,postgame_v1,Data/daily_pipeline/models/2026-08-29/pitchers/608331.joblib,Data/daily_pipeline/predictions/postgame/2026-08-29/823501_608331.csv,Data/daily_pipeline/predictions/postgame/2026-08-29/823501_608331.json,2026-08-30T18:25:06.135968+00:00
2026-08-29,2026,823539,607074,Carlos Rodón,Boston Red Sox,88,48,28,0.5454545454545454,0.3181818181818182,0.2272727272727272,22.727272727272723,0.7142857142857142,71.42857142857142,stratified,rf_v1,kg4_v1,postgame_v1,Data/daily_pipeline/models/2026-08-29/pitchers/607074.joblib,Data/daily_pipeline/predictions/postgame/2026-08-29/823539_607074.csv,Data/daily_pipeline/predictions/postgame/2026-08-29/823539_607074.json,2026-08-30T18:24:13.168910+00:00
2026-08-29,2026,823539,687562,Jake Bennett,New York Yankees,83,34,29,0.4096385542168674,0.3493975903614458,0.0602409638554216,6.024096385542165,0.1724137931034481,17.24137931034482,stratified,rf_v1,kg4_v1,postgame_v1,Data/daily_pipeline/models/2026-08-29/pitchers/687562.joblib,Data/daily_pipeline/predictions/postgame/2026-08-29/823539_687562.csv,Data/daily_pipeline/predictions/postgame/2026-08-29/823539_687562.json,2026-08-30T18:23:15.082162+00:00
2026-08-29,2026,823582,656986,Bennett Sousa,New York Mets,22,13,7,0.5909090909090909,0.3181818181818182,0.2727272727272727,27.27272727272728,0.8571428571428573,85.71428571428574,stratified,rf_v1,kg4_v1,postgame_v1,Data/daily_pipeline/models/2026-08-29/pitchers/656986.joblib,Data/daily_pipeline/predictions/postgame/2026-08-29/823582_656986.csv,Data/daily_pipeline/predictions/postgame/2026-08-29/823582_656986.json,2026-08-30T18:32:18.232079+00:00
2026-08-29,2026,823582,690997,Nolan McLean,Houston Astros,93,46,21,0.4946236559139785,0.2258064516129032,0.2688172043010752,26.881720430107524,1.1904761904761905,119.04761904761904,stratified,rf_v1,kg4_v1,postgame_v1,Data/daily_pipeline/models/2026-08-29/pitchers/690997.joblib,Data/daily_pipeline/predictions/postgame/2026-08-29/823582_690997.csv,Data/daily_pipeline/predictions/postgame/2026-08-29/823582_690997.json,2026-08-30T18:32:32.499953+00:00
2026-08-29,2026,823665,641927,Bailey Ober,Chicago White Sox,80,31,18,0.3875,0.225,0.1625,16.25,0.7222222222222222,72.22222222222221,stratified,rf_v1,kg4_v1,postgame_v1,Data/daily_pipeline/models/2026-08-29/pitchers/641927.joblib,Data/daily_pipeline/predictions/postgame/2026-08-29/823665_641927.csv,Data/daily_pipeline/predictions/postgame/2026-08-29/823665_641927.json,2026-08-30T18:27:19.084681+00:00
2026-08-29,2026,823665,607200,Erick Fedde,Minnesota Twins,88,30,26,0.3409090909090909,0.2954545454545454,0.0454545454545454,4.545454545454541,0.1538461538461537,15.384615384615367,stratified,rf_v1,kg4_v1,postgame_v1,Data/daily_pipeline/models/2026-08-29/pitchers/607200.joblib,Data/daily_pipeline/predictions/postgame/2026-08-29/823665_607200.csv,Data/daily_pipeline/predictions/postgame/2026-08-29/823665_607200.json,2026-08-30T18:26:50.812594+00:00
2026-08-29,2026,823741,615698,Cal Quantrill,Milwaukee Brewers,88,24,14,0.2727272727272727,0.1590909090909091,0.1136363636363636,11.363636363636362,0.7142857142857142,71.42857142857142,stratified,rf_v1,kg4_v1,postgame_v1,Data/daily_pipeline/models/2026-08-29/pitchers/615698.joblib,Data/daily_pipeline/predictions/postgame/2026-08-29/823741_615698.csv,Data/daily_pipeline/predictions/postgame/2026-08-29/823741_615698.json,2026-08-30T18:36:49.046103+00:00
2026-08-29,2026,823741,675660,Shane Drohan,Texas Rangers,99,23,22,0.2323232323232323,0.2222222222222222,0.0101010101010101,1.010101010101011,0.0454545454545455,4.545454545454549,stratified,rf_v1,kg4_v1,postgame_v1,Data/daily_pipeline/models/2026-08-29/pitchers/675660.joblib,Data/daily_pipeline/predictions/postgame/2026-08-29/823741_675660.csv,Data/daily_pipeline/predictions/postgame/2026-08-29/823741_675660.json,2026-08-30T18:36:58.111292+00:00
2026-08-29,2026,823986,650911,Cristopher Sánchez,Los Angeles Angels,91,46,38,0.5054945054945055,0.4175824175824176,0.0879120879120878,8.791208791208788,0.2105263157894736,21.05263157894736,stratified,rf_v1,kg4_v1,postgame_v1,Data/daily_pipeline/models/2026-08-29/pitchers/650911.joblib,Data/daily_pipeline/predictions/postgame/2026-08-29/823986_650911.csv,Data/daily_pipeline/predictions/postgame/2026-08-29/823986_650911.json,2026-08-30T18:37:53.151810+00:00
2026-08-29,2026,823986,696270,Ryan Johnson,Philadelphia Phillies,88,53,34,0.6022727272727273,0.3863636363636363,0.2159090909090909,21.590909090909093,0.5588235294117648,55.882352941176485,stratified,rf_v1,kg4_v1,postgame_v1,Data/daily_pipeline/models/2026-08-29/pitchers/696270.joblib,Data/daily_pipeline/predictions/postgame/2026-08-29/823986_696270.csv,Data/daily_pipeline/predictions/postgame/2026-08-29/823986_696270.json,2026-08-30T18:38:04.183114+00:00
2026-08-29,2026,824230,605483,Blake Snell,Detroit Tigers,99,51,33,0.5151515151515151,0.3333333333333333,0.1818181818181818,18.181818181818183,0.5454545454545455,54.54545454545456,stratified,rf_v1,kg4_v1,postgame_v1,Data/daily_pipeline/models/2026-08-29/pitchers/605483.joblib,Data/daily_pipeline/predictions/postgame/2026-08-29/824230_605483.csv,Data/daily_pipeline/predictions/postgame/2026-08-29/824230_605483.json,2026-08-30T18:25:55.467411+00:00
2026-08-29,2026,824230,672456,Keider Montero,Los Angeles Dodgers,73,29,17,0.3972602739726027,0.2328767123287671,0.1643835616438356,16.43835616438356,0.7058823529411765,70.58823529411765,stratified,rf_v1,kg4_v1,postgame_v1,Data/daily_pipeline/models/2026-08-29/pitchers/672456.joblib,Data/daily_pipeline/predictions/postgame/2026-08-29/824230_672456.csv,Data/daily_pipeline/predictions/postgame/2026-08-29/824230_672456.json,2026-08-30T18:26:13.013578+00:00
2026-08-29,2026,824392,663738,Daniel Lynch IV,Cleveland Guardians,70,24,20,0.3428571428571428,0.2857142857142857,0.0571428571428571,5.714285714285716,0.2,20.000000000000007,stratified,rf_v1,kg4_v1,postgame_v1,Data/daily_pipeline/models/2026-08-29/pitchers/663738.joblib,Data/daily_pipeline/predictions/postgame/2026-08-29/824392_663738.csv,Data/daily_pipeline/predictions/postgame/2026-08-29/824392_663738.json,2026-08-30T18:31:57.165681+00:00
2026-08-29,2026,824392,656492,Foster Griffin,Kansas City Royals,82,26,12,0.3170731707317073,0.1463414634146341,0.1707317073170731,17.073170731707318,1.1666666666666667,116.66666666666669,stratified,rf_v1,kg4_v1,postgame_v1,Data/daily_pipeline/models/2026-08-29/pitchers/656492.joblib,Data/daily_pipeline/predictions/postgame/2026-08-29/824392_656492.csv,Data/daily_pipeline/predictions/postgame/2026-08-29/824392_656492.json,2026-08-30T18:32:08.643441+00:00
2026-08-29,2026,824637,671096,Andrew Abbott,Chicago Cubs,68,28,16,0.4117647058823529,0.2352941176470588,0.1764705882352941,17.64705882352941,0.7499999999999999,74.99999999999999,stratified,rf_v1,kg4_v1,postgame_v1,Data/daily_pipeline/models/2026-08-29/pitchers/671096.joblib,Data/daily_pipeline/predictions/postgame/2026-08-29/824637_671096.csv,Data/daily_pipeline/predictions/postgame/2026-08-29/824637_671096.json,2026-08-30T18:28:07.148029+00:00
2026-08-29,2026,824637,592332,Kevin Gausman,Cincinnati Reds,102,53,34,0.5196078431372549,0.3333333333333333,0.1862745098039216,18.62745098039216,0.5588235294117649,55.88235294117649,stratified,rf_v1,kg4_v1,postgame_v1,Data/daily_pipeline/models/2026-08-29/pitchers/592332.joblib,Data/daily_pipeline/predictions/postgame/2026-08-29/824637_592332.csv,Data/daily_pipeline/predictions/postgame/2026-08-29/824637_592332.json,2026-08-30T18:29:22.941297+00:00
2026-08-29,2026,824874,527048,Martín Pérez,Colorado Rockies,83,45,28,0.5421686746987951,0.3373493975903614,0.2048192771084337,20.48192771084337,0.6071428571428572,60.71428571428572,stratified,rf_v1,kg4_v1,postgame_v1,Data/daily_pipeline/models/2026-08-29/pitchers/527048.joblib,Data/daily_pipeline/predictions/postgame/2026-08-29/824874_527048.csv,Data/daily_pipeline/predictions/postgame/2026-08-29/824874_527048.json,2026-08-30T18:36:12.460631+00:00
2026-08-29,2026,824874,688642,Zach Agnos,Atlanta Braves,42,11,7,0.2619047619047619,0.1666666666666666,0.0952380952380952,9.523809523809526,0.5714285714285716,57.14285714285716,stratified,rf_v1,kg4_v1,postgame_v1,Data/daily_pipeline/models/2026-08-29/pitchers/688642.joblib,Data/daily_pipeline/predictions/postgame/2026-08-29/824874_688642.csv,Data/daily_pipeline/predictions/postgame/2026-08-29/824874_688642.json,2026-08-30T18:34:03.221511+00:00
2026-08-29,2026,824961,678022,Jack Perkins,Baltimore Orioles,80,25,15,0.3125,0.1875,0.125,12.5,0.6666666666666666,66.66666666666666,stratified,rf_v1,kg4_v1,postgame_v1,Data/daily_pipeline/models/2026-08-29/pitchers/678022.joblib,Data/daily_pipeline/predictions/postgame/2026-08-29/824961_678022.csv,Data/daily_pipeline/predictions/postgame/2026-08-29/824961_678022.json,2026-08-30T18:37:27.321533+00:00
2026-08-29,2026,824961,669358,Shane Baz,Athletics,84,29,16,0.3452380952380952,0.1904761904761904,0.1547619047619047,15.476190476190476,0.8125000000000001,81.25000000000001,stratified,rf_v1,kg4_v1,postgame_v1,Data/daily_pipeline/models/2026-08-29/pitchers/669358.joblib,Data/daily_pipeline/predictions/postgame/2026-08-29/824961_669358.csv,Data/daily_pipeline/predictions/postgame/2026-08-29/824961_669358.json,2026-08-30T18:37:17.183132+00:00
2026-08-30,2026,822688,674841,Andrew Alvarez,Miami Marlins,97,31,14,0.3195876288659793,0.1443298969072164,0.1752577319587628,17.525773195876287,1.2142857142857144,121.42857142857144,stratified,rf_v1,kg4_v1,postgame_v1,Data/daily_pipeline/models/2026-08-30/pitchers/674841.joblib,Data/daily_pipeline/predictions/postgame/2026-08-30/822688_674841.csv,Data/daily_pipeline/predictions/postgame/2026-08-30/822688_674841.json,2026-08-31T20:36:52.054173+00:00
2026-08-30,2026,822688,676083,Janson Junk,Washington Nationals,65,14,14,0.2153846153846154,0.2153846153846154,0.0,0.0,0.0,0.0,stratified,rf_v1,kg4_v1,postgame_v1,Data/daily_pipeline/models/2026-08-30/pitchers/676083.joblib,Data/daily_pipeline/predictions/postgame/2026-08-30/822688_676083.csv,Data/daily_pipeline/predictions/postgame/2026-08-30/822688_676083.json,2026-08-31T20:36:42.994999+00:00
2026-08-30,2026,822766,669302,Logan Gilbert,Toronto Blue Jays,87,43,24,0.4942528735632184,0.2758620689655172,0.2183908045977011,21.83908045977012,0.7916666666666667,79.16666666666667,stratified,rf_v1,kg4_v1,postgame_v1,Data/daily_pipeline/models/2026-08-30/pitchers/669302.joblib,Data/daily_pipeline/predictions/postgame/2026-08-30/822766_669302.csv,Data/daily_pipeline/predictions/postgame/2026-08-30/822766_669302.json,2026-08-31T20:38:59.223700+00:00
2026-08-30,2026,822766,453286,Max Scherzer,Seattle Mariners,97,46,24,0.4742268041237113,0.2474226804123711,0.2268041237113401,22.68041237113401,0.9166666666666664,91.66666666666666,stratified,rf_v1,kg4_v1,postgame_v1,Data/daily_pipeline/models/2026-08-30/pitchers/453286.joblib,Data/daily_pipeline/predictions/postgame/2026-08-30/822766_453286.csv,Data/daily_pipeline/predictions/postgame/2026-08-30/822766_453286.json,2026-08-31T20:40:46.627704+00:00
2026-08-30,2026,822933,656876,Drew Rasmussen,San Diego Padres,97,32,26,0.3298969072164948,0.268041237113402,0.0618556701030927,6.185567010309279,0.2307692307692307,23.07692307692308,stratified,rf_v1,kg4_v1,postgame_v1,Data/daily_pipeline/models/2026-08-30/pitchers/656876.joblib,Data/daily_pipeline/predictions/postgame/2026-08-30/822933_656876.csv,Data/daily_pipeline/predictions/postgame/2026-08-30/822933_656876.json,2026-08-31T20:44:14.792001+00:00
2026-08-30,2026,822933,592662,Robbie Ray,Tampa Bay Rays,93,37,22,0.3978494623655914,0.2365591397849462,0.1612903225806451,16.129032258064512,0.6818181818181817,68.18181818181816,stratified,rf_v1,kg4_v1,postgame_v1,Data/daily_pipeline/models/2026-08-30/pitchers/592662.joblib,Data/daily_pipeline/predictions/postgame/2026-08-30/822933_592662.csv,Data/daily_pipeline/predictions/postgame/2026-08-30/822933_592662.json,2026-08-31T20:43:52.639700+00:00
2026-08-30,2026,823010,677952,Braxton Ashcraft,St. Louis Cardinals,71,20,17,0.2816901408450704,0.2394366197183098,0.0422535211267605,4.225352112676059,0.1764705882352942,17.647058823529424,stratified,rf_v1,kg4_v1,postgame_v1,Data/daily_pipeline/models/2026-08-30/pitchers/677952.joblib,Data/daily_pipeline/predictions/postgame/2026-08-30/823010_677952.csv,Data/daily_pipeline/predictions/postgame/2026-08-30/823010_677952.json,2026-08-31T20:45:30.831215+00:00
2026-08-30,2026,823010,669461,Matthew Liberatore,Pittsburgh Pirates,107,32,16,0.2990654205607476,0.1495327102803738,0.1495327102803738,14.95327102803738,1.0,100.0,stratified,rf_v1,kg4_v1,postgame_v1,Data/daily_pipeline/models/2026-08-30/pitchers/669461.joblib,Data/daily_pipeline/predictions/postgame/2026-08-30/823010_669461.csv,Data/daily_pipeline/predictions/postgame/2026-08-30/823010_669461.json,2026-08-31T20:45:53.143816+00:00
2026-08-30,2026,823502,624133,Ranger Suarez,New York Yankees,101,26,20,0.2574257425742574,0.198019801980198,0.0594059405940594,5.9405940594059405,0.3,30.0,stratified,rf_v1,kg4_v1,postgame_v1,Data/daily_pipeline/models/2026-08-30/pitchers/624133.joblib,Data/daily_pipeline/predictions/postgame/2026-08-30/823502_624133.csv,Data/daily_pipeline/predictions/postgame/2026-08-30/823502_624133.json,2026-08-31T20:38:05.081549+00:00
2026-08-30,2026,823502,701542,Will Warren,Boston Red Sox,98,29,25,0.2959183673469387,0.2551020408163265,0.0408163265306122,4.081632653061224,0.1599999999999999,15.999999999999996,stratified,rf_v1,kg4_v1,postgame_v1,Data/daily_pipeline/models/2026-08-30/pitchers/701542.joblib,Data/daily_pipeline/predictions/postgame/2026-08-30/823502_701542.csv,Data/daily_pipeline/predictions/postgame/2026-08-30/823502_701542.json,2026-08-31T20:38:21.118030+00:00
2026-08-30,2026,823580,814490,Ethan Pecko,New York Mets,83,19,13,0.2289156626506024,0.1566265060240964,0.072289156626506,7.228915662650601,0.4615384615384614,46.15384615384614,stratified,rf_v1,kg4_v1,postgame_v1,Data/daily_pipeline/models/2026-08-30/pitchers/814490.joblib,Data/daily_pipeline/predictions/postgame/2026-08-30/823580_814490.csv,Data/daily_pipeline/predictions/postgame/2026-08-30/823580_814490.json,2026-08-31T20:45:57.855923+00:00
2026-08-30,2026,823580,804267,Zac Thornton,Houston Astros,97,24,17,0.2474226804123711,0.1752577319587628,0.0721649484536082,7.216494845360827,0.4117647058823531,41.17647058823531,stratified,rf_v1,kg4_v1,postgame_v1,Data/daily_pipeline/models/2026-08-30/pitchers/804267.joblib,Data/daily_pipeline/predictions/postgame/2026-08-30/823580_804267.csv,Data/daily_pipeline/predictions/postgame/2026-08-30/823580_804267.json,2026-08-31T20:46:05.159474+00:00
2026-08-30,2026,823662,663855,Jordan Hicks,Minnesota Twins,25,5,10,0.2,0.4,-0.2,-20.0,-0.5,-50.0,stratified,rf_v1,kg4_v1,postgame_v1,Data/daily_pipeline/models/2026-08-30/pitchers/663855.joblib,Data/daily_pipeline/predictions/postgame/2026-08-30/823662_663855.csv,Data/daily_pipeline/predictions/postgame/2026-08-30/823662_663855.json,2026-08-31T20:44:35.418621+00:00
2026-08-30,2026,823662,805673,Zebby Matthews,Chicago White Sox,103,35,25,0.3398058252427184,0.2427184466019417,0.0970873786407767,9.708737864077673,0.4,40.0,stratified,rf_v1,kg4_v1,postgame_v1,Data/daily_pipeline/models/2026-08-30/pitchers/805673.joblib,Data/daily_pipeline/predictions/postgame/2026-08-30/823662_805673.csv,Data/daily_pipeline/predictions/postgame/2026-08-30/823662_805673.json,2026-08-31T20:44:49.317589+00:00
2026-08-30,2026,823740,669160,Dustin May,Texas Rangers,97,32,21,0.3298969072164948,0.2164948453608247,0.11340206185567,11.340206185567007,0.5238095238095237,52.38095238095237,stratified,rf_v1,kg4_v1,postgame_v1,Data/daily_pipeline/models/2026-08-30/pitchers/669160.joblib,Data/daily_pipeline/predictions/postgame/2026-08-30/823740_669160.csv,Data/daily_pipeline/predictions/postgame/2026-08-30/823740_669160.json,2026-08-31T20:45:19.383453+00:00
2026-08-30,2026,823740,677958,Kumar Rocker,Milwaukee Brewers,86,40,23,0.4651162790697674,0.2674418604651162,0.1976744186046511,19.76744186046512,0.7391304347826089,73.91304347826089,stratified,rf_v1,kg4_v1,postgame_v1,Data/daily_pipeline/models/2026-08-30/pitchers/677958.joblib,Data/daily_pipeline/predictions/postgame/2026-08-30/823740_677958.csv,Data/daily_pipeline/predictions/postgame/2026-08-30/823740_677958.json,2026-08-31T20:45:00.103826+00:00
2026-08-30,2026,823987,579328,Yusei Kikuchi,Philadelphia Phillies,92,46,24,0.5,0.2608695652173913,0.2391304347826087,23.91304347826087,0.9166666666666669,91.66666666666669,stratified,rf_v1,kg4_v1,postgame_v1,Data/daily_pipeline/models/2026-08-30/pitchers/579328.joblib,Data/daily_pipeline/predictions/postgame/2026-08-30/823987_579328.csv,Data/daily_pipeline/predictions/postgame/2026-08-30/823987_579328.json,2026-08-31T20:50:40.221580+00:00
2026-08-30,2026,823987,554430,Zack Wheeler,Los Angeles Angels,108,53,26,0.4907407407407407,0.2407407407407407,0.25,25.0,1.0384615384615383,103.84615384615384,stratified,rf_v1,kg4_v1,postgame_v1,Data/daily_pipeline/models/2026-08-30/pitchers/554430.joblib,Data/daily_pipeline/predictions/postgame/2026-08-30/823987_554430.csv,Data/daily_pipeline/predictions/postgame/2026-08-30/823987_554430.json,2026-08-31T20:49:42.283363+00:00
2026-08-30,2026,824232,664285,Framber Valdez,Los Angeles Dodgers,105,54,39,0.5142857142857142,0.3714285714285714,0.1428571428571428,14.28571428571428,0.3846153846153844,38.46153846153844,stratified,rf_v1,kg4_v1,postgame_v1,Data/daily_pipeline/models/2026-08-30/pitchers/664285.joblib,Data/daily_pipeline/predictions/postgame/2026-08-30/824232_664285.csv,Data/daily_pipeline/predictions/postgame/2026-08-30/824232_664285.json,2026-08-31T20:42:54.235828+00:00
2026-08-30,2026,824232,607192,Tyler Glasnow,Detroit Tigers,85,36,25,0.4235294117647059,0.2941176470588235,0.1294117647058823,12.941176470588234,0.4399999999999999,43.99999999999999,stratified,rf_v1,kg4_v1,postgame_v1,Data/daily_pipeline/models/2026-08-30/pitchers/607192.joblib,Data/daily_pipeline/predictions/postgame/2026-08-30/824232_607192.csv,Data/daily_pipeline/predictions/postgame/2026-08-30/824232_607192.json,2026-08-31T20:42:09.242881+00:00
2026-08-30,2026,824393,800048,Parker Messick,Kansas City Royals,105,49,22,0.4666666666666667,0.2095238095238095,0.2571428571428571,25.71428571428571,1.227272727272727,122.7272727272727,stratified,rf_v1,kg4_v1,postgame_v1,Data/daily_pipeline/models/2026-08-30/pitchers/800048.joblib,Data/daily_pipeline/predictions/postgame/2026-08-30/824393_800048.csv,Data/daily_pipeline/predictions/postgame/2026-08-30/824393_800048.json,2026-08-31T20:41:39.172728+00:00
2026-08-30,2026,824393,607625,Seth Lugo,Cleveland Guardians,93,23,13,0.2473118279569892,0.1397849462365591,0.1075268817204301,10.752688172043012,0.7692307692307694,76.92307692307693,stratified,rf_v1,kg4_v1,postgame_v1,Data/daily_pipeline/models/2026-08-30/pitchers/607625.joblib,Data/daily_pipeline/predictions/postgame/2026-08-30/824393_607625.csv,Data/daily_pipeline/predictions/postgame/2026-08-30/824393_607625.json,2026-08-31T20:41:28.247836+00:00
2026-08-30,2026,824636,695505,Chase Burns,Chicago Cubs,100,53,39,0.53,0.39,0.14,14.000000000000002,0.358974358974359,35.8974358974359,stratified,rf_v1,kg4_v1,postgame_v1,Data/daily_pipeline/models/2026-08-30/pitchers/695505.joblib,Data/daily_pipeline/predictions/postgame/2026-08-30/824636_695505.csv,Data/daily_pipeline/predictions/postgame/2026-08-30/824636_695505.json,2026-08-31T20:50:53.969248+00:00
2026-08-30,2026,824636,684007,Shota Imanaga,Cincinnati Reds,85,42,31,0.4941176470588235,0.3647058823529411,0.1294117647058824,12.94117647058824,0.3548387096774195,35.48387096774195,stratified,rf_v1,kg4_v1,postgame_v1,Data/daily_pipeline/models/2026-08-30/pitchers/684007.joblib,Data/daily_pipeline/predictions/postgame/2026-08-30/824636_684007.csv,Data/daily_pipeline/predictions/postgame/2026-08-30/824636_684007.json,2026-08-31T20:51:15.351337+00:00
2026-08-30,2026,824876,641816,Tyler Mahle,Colorado Rockies,89,49,32,0.550561797752809,0.3595505617977528,0.1910112359550562,19.10112359550562,0.5312500000000001,53.125000000000014,stratified,rf_v1,kg4_v1,postgame_v1,Data/daily_pipeline/models/2026-08-30/pitchers/641816.joblib,Data/daily_pipeline/predictions/postgame/2026-08-30/824876_641816.csv,Data/daily_pipeline/predictions/postgame/2026-08-30/824876_641816.json,2026-08-31T20:37:26.957597+00:00
2026-08-30,2026,824959,605135,Chris Bassitt,Athletics,99,42,23,0.4242424242424242,0.2323232323232323,0.1919191919191919,19.1919191919192,0.8260869565217392,82.60869565217392,stratified,rf_v1,kg4_v1,postgame_v1,Data/daily_pipeline/models/2026-08-30/pitchers/605135.joblib,Data/daily_pipeline/predictions/postgame/2026-08-30/824959_605135.csv,Data/daily_pipeline/predictions/postgame/2026-08-30/824959_605135.json,2026-08-31T20:47:28.275750+00:00
2026-08-30,2026,824959,605488,Jeffrey Springs,Baltimore Orioles,90,41,33,0.4555555555555555,0.3666666666666666,0.0888888888888889,8.888888888888891,0.2424242424242425,24.24242424242425,stratified,rf_v1,kg4_v1,postgame_v1,Data/daily_pipeline/models/2026-08-30/pitchers/605488.joblib,Data/daily_pipeline/predictions/postgame/2026-08-30/824959_605488.csv,Data/daily_pipeline/predictions/postgame/2026-08-30/824959_605488.json,2026-08-31T20:48:24.673232+00:00
2026-08-31,2026,822689,687473,Ryan Gusto,Washington Nationals,69,25,7,0.3623188405797101,0.1014492753623188,0.2608695652173913,26.08695652173913,2.571428571428571,257.1428571428571,stratified,rf_v1,kg4_v1,postgame_v1,Data/daily_pipeline/models/2026-08-31/pitchers/687473.joblib,Data/daily_pipeline/predictions/postgame/2026-08-31/822689_687473.csv,Data/daily_pipeline/predictions/postgame/2026-08-31/822689_687473.json,2026-09-01T18:10:30.721104+00:00
2026-08-31,2026,822689,702021,Will Dion,Miami Marlins,37,19,9,0.5135135135135135,0.2432432432432432,0.2702702702702702,27.027027027027025,1.111111111111111,111.1111111111111,stratified,rf_v1,kg4_v1,postgame_v1,Data/daily_pipeline/models/2026-08-31/pitchers/702021.joblib,Data/daily_pipeline/predictions/postgame/2026-08-31/822689_702021.csv,Data/daily_pipeline/predictions/postgame/2026-08-31/822689_702021.json,2026-09-01T18:10:38.100920+00:00
2026-08-31,2026,822855,695611,Gage Jump,Texas Rangers,91,41,33,0.4505494505494505,0.3626373626373626,0.0879120879120879,8.791208791208794,0.2424242424242425,24.24242424242425,stratified,rf_v1,kg4_v1,postgame_v1,Data/daily_pipeline/models/2026-08-31/pitchers/695611.joblib,Data/daily_pipeline/predictions/postgame/2026-08-31/822855_695611.csv,Data/daily_pipeline/predictions/postgame/2026-08-31/822855_695611.json,2026-09-01T18:12:02.644070+00:00
2026-08-31,2026,822855,594798,Jacob deGrom,Athletics,85,31,18,0.3647058823529411,0.2117647058823529,0.1529411764705882,15.294117647058822,0.7222222222222222,72.22222222222221,stratified,rf_v1,kg4_v1,postgame_v1,Data/daily_pipeline/models/2026-08-31/pitchers/594798.joblib,Data/daily_pipeline/predictions/postgame/2026-08-31/822855_594798.csv,Data/daily_pipeline/predictions/postgame/2026-08-31/822855_594798.json,2026-09-01T18:13:04.591431+00:00
2026-08-31,2026,822932,693855,Ian Seymour,New York Mets,88,19,19,0.2159090909090909,0.2159090909090909,0.0,0.0,0.0,0.0,stratified,rf_v1,kg4_v1,postgame_v1,Data/daily_pipeline/models/2026-08-31/pitchers/693855.joblib,Data/daily_pipeline/predictions/postgame/2026-08-31/822932_693855.csv,Data/daily_pipeline/predictions/postgame/2026-08-31/822932_693855.json,2026-09-01T18:09:35.659358+00:00
2026-08-31,2026,822932,476594,Robert Stock,Tampa Bay Rays,72,34,14,0.4722222222222222,0.1944444444444444,0.2777777777777778,27.77777777777778,1.4285714285714286,142.85714285714286,stratified,rf_v1,kg4_v1,postgame_v1,Data/daily_pipeline/models/2026-08-31/pitchers/476594.joblib,Data/daily_pipeline/predictions/postgame/2026-08-31/822932_476594.csv,Data/daily_pipeline/predictions/postgame/2026-08-31/822932_476594.json,2026-09-01T18:09:24.271013+00:00
2026-08-31,2026,823663,695549,Jackson Jobe,Minnesota Twins,92,28,17,0.3043478260869565,0.1847826086956521,0.1195652173913043,11.956521739130435,0.647058823529412,64.7058823529412,stratified,rf_v1,kg4_v1,postgame_v1,Data/daily_pipeline/models/2026-08-31/pitchers/695549.joblib,Data/daily_pipeline/predictions/postgame/2026-08-31/823663_695549.csv,Data/daily_pipeline/predictions/postgame/2026-08-31/823663_695549.json,2026-09-01T18:10:46.698465+00:00
2026-08-31,2026,823663,671737,Taj Bradley,Detroit Tigers,104,46,31,0.4423076923076923,0.2980769230769231,0.1442307692307692,14.423076923076922,0.4838709677419354,48.38709677419354,stratified,rf_v1,kg4_v1,postgame_v1,Data/daily_pipeline/models/2026-08-31/pitchers/671737.joblib,Data/daily_pipeline/predictions/postgame/2026-08-31/823663_671737.csv,Data/daily_pipeline/predictions/postgame/2026-08-31/823663_671737.json,2026-09-01T18:11:10.591447+00:00
2026-08-31,2026,823982,695684,Elmer Rodríguez,Los Angeles Angels,91,43,22,0.4725274725274725,0.2417582417582417,0.2307692307692307,23.07692307692308,0.9545454545454544,95.45454545454544,stratified,rf_v1,kg4_v1,postgame_v1,Data/daily_pipeline/models/2026-08-31/pitchers/695684.joblib,Data/daily_pipeline/predictions/postgame/2026-08-31/823982_695684.csv,Data/daily_pipeline/predictions/postgame/2026-08-31/823982_695684.json,2026-09-01T18:14:16.014841+00:00
2026-08-31,2026,823982,700712,Walbert Ureña,New York Yankees,95,46,27,0.4842105263157895,0.2842105263157894,0.2,20.0,0.7037037037037037,70.37037037037037,stratified,rf_v1,kg4_v1,postgame_v1,Data/daily_pipeline/models/2026-08-31/pitchers/700712.joblib,Data/daily_pipeline/predictions/postgame/2026-08-31/823982_700712.csv,Data/daily_pipeline/predictions/postgame/2026-08-31/823982_700712.json,2026-09-01T18:14:28.292950+00:00
2026-08-31,2026,824149,641743,Anthony Kay,Houston Astros,89,28,15,0.3146067415730337,0.1685393258426966,0.146067415730337,14.606741573033707,0.8666666666666667,86.66666666666667,stratified,rf_v1,kg4_v1,postgame_v1,Data/daily_pipeline/models/2026-08-31/pitchers/641743.joblib,Data/daily_pipeline/predictions/postgame/2026-08-31/824149_641743.csv,Data/daily_pipeline/predictions/postgame/2026-08-31/824149_641743.json,2026-09-01T18:13:21.197928+00:00
2026-08-31,2026,824149,663567,Peter Lambert,Chicago White Sox,104,32,28,0.3076923076923077,0.2692307692307692,0.0384615384615384,3.84615384615385,0.142857142857143,14.2857142857143,stratified,rf_v1,kg4_v1,postgame_v1,Data/daily_pipeline/models/2026-08-31/pitchers/663567.joblib,Data/daily_pipeline/predictions/postgame/2026-08-31/824149_663567.csv,Data/daily_pipeline/predictions/postgame/2026-08-31/824149_663567.json,2026-09-01T18:13:40.545436+00:00
2026-08-31,2026,824314,700249,Cade Povich,Colorado Rockies,87,39,23,0.4482758620689655,0.264367816091954,0.1839080459770115,18.39080459770115,0.6956521739130435,69.56521739130434,stratified,rf_v1,kg4_v1,postgame_v1,Data/daily_pipeline/models/2026-08-31/pitchers/700249.joblib,Data/daily_pipeline/predictions/postgame/2026-08-31/824314_700249.csv,Data/daily_pipeline/predictions/postgame/2026-08-31/824314_700249.json,2026-09-01T18:13:55.165640+00:00
2026-08-31,2026,824314,685299,Tanner Gordon,Baltimore Orioles,60,28,19,0.4666666666666667,0.3166666666666666,0.15,15.000000000000002,0.4736842105263159,47.36842105263159,stratified,rf_v1,kg4_v1,postgame_v1,Data/daily_pipeline/models/2026-08-31/pitchers/685299.joblib,Data/daily_pipeline/predictions/postgame/2026-08-31/824314_685299.csv,Data/daily_pipeline/predictions/postgame/2026-08-31/824314_685299.json,2026-09-01T18:14:08.863085+00:00
2026-08-31,2026,824473,663903,Brady Singer,San Diego Padres,87,44,36,0.5057471264367817,0.4137931034482758,0.0919540229885058,9.19540229885058,0.2222222222222223,22.22222222222224,stratified,rf_v1,kg4_v1,postgame_v1,Data/daily_pipeline/models/2026-08-31/pitchers/663903.joblib,Data/daily_pipeline/predictions/postgame/2026-08-31/824473_663903.csv,Data/daily_pipeline/predictions/postgame/2026-08-31/824473_663903.json,2026-09-01T18:09:07.934747+00:00
2026-08-31,2026,824473,650633,Michael King,Cincinnati Reds,96,32,24,0.3333333333333333,0.25,0.0833333333333333,8.333333333333332,0.3333333333333332,33.33333333333333,stratified,rf_v1,kg4_v1,postgame_v1,Data/daily_pipeline/models/2026-08-31/pitchers/650633.joblib,Data/daily_pipeline/predictions/postgame/2026-08-31/824473_650633.csv,Data/daily_pipeline/predictions/postgame/2026-08-31/824473_650633.json,2026-09-01T18:08:26.129077+00:00
2026-08-31,2026,824635,605280,Clay Holmes,Milwaukee Brewers,101,40,23,0.396039603960396,0.2277227722772277,0.1683168316831683,16.831683168316832,0.7391304347826088,73.91304347826087,stratified,rf_v1,kg4_v1,postgame_v1,Data/daily_pipeline/models/2026-08-31/pitchers/605280.joblib,Data/daily_pipeline/predictions/postgame/2026-08-31/824635_605280.csv,Data/daily_pipeline/predictions/postgame/2026-08-31/824635_605280.json,2026-09-01T18:11:53.189685+00:00
2026-08-31,2026,824635,690986,Kyle Harrison,Chicago Cubs,98,52,42,0.5306122448979592,0.4285714285714285,0.1020408163265306,10.204081632653066,0.2380952380952382,23.809523809523824,stratified,rf_v1,kg4_v1,postgame_v1,Data/daily_pipeline/models/2026-08-31/pitchers/690986.joblib,Data/daily_pipeline/predictions/postgame/2026-08-31/824635_690986.csv,Data/daily_pipeline/predictions/postgame/2026-08-31/824635_690986.json,2026-09-01T18:11:26.418032+00:00
2026-08-31,2026,824719,669923,George Kirby,Boston Red Sox,86,37,16,0.4302325581395348,0.1860465116279069,0.2441860465116279,24.418604651162788,1.3125,131.25,stratified,rf_v1,kg4_v1,postgame_v1,Data/daily_pipeline/models/2026-08-31/pitchers/669923.joblib,Data/daily_pipeline/predictions/postgame/2026-08-31/824719_669923.csv,Data/daily_pipeline/predictions/postgame/2026-08-31/824719_669923.json,2026-09-01T18:10:05.499237+00:00
2026-08-31,2026,824719,801139,Payton Tolle,Seattle Mariners,96,46,26,0.4791666666666667,0.2708333333333333,0.2083333333333333,20.833333333333336,0.7692307692307694,76.92307692307693,stratified,rf_v1,kg4_v1,postgame_v1,Data/daily_pipeline/models/2026-08-31/pitchers/801139.joblib,Data/daily_pipeline/predictions/postgame/2026-08-31/824719_801139.csv,Data/daily_pipeline/predictions/postgame/2026-08-31/824719_801139.json,2026-09-01T18:10:18.992995+00:00
2026-08-31,2026,824911,683627,Anthony Molina,Atlanta Braves,75,43,29,0.5733333333333334,0.3866666666666666,0.1866666666666667,18.66666666666667,0.4827586206896552,48.27586206896552,stratified,rf_v1,kg4_v1,postgame_v1,Data/daily_pipeline/models/2026-08-31/pitchers/683627.joblib,Data/daily_pipeline/predictions/postgame/2026-08-31/824911_683627.csv,Data/daily_pipeline/predictions/postgame/2026-08-31/824911_683627.json,2026-09-01T18:07:34.255944+00:00
2026-08-31,2026,824911,693821,Bryce Elder,San Francisco Giants,84,36,22,0.4285714285714285,0.2619047619047619,0.1666666666666666,16.666666666666664,0.6363636363636362,63.636363636363626,stratified,rf_v1,kg4_v1,postgame_v1,Data/daily_pipeline/models/2026-08-31/pitchers/693821.joblib,Data/daily_pipeline/predictions/postgame/2026-08-31/824911_693821.csv,Data/daily_pipeline/predictions/postgame/2026-08-31/824911_693821.json,2026-09-01T18:07:59.369062+00:00
2026-08-31,2026,825040,605400,Aaron Nola,Arizona Diamondbacks,104,38,18,0.3653846153846153,0.173076923076923,0.1923076923076923,19.23076923076923,1.111111111111111,111.1111111111111,stratified,rf_v1,kg4_v1,postgame_v1,Data/daily_pipeline/models/2026-08-31/pitchers/605400.joblib,Data/daily_pipeline/predictions/postgame/2026-08-31/825040_605400.csv,Data/daily_pipeline/predictions/postgame/2026-08-31/825040_605400.json,2026-09-01T18:15:36.196832+00:00
2026-08-31,2026,825040,694297,Brandon Pfaadt,Philadelphia Phillies,87,27,19,0.3103448275862069,0.2183908045977011,0.0919540229885057,9.195402298850574,0.4210526315789473,42.10526315789473,stratified,rf_v1,kg4_v1,postgame_v1,Data/daily_pipeline/models/2026-08-31/pitchers/694297.joblib,Data/daily_pipeline/predictions/postgame/2026-08-31/825040_694297.csv,Data/daily_pipeline/predictions/postgame/2026-08-31/825040_694297.json,2026-09-01T18:16:03.215993+00:00
2026-09-01,2026,822687,700363,AJ Smith-Shawver,Washington Nationals,86,36,37,0.4186046511627907,0.4302325581395348,-0.0116279069767441,-1.1627906976744151,-0.0270270270270269,-2.702702702702694,stratified,rf_v1,kg4_v1,postgame_v1,Data/daily_pipeline/models/2026-09-01/pitchers/700363.joblib,Data/daily_pipeline/predictions/postgame/2026-09-01/822687_700363.csv,Data/daily_pipeline/predictions/postgame/2026-09-01/822687_700363.json,2026-09-02T18:29:37.689656+00:00
2026-09-01,2026,822687,663623,Jake Irvin,Atlanta Braves,86,36,20,0.4186046511627907,0.2325581395348837,0.186046511627907,18.6046511627907,0.8000000000000002,80.00000000000001,stratified,rf_v1,kg4_v1,postgame_v1,Data/daily_pipeline/models/2026-09-01/pitchers/663623.joblib,Data/daily_pipeline/predictions/postgame/2026-09-01/822687_663623.csv,Data/daily_pipeline/predictions/postgame/2026-09-01/822687_663623.json,2026-09-02T18:30:05.318681+00:00
2026-09-01,2026,822854,669620,Brady Basso,Texas Rangers,40,17,10,0.425,0.25,0.175,17.5,0.7,70.0,stratified,rf_v1,kg4_v1,postgame_v1,Data/daily_pipeline/models/2026-09-01/pitchers/669620.joblib,Data/daily_pipeline/predictions/postgame/2026-09-01/822854_669620.csv,Data/daily_pipeline/predictions/postgame/2026-09-01/822854_669620.json,2026-09-02T18:32:05.567443+00:00
2026-09-01,2026,822854,669022,MacKenzie Gore,Athletics,95,47,34,0.4947368421052631,0.3578947368421052,0.1368421052631578,13.684210526315788,0.3823529411764705,38.23529411764705,stratified,rf_v1,kg4_v1,postgame_v1,Data/daily_pipeline/models/2026-09-01/pitchers/669022.joblib,Data/daily_pipeline/predictions/postgame/2026-09-01/822854_669022.csv,Data/daily_pipeline/predictions/postgame/2026-09-01/822854_669022.json,2026-09-02T18:32:36.160063+00:00
2026-09-01,2026,822929,642547,Freddy Peralta,New York Mets,74,37,25,0.5,0.3378378378378378,0.1621621621621621,16.216216216216218,0.48,48.00000000000001,stratified,rf_v1,kg4_v1,postgame_v1,Data/daily_pipeline/models/2026-09-01/pitchers/642547.joblib,Data/daily_pipeline/predictions/postgame/2026-09-01/822929_642547.csv,Data/daily_pipeline/predictions/postgame/2026-09-01/822929_642547.json,2026-09-02T18:28:19.867001+00:00
2026-09-01,2026,822929,640455,Sean Manaea,Tampa Bay Rays,86,25,11,0.2906976744186046,0.127906976744186,0.1627906976744186,16.27906976744186,1.2727272727272727,127.27272727272728,stratified,rf_v1,kg4_v1,postgame_v1,Data/daily_pipeline/models/2026-09-01/pitchers/640455.joblib,Data/daily_pipeline/predictions/postgame/2026-09-01/822929_640455.csv,Data/daily_pipeline/predictions/postgame/2026-09-01/822929_640455.json,2026-09-02T18:27:26.937024+00:00
2026-09-01,2026,823340,657277,Logan Webb,Pittsburgh Pirates,65,26,11,0.4,0.1692307692307692,0.2307692307692307,23.07692307692308,1.3636363636363635,136.36363636363637,stratified,rf_v1,kg4_v1,postgame_v1,Data/daily_pipeline/models/2026-09-01/pitchers/657277.joblib,Data/daily_pipeline/predictions/postgame/2026-09-01/823340_657277.csv,Data/daily_pipeline/predictions/postgame/2026-09-01/823340_657277.json,2026-09-02T18:25:52.214233+00:00
2026-09-01,2026,823340,694973,Paul Skenes,San Francisco Giants,95,32,17,0.3368421052631579,0.1789473684210526,0.1578947368421052,15.789473684210526,0.8823529411764706,88.23529411764706,stratified,rf_v1,kg4_v1,postgame_v1,Data/daily_pipeline/models/2026-09-01/pitchers/694973.joblib,Data/daily_pipeline/predictions/postgame/2026-09-01/823340_694973.csv,Data/daily_pipeline/predictions/postgame/2026-09-01/823340_694973.json,2026-09-02T18:26:24.291742+00:00
2026-09-01,2026,823661,702193,Andrew Morris,Detroit Tigers,29,15,13,0.5172413793103449,0.4482758620689655,0.0689655172413793,6.896551724137934,0.1538461538461539,15.38461538461539,stratified,rf_v1,kg4_v1,postgame_v1,Data/daily_pipeline/models/2026-09-01/pitchers/702193.joblib,Data/daily_pipeline/predictions/postgame/2026-09-01/823661_702193.csv,Data/daily_pipeline/predictions/postgame/2026-09-01/823661_702193.json,2026-09-02T18:30:23.846562+00:00
2026-09-01,2026,823661,675512,Troy Melton,Minnesota Twins,96,27,20,0.28125,0.2083333333333333,0.0729166666666666,7.291666666666666,0.3499999999999999,34.99999999999999,stratified,rf_v1,kg4_v1,postgame_v1,Data/daily_pipeline/models/2026-09-01/pitchers/675512.joblib,Data/daily_pipeline/predictions/postgame/2026-09-01/823661_675512.csv,Data/daily_pipeline/predictions/postgame/2026-09-01/823661_675512.json,2026-09-02T18:30:15.268118+00:00
2026-09-01,2026,823908,641778,Eric Lauer,St. Louis Cardinals,63,29,23,0.4603174603174603,0.365079365079365,0.0952380952380952,9.523809523809524,0.2608695652173913,26.08695652173913,stratified,rf_v1,kg4_v1,postgame_v1,Data/daily_pipeline/models/2026-09-01/pitchers/641778.joblib,Data/daily_pipeline/predictions/postgame/2026-09-01/823908_641778.csv,Data/daily_pipeline/predictions/postgame/2026-09-01/823908_641778.json,2026-09-02T18:38:11.250936+00:00
2026-09-01,2026,823908,700241,Michael McGreevy,Los Angeles Dodgers,90,33,13,0.3666666666666666,0.1444444444444444,0.2222222222222222,22.22222222222222,1.5384615384615383,153.84615384615387,stratified,rf_v1,kg4_v1,postgame_v1,Data/daily_pipeline/models/2026-09-01/pitchers/700241.joblib,Data/daily_pipeline/predictions/postgame/2026-09-01/823908_700241.csv,Data/daily_pipeline/predictions/postgame/2026-09-01/823908_700241.json,2026-09-02T18:37:38.289862+00:00
2026-09-01,2026,823984,543037,Gerrit Cole,Los Angeles Angels,90,47,22,0.5222222222222223,0.2444444444444444,0.2777777777777778,27.77777777777778,1.1363636363636365,113.63636363636364,stratified,rf_v1,kg4_v1,postgame_v1,Data/daily_pipeline/models/2026-09-01/pitchers/543037.joblib,Data/daily_pipeline/predictions/postgame/2026-09-01/823984_543037.csv,Data/daily_pipeline/predictions/postgame/2026-09-01/823984_543037.json,2026-09-02T18:35:28.960815+00:00
2026-09-01,2026,823984,680570,Grayson Rodriguez,New York Yankees,102,52,34,0.5098039215686274,0.3333333333333333,0.1764705882352941,17.64705882352941,0.5294117647058824,52.94117647058824,stratified,rf_v1,kg4_v1,postgame_v1,Data/daily_pipeline/models/2026-09-01/pitchers/680570.joblib,Data/daily_pipeline/predictions/postgame/2026-09-01/823984_680570.csv,Data/daily_pipeline/predictions/postgame/2026-09-01/823984_680570.json,2026-09-02T18:35:45.371066+00:00
2026-09-01,2026,824070,677976,Randy Dobnak,Miami Marlins,87,36,22,0.4137931034482758,0.2528735632183908,0.160919540229885,16.091954022988503,0.6363636363636361,63.63636363636361,stratified,rf_v1,kg4_v1,postgame_v1,Data/daily_pipeline/models/2026-09-01/pitchers/677976.joblib,Data/daily_pipeline/predictions/postgame/2026-09-01/824070_677976.csv,Data/daily_pipeline/predictions/postgame/2026-09-01/824070_677976.json,2026-09-02T18:30:57.008332+00:00
2026-09-01,2026,824070,663969,Tyler Phillips,Kansas City Royals,69,25,15,0.3623188405797101,0.217391304347826,0.144927536231884,14.492753623188406,0.6666666666666667,66.66666666666667,stratified,rf_v1,kg4_v1,postgame_v1,Data/daily_pipeline/models/2026-09-01/pitchers/663969.joblib,Data/daily_pipeline/predictions/postgame/2026-09-01/824070_663969.csv,Data/daily_pipeline/predictions/postgame/2026-09-01/824070_663969.json,2026-09-02T18:30:36.333133+00:00
2026-09-01,2026,824148,669854,Ronel Blanco,Chicago White Sox,88,32,26,0.3636363636363636,0.2954545454545454,0.0681818181818181,6.8181818181818175,0.2307692307692307,23.07692307692308,stratified,rf_v1,kg4_v1,postgame_v1,Data/daily_pipeline/models/2026-09-01/pitchers/669854.joblib,Data/daily_pipeline/predictions/postgame/2026-09-01/824148_669854.csv,Data/daily_pipeline/predictions/postgame/2026-09-01/824148_669854.json,2026-09-02T18:33:12.891581+00:00
2026-09-01,2026,824148,680732,Sean Burke,Houston Astros,104,39,20,0.375,0.1923076923076923,0.1826923076923076,18.269230769230766,0.9499999999999998,95.0,stratified,rf_v1,kg4_v1,postgame_v1,Data/daily_pipeline/models/2026-09-01/pitchers/680732.joblib,Data/daily_pipeline/predictions/postgame/2026-09-01/824148_680732.csv,Data/daily_pipeline/predictions/postgame/2026-09-01/824148_680732.json,2026-09-02T18:32:55.905694+00:00
2026-09-01,2026,824313,687312,Gabriel Hughes,Baltimore Orioles,78,38,25,0.4871794871794871,0.3205128205128205,0.1666666666666666,16.666666666666664,0.5199999999999998,51.99999999999998,stratified,rf_v1,kg4_v1,postgame_v1,Data/daily_pipeline/models/2026-09-01/pitchers/687312.joblib,Data/daily_pipeline/predictions/postgame/2026-09-01/824313_687312.csv,Data/daily_pipeline/predictions/postgame/2026-09-01/824313_687312.json,2026-09-02T18:33:55.137332+00:00
2026-09-01,2026,824313,680694,Kyle Bradish,Colorado Rockies,95,46,16,0.4842105263157895,0.1684210526315789,0.3157894736842105,31.57894736842105,1.875,187.5,stratified,rf_v1,kg4_v1,postgame_v1,Data/daily_pipeline/models/2026-09-01/pitchers/680694.joblib,Data/daily_pipeline/predictions/postgame/2026-09-01/824313_680694.csv,Data/daily_pipeline/predictions/postgame/2026-09-01/824313_680694.json,2026-09-02T18:33:47.959974+00:00
2026-09-01,2026,824391,668909,Gavin Williams,Toronto Blue Jays,97,29,21,0.2989690721649484,0.2164948453608247,0.0824742268041237,8.24742268041237,0.3809523809523809,38.09523809523809,stratified,rf_v1,kg4_v1,postgame_v1,Data/daily_pipeline/models/2026-09-01/pitchers/668909.joblib,Data/daily_pipeline/predictions/postgame/2026-09-01/824391_668909.csv,Data/daily_pipeline/predictions/postgame/2026-09-01/824391_668909.json,2026-09-02T18:28:53.372033+00:00
2026-09-01,2026,824391,693686,Spencer Miles,Cleveland Guardians,16,9,7,0.5625,0.4375,0.125,12.5,0.2857142857142857,28.57142857142857,stratified,rf_v1,kg4_v1,postgame_v1,Data/daily_pipeline/models/2026-09-01/pitchers/693686.joblib,Data/daily_pipeline/predictions/postgame/2026-09-01/824391_693686.csv,Data/daily_pipeline/predictions/postgame/2026-09-01/824391_693686.json,2026-09-02T18:28:29.045158+00:00
2026-09-01,2026,824472,666157,Nick Lodolo,San Diego Padres,100,37,23,0.37,0.23,0.1399999999999999,13.999999999999998,0.608695652173913,60.8695652173913,stratified,rf_v1,kg4_v1,postgame_v1,Data/daily_pipeline/models/2026-09-01/pitchers/666157.joblib,Data/daily_pipeline/predictions/postgame/2026-09-01/824472_666157.csv,Data/daily_pipeline/predictions/postgame/2026-09-01/824472_666157.json,2026-09-02T18:25:07.171164+00:00
2026-09-01,2026,824472,681190,Randy Vásquez,Cincinnati Reds,69,29,8,0.4202898550724637,0.1159420289855072,0.3043478260869565,30.43478260869565,2.625,262.49999999999994,stratified,rf_v1,kg4_v1,postgame_v1,Data/daily_pipeline/models/2026-09-01/pitchers/681190.joblib,Data/daily_pipeline/predictions/postgame/2026-09-01/824472_681190.csv,Data/daily_pipeline/predictions/postgame/2026-09-01/824472_681190.json,2026-09-02T18:24:37.938415+00:00
2026-09-01,2026,824633,571510,Matthew Boyd,Milwaukee Brewers,97,39,28,0.4020618556701031,0.2886597938144329,0.1134020618556701,11.340206185567014,0.392857142857143,39.2857142857143,stratified,rf_v1,kg4_v1,postgame_v1,Data/daily_pipeline/models/2026-09-01/pitchers/571510.joblib,Data/daily_pipeline/predictions/postgame/2026-09-01/824633_571510.csv,Data/daily_pipeline/predictions/postgame/2026-09-01/824633_571510.json,2026-09-02T18:31:54.379357+00:00
2026-09-01,2026,824633,688107,Robert Gasser,Chicago Cubs,76,24,16,0.3157894736842105,0.2105263157894736,0.1052631578947368,10.526315789473683,0.5,50.0,stratified,rf_v1,kg4_v1,postgame_v1,Data/daily_pipeline/models/2026-09-01/pitchers/688107.joblib,Data/daily_pipeline/predictions/postgame/2026-09-01/824633_688107.csv,Data/daily_pipeline/predictions/postgame/2026-09-01/824633_688107.json,2026-09-02T18:31:07.355349+00:00
2026-09-01,2026,824716,693433,Bryan Woo,Boston Red Sox,99,42,26,0.4242424242424242,0.2626262626262626,0.1616161616161616,16.16161616161616,0.6153846153846153,61.53846153846153,stratified,rf_v1,kg4_v1,postgame_v1,Data/daily_pipeline/models/2026-09-01/pitchers/693433.joblib,Data/daily_pipeline/predictions/postgame/2026-09-01/824716_693433.csv,Data/daily_pipeline/predictions/postgame/2026-09-01/824716_693433.json,2026-09-02T18:29:20.002756+00:00
2026-09-01,2026,824716,699151,Jedixson Paez,Seattle Mariners,87,25,27,0.2873563218390804,0.3103448275862069,-0.0229885057471264,-2.298850574712646,-0.0740740740740741,-7.407407407407416,stratified,rf_v1,kg4_v1,postgame_v1,Data/daily_pipeline/models/2026-09-01/pitchers/699151.joblib,Data/daily_pipeline/predictions/postgame/2026-09-01/824716_699151.csv,Data/daily_pipeline/predictions/postgame/2026-09-01/824716_699151.json,2026-09-02T18:29:28.382410+00:00
2026-09-01,2026,825038,593958,Eduardo Rodriguez,Philadelphia Phillies,103,33,30,0.3203883495145631,0.2912621359223301,0.029126213592233,2.912621359223305,0.1000000000000001,10.000000000000016,stratified,rf_v1,kg4_v1,postgame_v1,Data/daily_pipeline/models/2026-09-01/pitchers/593958.joblib,Data/daily_pipeline/predictions/postgame/2026-09-01/825038_593958.csv,Data/daily_pipeline/predictions/postgame/2026-09-01/825038_593958.json,2026-09-02T18:37:19.758234+00:00
2026-09-01,2026,825038,666200,Jesús Luzardo,Arizona Diamondbacks,99,43,18,0.4343434343434343,0.1818181818181818,0.2525252525252525,25.252525252525253,1.3888888888888888,138.88888888888889,stratified,rf_v1,kg4_v1,postgame_v1,Data/daily_pipeline/models/2026-09-01/pitchers/666200.joblib,Data/daily_pipeline/predictions/postgame/2026-09-01/825038_666200.csv,Data/daily_pipeline/predictions/postgame/2026-09-01/825038_666200.json,2026-09-02T18:36:19.947888+00:00
2026-09-02,2026,822686,695418,Brad Lord,Atlanta Braves,55,28,16,0.509090909090909,0.2909090909090909,0.2181818181818181,21.818181818181813,0.7499999999999999,74.99999999999999,stratified,rf_v1,kg4_v1,postgame_v1,Data/daily_pipeline/models/2026-09-02/pitchers/695418.joblib,Data/daily_pipeline/predictions/postgame/2026-09-02/822686_695418.csv,Data/daily_pipeline/predictions/postgame/2026-09-02/822686_695418.json,2026-09-03T18:19:43.494914+00:00
2026-09-02,2026,822686,656550,Grant Holmes,Washington Nationals,26,8,5,0.3076923076923077,0.1923076923076923,0.1153846153846153,11.538461538461538,0.6,60.0,stratified,rf_v1,kg4_v1,postgame_v1,Data/daily_pipeline/models/2026-09-02/pitchers/656550.joblib,Data/daily_pipeline/predictions/postgame/2026-09-02/822686_656550.csv,Data/daily_pipeline/predictions/postgame/2026-09-02/822686_656550.json,2026-09-03T18:19:31.452480+00:00
2026-09-02,2026,822851,674003,Cody Bradford,Athletics,86,52,34,0.6046511627906976,0.3953488372093023,0.2093023255813953,20.930232558139533,0.5294117647058824,52.94117647058824,stratified,rf_v1,kg4_v1,postgame_v1,Data/daily_pipeline/models/2026-09-02/pitchers/674003.joblib,Data/daily_pipeline/predictions/postgame/2026-09-02/822851_674003.csv,Data/daily_pipeline/predictions/postgame/2026-09-02/822851_674003.json,2026-09-03T18:20:12.679021+00:00
2026-09-02,2026,822851,682052,Jacob Lopez,Texas Rangers,102,45,25,0.4411764705882353,0.2450980392156862,0.196078431372549,19.607843137254903,0.8,80.0,stratified,rf_v1,kg4_v1,postgame_v1,Data/daily_pipeline/models/2026-09-02/pitchers/682052.joblib,Data/daily_pipeline/predictions/postgame/2026-09-02/822851_682052.csv,Data/daily_pipeline/predictions/postgame/2026-09-02/822851_682052.json,2026-09-03T18:20:02.072845+00:00
2026-09-02,2026,822931,643377,Griffin Jax,New York Mets,63,20,14,0.3174603174603174,0.2222222222222222,0.0952380952380952,9.523809523809524,0.4285714285714285,42.85714285714285,stratified,rf_v1,kg4_v1,postgame_v1,Data/daily_pipeline/models/2026-09-02/pitchers/643377.joblib,Data/daily_pipeline/predictions/postgame/2026-09-02/822931_643377.csv,Data/daily_pipeline/predictions/postgame/2026-09-02/822931_643377.json,2026-09-03T18:23:13.545432+00:00
2026-09-02,2026,822931,663795,Justin Hagenman,Tampa Bay Rays,46,25,10,0.5434782608695652,0.217391304347826,0.3260869565217391,32.608695652173914,1.5,150.0,stratified,rf_v1,kg4_v1,postgame_v1,Data/daily_pipeline/models/2026-09-02/pitchers/663795.joblib,Data/daily_pipeline/predictions/postgame/2026-09-02/822931_663795.csv,Data/daily_pipeline/predictions/postgame/2026-09-02/822931_663795.json,2026-09-03T18:22:53.180882+00:00
2026-09-02,2026,823339,696149,Bubba Chandler,San Francisco Giants,88,45,27,0.5113636363636364,0.3068181818181818,0.2045454545454545,20.454545454545453,0.6666666666666666,66.66666666666666,stratified,rf_v1,kg4_v1,postgame_v1,Data/daily_pipeline/models/2026-09-02/pitchers/696149.joblib,Data/daily_pipeline/predictions/postgame/2026-09-02/823339_696149.csv,Data/daily_pipeline/predictions/postgame/2026-09-02/823339_696149.json,2026-09-03T18:22:46.751388+00:00
2026-09-02,2026,823339,694738,Landen Roupp,Pittsburgh Pirates,75,30,18,0.4,0.24,0.16,16.000000000000004,0.6666666666666669,66.66666666666669,stratified,rf_v1,kg4_v1,postgame_v1,Data/daily_pipeline/models/2026-09-02/pitchers/694738.joblib,Data/daily_pipeline/predictions/postgame/2026-09-02/823339_694738.csv,Data/daily_pipeline/predictions/postgame/2026-09-02/823339_694738.json,2026-09-03T18:22:35.739128+00:00
2026-09-02,2026,823660,665152,Dean Kremer,Detroit Tigers,79,35,16,0.4430379746835443,0.2025316455696202,0.240506329113924,24.0506329113924,1.1875,118.75,stratified,rf_v1,kg4_v1,postgame_v1,Data/daily_pipeline/models/2026-09-02/pitchers/665152.joblib,Data/daily_pipeline/predictions/postgame/2026-09-02/823660_665152.csv,Data/daily_pipeline/predictions/postgame/2026-09-02/823660_665152.json,2026-09-03T18:24:57.326478+00:00
2026-09-02,2026,823660,623454,Drew Anderson,Minnesota Twins,90,37,30,0.4111111111111111,0.3333333333333333,0.0777777777777777,7.777777777777778,0.2333333333333333,23.33333333333333,stratified,rf_v1,kg4_v1,postgame_v1,Data/daily_pipeline/models/2026-09-02/pitchers/623454.joblib,Data/daily_pipeline/predictions/postgame/2026-09-02/823660_623454.csv,Data/daily_pipeline/predictions/postgame/2026-09-02/823660_623454.json,2026-09-03T18:24:28.729140+00:00
2026-09-02,2026,823906,802408,Brycen Mautz,Los Angeles Dodgers,36,16,7,0.4444444444444444,0.1944444444444444,0.2499999999999999,25.0,1.2857142857142856,128.57142857142856,stratified,rf_v1,kg4_v1,postgame_v1,Data/daily_pipeline/models/2026-09-02/pitchers/802408.joblib,Data/daily_pipeline/predictions/postgame/2026-09-02/823906_802408.csv,Data/daily_pipeline/predictions/postgame/2026-09-02/823906_802408.json,2026-09-03T18:27:30.821796+00:00
2026-09-02,2026,823906,808967,Yoshinobu Yamamoto,St. Louis Cardinals,93,37,18,0.3978494623655914,0.1935483870967742,0.2043010752688172,20.43010752688172,1.0555555555555556,105.55555555555556,stratified,rf_v1,kg4_v1,postgame_v1,Data/daily_pipeline/models/2026-09-02/pitchers/808967.joblib,Data/daily_pipeline/predictions/postgame/2026-09-02/823906_808967.csv,Data/daily_pipeline/predictions/postgame/2026-09-02/823906_808967.json,2026-09-03T18:27:49.429009+00:00
2026-09-02,2026,823983,693645,Cam Schlittler,Los Angeles Angels,99,37,29,0.3737373737373737,0.2929292929292929,0.0808080808080808,8.080808080808083,0.2758620689655173,27.58620689655173,stratified,rf_v1,kg4_v1,postgame_v1,Data/daily_pipeline/models/2026-09-02/pitchers/693645.joblib,Data/daily_pipeline/predictions/postgame/2026-09-02/823983_693645.csv,Data/daily_pipeline/predictions/postgame/2026-09-02/823983_693645.json,2026-09-03T18:27:00.259318+00:00
2026-09-02,2026,823983,672282,Reid Detmers,New York Yankees,99,45,26,0.4545454545454545,0.2626262626262626,0.1919191919191918,19.191919191919187,0.7307692307692305,73.07692307692305,stratified,rf_v1,kg4_v1,postgame_v1,Data/daily_pipeline/models/2026-09-02/pitchers/672282.joblib,Data/daily_pipeline/predictions/postgame/2026-09-02/823983_672282.csv,Data/daily_pipeline/predictions/postgame/2026-09-02/823983_672282.json,2026-09-03T18:27:26.354208+00:00
2026-09-02,2026,824068,691587,Eury Pérez,Kansas City Royals,102,31,27,0.3039215686274509,0.2647058823529412,0.0392156862745097,3.9215686274509776,0.148148148148148,14.814814814814802,stratified,rf_v1,kg4_v1,postgame_v1,Data/daily_pipeline/models/2026-09-02/pitchers/691587.joblib,Data/daily_pipeline/predictions/postgame/2026-09-02/824068_691587.csv,Data/daily_pipeline/predictions/postgame/2026-09-02/824068_691587.json,2026-09-03T18:25:14.167131+00:00
2026-09-02,2026,824068,702070,Noah Cameron,Miami Marlins,86,21,10,0.2441860465116279,0.1162790697674418,0.127906976744186,12.790697674418606,1.1,110.0,stratified,rf_v1,kg4_v1,postgame_v1,Data/daily_pipeline/models/2026-09-02/pitchers/702070.joblib,Data/daily_pipeline/predictions/postgame/2026-09-02/824068_702070.csv,Data/daily_pipeline/predictions/postgame/2026-09-02/824068_702070.json,2026-09-03T18:25:29.788891+00:00
2026-09-02,2026,824147,663436,Davis Martin,Houston Astros,80,23,13,0.2875,0.1625,0.1249999999999999,12.499999999999996,0.769230769230769,76.9230769230769,stratified,rf_v1,kg4_v1,postgame_v1,Data/daily_pipeline/models/2026-09-02/pitchers/663436.joblib,Data/daily_pipeline/predictions/postgame/2026-09-02/824147_663436.csv,Data/daily_pipeline/predictions/postgame/2026-09-02/824147_663436.json,2026-09-03T18:26:33.582483+00:00
2026-09-02,2026,824147,669713,Hayden Wesneski,Chicago White Sox,90,27,17,0.3,0.1888888888888888,0.1111111111111111,11.11111111111111,0.5882352941176471,58.82352941176471,stratified,rf_v1,kg4_v1,postgame_v1,Data/daily_pipeline/models/2026-09-02/pitchers/669713.joblib,Data/daily_pipeline/predictions/postgame/2026-09-02/824147_669713.csv,Data/daily_pipeline/predictions/postgame/2026-09-02/824147_669713.json,2026-09-03T18:26:47.790548+00:00
2026-09-02,2026,824312,608372,Tomoyuki Sugano,Baltimore Orioles,90,22,13,0.2444444444444444,0.1444444444444444,0.1,10.0,0.6923076923076924,69.23076923076924,stratified,rf_v1,kg4_v1,postgame_v1,Data/daily_pipeline/models/2026-09-02/pitchers/608372.joblib,Data/daily_pipeline/predictions/postgame/2026-09-02/824312_608372.csv,Data/daily_pipeline/predictions/postgame/2026-09-02/824312_608372.json,2026-09-03T18:20:57.585496+00:00
2026-09-02,2026,824312,669432,Trevor Rogers,Colorado Rockies,94,50,37,0.5319148936170213,0.3936170212765957,0.1382978723404255,13.82978723404255,0.3513513513513512,35.13513513513512,stratified,rf_v1,kg4_v1,postgame_v1,Data/daily_pipeline/models/2026-09-02/pitchers/669432.joblib,Data/daily_pipeline/predictions/postgame/2026-09-02/824312_669432.csv,Data/daily_pipeline/predictions/postgame/2026-09-02/824312_669432.json,2026-09-03T18:20:41.884477+00:00
2026-09-02,2026,824390,656302,Dylan Cease,Cleveland Guardians,83,32,24,0.3855421686746988,0.2891566265060241,0.0963855421686747,9.638554216867472,0.3333333333333335,33.33333333333335,stratified,rf_v1,kg4_v1,postgame_v1,Data/daily_pipeline/models/2026-09-02/pitchers/656302.joblib,Data/daily_pipeline/predictions/postgame/2026-09-02/824390_656302.csv,Data/daily_pipeline/predictions/postgame/2026-09-02/824390_656302.json,2026-09-03T18:24:01.495692+00:00
2026-09-02,2026,824390,676282,Joey Cantillo,Toronto Blue Jays,102,44,27,0.4313725490196078,0.2647058823529412,0.1666666666666666,16.666666666666668,0.6296296296296297,62.96296296296296,stratified,rf_v1,kg4_v1,postgame_v1,Data/daily_pipeline/models/2026-09-02/pitchers/676282.joblib,Data/daily_pipeline/predictions/postgame/2026-09-02/824390_676282.csv,Data/daily_pipeline/predictions/postgame/2026-09-02/824390_676282.json,2026-09-03T18:24:16.735519+00:00
2026-09-02,2026,824470,682227,Brandon Williamson,San Diego Padres,87,37,19,0.425287356321839,0.2183908045977011,0.2068965517241379,20.68965517241379,0.9473684210526314,94.73684210526314,stratified,rf_v1,kg4_v1,postgame_v1,Data/daily_pipeline/models/2026-09-02/pitchers/682227.joblib,Data/daily_pipeline/predictions/postgame/2026-09-02/824470_682227.csv,Data/daily_pipeline/predictions/postgame/2026-09-02/824470_682227.json,2026-09-03T18:19:16.582505+00:00
2026-09-02,2026,824470,663554,Casey Mize,Cincinnati Reds,85,42,22,0.4941176470588235,0.2588235294117647,0.2352941176470588,23.52941176470588,0.909090909090909,90.90909090909088,stratified,rf_v1,kg4_v1,postgame_v1,Data/daily_pipeline/models/2026-09-02/pitchers/663554.joblib,Data/daily_pipeline/predictions/postgame/2026-09-02/824470_663554.csv,Data/daily_pipeline/predictions/postgame/2026-09-02/824470_663554.json,2026-09-03T18:19:05.023724+00:00
2026-09-02,2026,824634,656849,David Peterson,Milwaukee Brewers,96,43,18,0.4479166666666667,0.1875,0.2604166666666667,26.041666666666668,1.388888888888889,138.8888888888889,stratified,rf_v1,kg4_v1,postgame_v1,Data/daily_pipeline/models/2026-09-02/pitchers/656849.joblib,Data/daily_pipeline/predictions/postgame/2026-09-02/824634_656849.csv,Data/daily_pipeline/predictions/postgame/2026-09-02/824634_656849.json,2026-09-03T18:26:12.684517+00:00
2026-09-02,2026,824634,694819,Jacob Misiorowski,Chicago Cubs,92,44,29,0.4782608695652174,0.3152173913043478,0.1630434782608695,16.304347826086957,0.5172413793103449,51.72413793103448,stratified,rf_v1,kg4_v1,postgame_v1,Data/daily_pipeline/models/2026-09-02/pitchers/694819.joblib,Data/daily_pipeline/predictions/postgame/2026-09-02/824634_694819.csv,Data/daily_pipeline/predictions/postgame/2026-09-02/824634_694819.json,2026-09-03T18:25:41.945807+00:00
2026-09-02,2026,824717,682243,Bryce Miller,Boston Red Sox,65,23,16,0.3538461538461538,0.2461538461538461,0.1076923076923077,10.76923076923077,0.4375,43.75,stratified,rf_v1,kg4_v1,postgame_v1,Data/daily_pipeline/models/2026-09-02/pitchers/682243.joblib,Data/daily_pipeline/predictions/postgame/2026-09-02/824717_682243.csv,Data/daily_pipeline/predictions/postgame/2026-09-02/824717_682243.json,2026-09-03T18:21:49.114192+00:00
2026-09-02,2026,824717,663776,Patrick Sandoval,Seattle Mariners,80,32,19,0.4,0.2375,0.1625,16.250000000000004,0.6842105263157896,68.42105263157896,stratified,rf_v1,kg4_v1,postgame_v1,Data/daily_pipeline/models/2026-09-02/pitchers/663776.joblib,Data/daily_pipeline/predictions/postgame/2026-09-02/824717_663776.csv,Data/daily_pipeline/predictions/postgame/2026-09-02/824717_663776.json,2026-09-03T18:22:17.591781+00:00
2026-09-02,2026,825037,691725,Andrew Painter,Arizona Diamondbacks,93,38,17,0.4086021505376344,0.1827956989247312,0.2258064516129032,22.580645161290324,1.2352941176470589,123.52941176470588,stratified,rf_v1,kg4_v1,postgame_v1,Data/daily_pipeline/models/2026-09-02/pitchers/691725.joblib,Data/daily_pipeline/predictions/postgame/2026-09-02/825037_691725.csv,Data/daily_pipeline/predictions/postgame/2026-09-02/825037_691725.json,2026-09-03T18:21:07.590475+00:00
2026-09-02,2026,825037,664199,Taylor Clarke,Philadelphia Phillies,20,7,1,0.35,0.05,0.3,30.0,5.999999999999999,599.9999999999999,stratified,rf_v1,kg4_v1,postgame_v1,Data/daily_pipeline/models/2026-09-02/pitchers/664199.joblib,Data/daily_pipeline/predictions/postgame/2026-09-02/825037_664199.csv,Data/daily_pipeline/predictions/postgame/2026-09-02/825037_664199.json,2026-09-03T18:21:29.185239+00:00
2026-09-03,2026,822853,615698,Cal Quantrill,Tampa Bay Rays,95,32,17,0.3368421052631579,0.1789473684210526,0.1578947368421052,15.789473684210526,0.8823529411764706,88.23529411764706,stratified,rf_v1,kg4_v1,postgame_v1,Data/daily_pipeline/models/2026-09-03/pitchers/615698.joblib,Data/daily_pipeline/predictions/postgame/2026-09-03/822853_615698.csv,Data/daily_pipeline/predictions/postgame/2026-09-03/822853_615698.json,2026-09-04T18:07:03.324150+00:00
2026-09-03,2026,822853,663556,Shane McClanahan,Texas Rangers,72,30,23,0.4166666666666667,0.3194444444444444,0.0972222222222222,9.722222222222229,0.3043478260869567,30.43478260869567,stratified,rf_v1,kg4_v1,postgame_v1,Data/daily_pipeline/models/2026-09-03/pitchers/663556.joblib,Data/daily_pipeline/predictions/postgame/2026-09-03/822853_663556.csv,Data/daily_pipeline/predictions/postgame/2026-09-03/822853_663556.json,2026-09-04T18:06:28.443467+00:00
2026-09-03,2026,823095,678022,Jack Perkins,Seattle Mariners,86,28,24,0.3255813953488372,0.2790697674418604,0.0465116279069767,4.651162790697677,0.1666666666666667,16.66666666666668,stratified,rf_v1,kg4_v1,postgame_v1,Data/daily_pipeline/models/2026-09-03/pitchers/678022.joblib,Data/daily_pipeline/predictions/postgame/2026-09-03/823095_678022.csv,Data/daily_pipeline/predictions/postgame/2026-09-03/823095_678022.json,2026-09-04T18:07:12.083641+00:00
2026-09-03,2026,823095,807739,Kade Anderson,Athletics,79,34,24,0.430379746835443,0.3037974683544304,0.1265822784810126,12.658227848101266,0.4166666666666667,41.66666666666667,stratified,rf_v1,kg4_v1,postgame_v1,Data/daily_pipeline/models/2026-09-03/pitchers/807739.joblib,Data/daily_pipeline/predictions/postgame/2026-09-03/823095_807739.csv,Data/daily_pipeline/predictions/postgame/2026-09-03/823095_807739.json,2026-09-04T18:07:16.355647+00:00
2026-09-03,2026,823337,694918,Blade Tidwell,Pittsburgh Pirates,95,27,35,0.2842105263157894,0.3684210526315789,-0.0842105263157894,-8.421052631578945,-0.2285714285714285,-22.85714285714285,stratified,rf_v1,kg4_v1,postgame_v1,Data/daily_pipeline/models/2026-09-03/pitchers/694918.joblib,Data/daily_pipeline/predictions/postgame/2026-09-03/823337_694918.csv,Data/daily_pipeline/predictions/postgame/2026-09-03/823337_694918.json,2026-09-04T18:00:48.247072+00:00
2026-09-03,2026,823337,669199,Lake Bachar,San Francisco Giants,38,8,4,0.2105263157894736,0.1052631578947368,0.1052631578947368,10.526315789473683,1.0,100.0,stratified,rf_v1,kg4_v1,postgame_v1,Data/daily_pipeline/models/2026-09-03/pitchers/669199.joblib,Data/daily_pipeline/predictions/postgame/2026-09-03/823337_669199.csv,Data/daily_pipeline/predictions/postgame/2026-09-03/823337_669199.json,2026-09-04T18:00:58.176226+00:00
2026-09-03,2026,823907,687273,Quinn Mathews,Los Angeles Dodgers,99,45,27,0.4545454545454545,0.2727272727272727,0.1818181818181818,18.181818181818183,0.6666666666666667,66.66666666666667,stratified,rf_v1,kg4_v1,postgame_v1,Data/daily_pipeline/models/2026-09-03/pitchers/687273.joblib,Data/daily_pipeline/predictions/postgame/2026-09-03/823907_687273.csv,Data/daily_pipeline/predictions/postgame/2026-09-03/823907_687273.json,2026-09-04T18:07:21.416253+00:00
2026-09-03,2026,823907,669373,Tarik Skubal,St. Louis Cardinals,102,47,32,0.4607843137254901,0.3137254901960784,0.1470588235294117,14.705882352941174,0.4687499999999999,46.87499999999999,stratified,rf_v1,kg4_v1,postgame_v1,Data/daily_pipeline/models/2026-09-03/pitchers/669373.joblib,Data/daily_pipeline/predictions/postgame/2026-09-03/823907_669373.csv,Data/daily_pipeline/predictions/postgame/2026-09-03/823907_669373.json,2026-09-04T18:07:50.563171+00:00
2026-09-03,2026,824069,608379,Michael Wacha,Miami Marlins,96,42,25,0.4375,0.2604166666666667,0.1770833333333333,17.708333333333332,0.6799999999999998,67.99999999999999,stratified,rf_v1,kg4_v1,postgame_v1,Data/daily_pipeline/models/2026-09-03/pitchers/608379.joblib,Data/daily_pipeline/predictions/postgame/2026-09-03/824069_608379.csv,Data/daily_pipeline/predictions/postgame/2026-09-03/824069_608379.json,2026-09-04T18:06:09.172509+00:00
2026-09-03,2026,824069,645261,Sandy Alcantara,Kansas City Royals,98,33,15,0.336734693877551,0.1530612244897959,0.183673469387755,18.36734693877551,1.2,120.0,stratified,rf_v1,kg4_v1,postgame_v1,Data/daily_pipeline/models/2026-09-03/pitchers/645261.joblib,Data/daily_pipeline/predictions/postgame/2026-09-03/824069_645261.csv,Data/daily_pipeline/predictions/postgame/2026-09-03/824069_645261.json,2026-09-04T18:05:08.187765+00:00
2026-09-03,2026,824144,686613,Hunter Brown,Chicago White Sox,101,25,24,0.2475247524752475,0.2376237623762376,0.0099009900990099,0.990099009900991,0.0416666666666667,4.166666666666671,stratified,rf_v1,kg4_v1,postgame_v1,Data/daily_pipeline/models/2026-09-03/pitchers/686613.joblib,Data/daily_pipeline/predictions/postgame/2026-09-03/824144_686613.csv,Data/daily_pipeline/predictions/postgame/2026-09-03/824144_686613.json,2026-09-04T18:02:49.021098+00:00
2026-09-03,2026,824144,622491,Luis Castillo,Houston Astros,78,21,12,0.2692307692307692,0.1538461538461538,0.1153846153846153,11.538461538461537,0.7499999999999998,74.99999999999997,stratified,rf_v1,kg4_v1,postgame_v1,Data/daily_pipeline/models/2026-09-03/pitchers/622491.joblib,Data/daily_pipeline/predictions/postgame/2026-09-03/824144_622491.csv,Data/daily_pipeline/predictions/postgame/2026-09-03/824144_622491.json,2026-09-04T18:02:28.085548+00:00
2026-09-03,2026,824388,667755,José Soriano,Cleveland Guardians,98,35,23,0.3571428571428571,0.2346938775510204,0.1224489795918367,12.244897959183673,0.5217391304347826,52.17391304347826,stratified,rf_v1,kg4_v1,postgame_v1,Data/daily_pipeline/models/2026-09-03/pitchers/667755.joblib,Data/daily_pipeline/predictions/postgame/2026-09-03/824388_667755.csv,Data/daily_pipeline/predictions/postgame/2026-09-03/824388_667755.json,2026-09-04T18:01:15.662755+00:00
2026-09-03,2026,824388,676440,Tanner Bibee,Toronto Blue Jays,89,14,17,0.1573033707865168,0.1910112359550561,-0.0337078651685393,-3.3707865168539324,-0.1764705882352941,-17.647058823529413,stratified,rf_v1,kg4_v1,postgame_v1,Data/daily_pipeline/models/2026-09-03/pitchers/676440.joblib,Data/daily_pipeline/predictions/postgame/2026-09-03/824388_676440.csv,Data/daily_pipeline/predictions/postgame/2026-09-03/824388_676440.json,2026-09-04T18:01:37.135217+00:00
2026-09-03,2026,824632,592332,Kevin Gausman,Milwaukee Brewers,103,62,39,0.6019417475728155,0.3786407766990291,0.2233009708737863,22.33009708737864,0.5897435897435896,58.97435897435896,stratified,rf_v1,kg4_v1,postgame_v1,Data/daily_pipeline/models/2026-09-03/pitchers/592332.joblib,Data/daily_pipeline/predictions/postgame/2026-09-03/824632_592332.csv,Data/daily_pipeline/predictions/postgame/2026-09-03/824632_592332.json,2026-09-04T18:04:22.635060+00:00
2026-09-03,2026,824632,701656,Logan Henderson,Chicago Cubs,102,41,45,0.4019607843137255,0.4411764705882353,-0.0392156862745097,-3.9215686274509776,-0.0888888888888888,-8.888888888888882,stratified,rf_v1,kg4_v1,postgame_v1,Data/daily_pipeline/models/2026-09-03/pitchers/701656.joblib,Data/daily_pipeline/predictions/postgame/2026-09-03/824632_701656.csv,Data/daily_pipeline/predictions/postgame/2026-09-03/824632_701656.json,2026-09-04T18:03:17.168691+00:00
2026-09-03,2026,824796,687064,Brandon Young,Boston Red Sox,98,44,22,0.4489795918367347,0.2244897959183673,0.2244897959183673,22.448979591836736,1.0,100.0,stratified,rf_v1,kg4_v1,postgame_v1,Data/daily_pipeline/models/2026-09-03/pitchers/687064.joblib,Data/daily_pipeline/predictions/postgame/2026-09-03/824796_687064.csv,Data/daily_pipeline/predictions/postgame/2026-09-03/824796_687064.json,2026-09-04T18:03:08.280499+00:00
2026-09-03,2026,824796,687562,Jake Bennett,Baltimore Orioles,68,22,20,0.3235294117647059,0.2941176470588235,0.0294117647058823,2.941176470588236,0.1,10.000000000000002,stratified,rf_v1,kg4_v1,postgame_v1,Data/daily_pipeline/models/2026-09-03/pitchers/687562.joblib,Data/daily_pipeline/predictions/postgame/2026-09-03/824796_687562.csv,Data/daily_pipeline/predictions/postgame/2026-09-03/824796_687562.json,2026-09-04T18:02:56.724072+00:00
2026-09-04,2026,822852,607259,Nick Martinez,Texas Rangers,90,23,17,0.2555555555555555,0.1888888888888888,0.0666666666666666,6.666666666666665,0.3529411764705881,35.29411764705881,stratified,rf_v1,kg4_v1,postgame_v1,Data/daily_pipeline/models/2026-09-04/pitchers/607259.joblib,Data/daily_pipeline/predictions/postgame/2026-09-04/822852_607259.csv,Data/daily_pipeline/predictions/postgame/2026-09-04/822852_607259.json,2026-09-05T17:11:51.544444+00:00
2026-09-04,2026,822852,592866,Trevor Williams,Tampa Bay Rays,19,7,1,0.3684210526315789,0.0526315789473684,0.3157894736842105,31.57894736842105,6.0,600.0,stratified,rf_v1,kg4_v1,postgame_v1,Data/daily_pipeline/models/2026-09-04/pitchers/592866.joblib,Data/daily_pipeline/predictions/postgame/2026-09-04/822852_592866.csv,Data/daily_pipeline/predictions/postgame/2026-09-04/822852_592866.json,2026-09-05T17:12:26.293515+00:00
2026-09-04,2026,823093,695034,Kade Morris,Seattle Mariners,37,18,7,0.4864864864864865,0.1891891891891892,0.2972972972972973,29.72972972972973,1.5714285714285714,157.14285714285714,stratified,rf_v1,kg4_v1,postgame_v1,Data/daily_pipeline/models/2026-09-04/pitchers/695034.joblib,Data/daily_pipeline/predictions/postgame/2026-09-04/823093_695034.csv,Data/daily_pipeline/predictions/postgame/2026-09-04/823093_695034.json,2026-09-05T17:17:13.828326+00:00
2026-09-04,2026,823093,669302,Logan Gilbert,Athletics,99,53,23,0.5353535353535354,0.2323232323232323,0.303030303030303,30.303030303030305,1.3043478260869563,130.43478260869566,stratified,rf_v1,kg4_v1,postgame_v1,Data/daily_pipeline/models/2026-09-04/pitchers/669302.joblib,Data/daily_pipeline/predictions/postgame/2026-09-04/823093_669302.csv,Data/daily_pipeline/predictions/postgame/2026-09-04/823093_669302.json,2026-09-05T17:17:46.484210+00:00
2026-09-04,2026,823256,608331,Max Fried,San Diego Padres,72,18,7,0.25,0.0972222222222222,0.1527777777777778,15.27777777777778,1.5714285714285716,157.14285714285717,stratified,rf_v1,kg4_v1,postgame_v1,Data/daily_pipeline/models/2026-09-04/pitchers/608331.joblib,Data/daily_pipeline/predictions/postgame/2026-09-04/823256_608331.csv,Data/daily_pipeline/predictions/postgame/2026-09-04/823256_608331.json,2026-09-05T17:15:45.458804+00:00
2026-09-04,2026,823256,621111,Walker Buehler,New York Yankees,76,22,22,0.2894736842105263,0.2894736842105263,0.0,0.0,0.0,0.0,stratified,rf_v1,kg4_v1,postgame_v1,Data/daily_pipeline/models/2026-09-04/pitchers/621111.joblib,Data/daily_pipeline/predictions/postgame/2026-09-04/823256_621111.csv,Data/daily_pipeline/predictions/postgame/2026-09-04/823256_621111.json,2026-09-05T17:16:19.457759+00:00
2026-09-04,2026,823338,683003,Jared Jones,Los Angeles Angels,91,48,36,0.5274725274725275,0.3956043956043956,0.1318681318681319,13.18681318681319,0.3333333333333334,33.33333333333334,stratified,rf_v1,kg4_v1,postgame_v1,Data/daily_pipeline/models/2026-09-04/pitchers/683003.joblib,Data/daily_pipeline/predictions/postgame/2026-09-04/823338_683003.csv,Data/daily_pipeline/predictions/postgame/2026-09-04/823338_683003.json,2026-09-05T17:08:48.532913+00:00
2026-09-04,2026,823338,696270,Ryan Johnson,Pittsburgh Pirates,89,33,26,0.3707865168539326,0.2921348314606741,0.0786516853932584,7.865168539325845,0.2692307692307693,26.92307692307693,stratified,rf_v1,kg4_v1,postgame_v1,Data/daily_pipeline/models/2026-09-04/pitchers/696270.joblib,Data/daily_pipeline/predictions/postgame/2026-09-04/823338_696270.csv,Data/daily_pipeline/predictions/postgame/2026-09-04/823338_696270.json,2026-09-05T17:08:35.839186+00:00
2026-09-04,2026,823418,519242,Chris Sale,Philadelphia Phillies,103,57,26,0.5533980582524272,0.2524271844660194,0.3009708737864077,30.097087378640776,1.1923076923076923,119.23076923076924,stratified,rf_v1,kg4_v1,postgame_v1,Data/daily_pipeline/models/2026-09-04/pitchers/519242.joblib,Data/daily_pipeline/predictions/postgame/2026-09-04/823418_519242.csv,Data/daily_pipeline/predictions/postgame/2026-09-04/823418_519242.json,2026-09-05T17:08:00.480962+00:00
2026-09-04,2026,823418,650911,Cristopher Sánchez,Atlanta Braves,108,47,38,0.4351851851851852,0.3518518518518518,0.0833333333333333,8.333333333333332,0.2368421052631578,23.684210526315784,stratified,rf_v1,kg4_v1,postgame_v1,Data/daily_pipeline/models/2026-09-04/pitchers/650911.joblib,Data/daily_pipeline/predictions/postgame/2026-09-04/823418_650911.csv,Data/daily_pipeline/predictions/postgame/2026-09-04/823418_650911.json,2026-09-05T17:08:25.231882+00:00
2026-09-04,2026,823579,683363,Matt Wilkinson,New York Mets,62,36,23,0.5806451612903226,0.3709677419354839,0.2096774193548387,20.967741935483875,0.5652173913043479,56.52173913043479,stratified,rf_v1,kg4_v1,postgame_v1,Data/daily_pipeline/models/2026-09-04/pitchers/683363.joblib,Data/daily_pipeline/predictions/postgame/2026-09-04/823579_683363.csv,Data/daily_pipeline/predictions/postgame/2026-09-04/823579_683363.json,2026-09-05T17:09:41.358225+00:00
2026-09-04,2026,823579,690997,Nolan McLean,San Francisco Giants,105,46,23,0.4380952380952381,0.219047619047619,0.219047619047619,21.904761904761905,1.0,100.0,stratified,rf_v1,kg4_v1,postgame_v1,Data/daily_pipeline/models/2026-09-04/pitchers/690997.joblib,Data/daily_pipeline/predictions/postgame/2026-09-04/823579_690997.csv,Data/daily_pipeline/predictions/postgame/2026-09-04/823579_690997.json,2026-09-05T17:09:52.737132+00:00
2026-09-04,2026,823824,676083,Janson Junk,Chicago Cubs,75,10,10,0.1333333333333333,0.1333333333333333,0.0,0.0,0.0,0.0,stratified,rf_v1,kg4_v1,postgame_v1,Data/daily_pipeline/models/2026-09-04/pitchers/676083.joblib,Data/daily_pipeline/predictions/postgame/2026-09-04/823824_676083.csv,Data/daily_pipeline/predictions/postgame/2026-09-04/823824_676083.json,2026-09-05T17:10:25.468923+00:00
2026-09-04,2026,823824,684007,Shota Imanaga,Miami Marlins,94,45,31,0.4787234042553192,0.3297872340425531,0.148936170212766,14.8936170212766,0.4516129032258066,45.16129032258066,stratified,rf_v1,kg4_v1,postgame_v1,Data/daily_pipeline/models/2026-09-04/pitchers/684007.joblib,Data/daily_pipeline/predictions/postgame/2026-09-04/823824_684007.csv,Data/daily_pipeline/predictions/postgame/2026-09-04/823824_684007.json,2026-09-05T17:10:12.323521+00:00
2026-09-04,2026,823905,605483,Blake Snell,Washington Nationals,100,54,37,0.54,0.37,0.17,17.000000000000004,0.4594594594594596,45.94594594594596,stratified,rf_v1,kg4_v1,postgame_v1,Data/daily_pipeline/models/2026-09-04/pitchers/605483.joblib,Data/daily_pipeline/predictions/postgame/2026-09-04/823905_605483.csv,Data/daily_pipeline/predictions/postgame/2026-09-04/823905_605483.json,2026-09-05T17:17:07.656772+00:00
2026-09-04,2026,823905,800600,Jackson Kent,Los Angeles Dodgers,87,23,23,0.264367816091954,0.264367816091954,0.0,0.0,0.0,0.0,stratified,rf_v1,kg4_v1,postgame_v1,Data/daily_pipeline/models/2026-09-04/pitchers/800600.joblib,Data/daily_pipeline/predictions/postgame/2026-09-04/823905_800600.csv,Data/daily_pipeline/predictions/postgame/2026-09-04/823905_800600.json,2026-09-05T17:16:25.249340+00:00
2026-09-04,2026,824067,663738,Daniel Lynch IV,Toronto Blue Jays,70,33,10,0.4714285714285714,0.1428571428571428,0.3285714285714285,32.857142857142854,2.3000000000000003,230.00000000000003,stratified,rf_v1,kg4_v1,postgame_v1,Data/daily_pipeline/models/2026-09-04/pitchers/663738.joblib,Data/daily_pipeline/predictions/postgame/2026-09-04/824067_663738.csv,Data/daily_pipeline/predictions/postgame/2026-09-04/824067_663738.json,2026-09-05T17:14:25.552215+00:00
2026-09-04,2026,824067,592791,Jameson Taillon,Kansas City Royals,29,10,3,0.3448275862068966,0.1034482758620689,0.2413793103448276,24.13793103448276,2.333333333333334,233.3333333333334,stratified,rf_v1,kg4_v1,postgame_v1,Data/daily_pipeline/models/2026-09-04/pitchers/592791.joblib,Data/daily_pipeline/predictions/postgame/2026-09-04/824067_592791.csv,Data/daily_pipeline/predictions/postgame/2026-09-04/824067_592791.json,2026-09-05T17:14:07.661862+00:00
2026-09-04,2026,824146,664299,Cristian Javier,Arizona Diamondbacks,79,29,23,0.3670886075949367,0.2911392405063291,0.0759493670886076,7.594936708860761,0.2608695652173913,26.086956521739136,stratified,rf_v1,kg4_v1,postgame_v1,Data/daily_pipeline/models/2026-09-04/pitchers/664299.joblib,Data/daily_pipeline/predictions/postgame/2026-09-04/824146_664299.csv,Data/daily_pipeline/predictions/postgame/2026-09-04/824146_664299.json,2026-09-05T17:13:27.876501+00:00
2026-09-04,2026,824146,518876,Merrill Kelly,Houston Astros,94,34,23,0.3617021276595745,0.2446808510638297,0.1170212765957447,11.70212765957447,0.4782608695652175,47.82608695652175,stratified,rf_v1,kg4_v1,postgame_v1,Data/daily_pipeline/models/2026-09-04/pitchers/518876.joblib,Data/daily_pipeline/predictions/postgame/2026-09-04/824146_518876.csv,Data/daily_pipeline/predictions/postgame/2026-09-04/824146_518876.json,2026-09-05T17:13:04.755069+00:00
2026-09-04,2026,824311,669467,Andre Pallante,Colorado Rockies,72,43,25,0.5972222222222222,0.3472222222222222,0.25,25.0,0.72,72.0,stratified,rf_v1,kg4_v1,postgame_v1,Data/daily_pipeline/models/2026-09-04/pitchers/669467.joblib,Data/daily_pipeline/predictions/postgame/2026-09-04/824311_669467.csv,Data/daily_pipeline/predictions/postgame/2026-09-04/824311_669467.json,2026-09-05T17:14:47.975194+00:00
2026-09-04,2026,824311,663372,Ryan Feltner,St. Louis Cardinals,95,36,25,0.3789473684210526,0.2631578947368421,0.1157894736842105,11.578947368421057,0.4400000000000001,44.000000000000014,stratified,rf_v1,kg4_v1,postgame_v1,Data/daily_pipeline/models/2026-09-04/pitchers/663372.joblib,Data/daily_pipeline/predictions/postgame/2026-09-04/824311_663372.csv,Data/daily_pipeline/predictions/postgame/2026-09-04/824311_663372.json,2026-09-05T17:15:05.858747+00:00
2026-09-04,2026,824387,808825,Andrew Sears,Cleveland Guardians,93,31,30,0.3333333333333333,0.3225806451612903,0.010752688172043,1.0752688172043,0.0333333333333333,3.3333333333333304,stratified,rf_v1,kg4_v1,postgame_v1,Data/daily_pipeline/models/2026-09-04/pitchers/808825.joblib,Data/daily_pipeline/predictions/postgame/2026-09-04/824387_808825.csv,Data/daily_pipeline/predictions/postgame/2026-09-04/824387_808825.json,2026-09-05T17:05:16.796950+00:00
2026-09-04,2026,824387,656492,Foster Griffin,Detroit Tigers,92,43,16,0.4673913043478261,0.1739130434782608,0.2934782608695652,29.347826086956523,1.6875000000000002,168.75000000000003,stratified,rf_v1,kg4_v1,postgame_v1,Data/daily_pipeline/models/2026-09-04/pitchers/656492.joblib,Data/daily_pipeline/predictions/postgame/2026-09-04/824387_656492.csv,Data/daily_pipeline/predictions/postgame/2026-09-04/824387_656492.json,2026-09-05T17:05:29.682342+00:00
2026-09-04,2026,824424,672456,Keider Montero,Cleveland Guardians,82,28,24,0.3414634146341463,0.2926829268292683,0.048780487804878,4.878048780487809,0.1666666666666668,16.666666666666682,stratified,rf_v1,kg4_v1,postgame_v1,Data/daily_pipeline/models/2026-09-04/pitchers/672456.joblib,Data/daily_pipeline/predictions/postgame/2026-09-04/824424_672456.csv,Data/daily_pipeline/predictions/postgame/2026-09-04/824424_672456.json,2026-09-05T17:04:50.915225+00:00
2026-09-04,2026,824424,671106,Logan Allen,Detroit Tigers,62,22,8,0.3548387096774194,0.1290322580645161,0.2258064516129032,22.580645161290324,1.7500000000000002,175.00000000000003,stratified,rf_v1,kg4_v1,postgame_v1,Data/daily_pipeline/models/2026-09-04/pitchers/671106.joblib,Data/daily_pipeline/predictions/postgame/2026-09-04/824424_671106.csv,Data/daily_pipeline/predictions/postgame/2026-09-04/824424_671106.json,2026-09-05T17:05:11.225396+00:00
2026-09-04,2026,824471,695076,Rhett Lowder,Milwaukee Brewers,104,40,28,0.3846153846153846,0.2692307692307692,0.1153846153846154,11.538461538461542,0.4285714285714287,42.85714285714287,stratified,rf_v1,kg4_v1,postgame_v1,Data/daily_pipeline/models/2026-09-04/pitchers/695076.joblib,Data/daily_pipeline/predictions/postgame/2026-09-04/824471_695076.csv,Data/daily_pipeline/predictions/postgame/2026-09-04/824471_695076.json,2026-09-05T17:05:52.999032+00:00
2026-09-04,2026,824471,675660,Shane Drohan,Cincinnati Reds,78,27,14,0.3461538461538461,0.1794871794871795,0.1666666666666666,16.666666666666664,0.9285714285714284,92.85714285714285,stratified,rf_v1,kg4_v1,postgame_v1,Data/daily_pipeline/models/2026-09-04/pitchers/675660.joblib,Data/daily_pipeline/predictions/postgame/2026-09-04/824471_675660.csv,Data/daily_pipeline/predictions/postgame/2026-09-04/824471_675660.json,2026-09-05T17:05:41.291254+00:00
2026-09-04,2026,824554,607200,Erick Fedde,Minnesota Twins,83,40,19,0.4819277108433735,0.2289156626506024,0.2530120481927711,25.30120481927711,1.1052631578947372,110.52631578947371,stratified,rf_v1,kg4_v1,postgame_v1,Data/daily_pipeline/models/2026-09-04/pitchers/607200.joblib,Data/daily_pipeline/predictions/postgame/2026-09-04/824554_607200.csv,Data/daily_pipeline/predictions/postgame/2026-09-04/824554_607200.json,2026-09-05T17:11:09.935573+00:00
2026-09-04,2026,824554,805673,Zebby Matthews,Chicago White Sox,84,28,20,0.3333333333333333,0.238095238095238,0.0952380952380952,9.523809523809524,0.4,40.0,stratified,rf_v1,kg4_v1,postgame_v1,Data/daily_pipeline/models/2026-09-04/pitchers/805673.joblib,Data/daily_pipeline/predictions/postgame/2026-09-04/824554_805673.csv,Data/daily_pipeline/predictions/postgame/2026-09-04/824554_805673.json,2026-09-05T17:10:38.676094+00:00
2026-09-04,2026,824797,624133,Ranger Suarez,Baltimore Orioles,91,32,17,0.3516483516483517,0.1868131868131868,0.1648351648351648,16.483516483516485,0.8823529411764707,88.23529411764707,stratified,rf_v1,kg4_v1,postgame_v1,Data/daily_pipeline/models/2026-09-04/pitchers/624133.joblib,Data/daily_pipeline/predictions/postgame/2026-09-04/824797_624133.csv,Data/daily_pipeline/predictions/postgame/2026-09-04/824797_624133.json,2026-09-05T17:09:18.664388+00:00
2026-09-04,2026,824797,669358,Shane Baz,Boston Red Sox,95,39,19,0.4105263157894737,0.2,0.2105263157894736,21.052631578947366,1.0526315789473684,105.26315789473684,stratified,rf_v1,kg4_v1,postgame_v1,Data/daily_pipeline/models/2026-09-04/pitchers/669358.joblib,Data/daily_pipeline/predictions/postgame/2026-09-04/824797_669358.csv,Data/daily_pipeline/predictions/postgame/2026-09-04/824797_669358.json,2026-09-05T17:09:36.765144+00:00
2026-09-05,2026,822850,656876,Drew Rasmussen,Texas Rangers,97,31,19,0.3195876288659793,0.1958762886597938,0.1237113402061855,12.371134020618554,0.6315789473684209,63.15789473684209,stratified,rf_v1,kg4_v1,postgame_v1,Data/daily_pipeline/models/2026-09-05/pitchers/656876.joblib,Data/daily_pipeline/predictions/postgame/2026-09-05/822850_656876.csv,Data/daily_pipeline/predictions/postgame/2026-09-05/822850_656876.json,2026-09-06T17:36:40.850148+00:00
2026-09-05,2026,822850,594798,Jacob deGrom,Tampa Bay Rays,90,38,20,0.4222222222222222,0.2222222222222222,0.2,20.0,0.9000000000000001,90.00000000000001,stratified,rf_v1,kg4_v1,postgame_v1,Data/daily_pipeline/models/2026-09-05/pitchers/594798.joblib,Data/daily_pipeline/predictions/postgame/2026-09-05/822850_594798.csv,Data/daily_pipeline/predictions/postgame/2026-09-05/822850_594798.json,2026-09-06T17:37:43.547888+00:00
2026-09-05,2026,823094,669923,George Kirby,Athletics,100,29,19,0.29,0.19,0.0999999999999999,9.999999999999998,0.5263157894736841,52.63157894736841,stratified,rf_v1,kg4_v1,postgame_v1,Data/daily_pipeline/models/2026-09-05/pitchers/669923.joblib,Data/daily_pipeline/predictions/postgame/2026-09-05/823094_669923.csv,Data/daily_pipeline/predictions/postgame/2026-09-05/823094_669923.json,2026-09-06T17:46:20.580802+00:00
2026-09-05,2026,823094,605488,Jeffrey Springs,Seattle Mariners,81,33,28,0.4074074074074074,0.345679012345679,0.0617283950617283,6.172839506172839,0.1785714285714285,17.857142857142858,stratified,rf_v1,kg4_v1,postgame_v1,Data/daily_pipeline/models/2026-09-05/pitchers/605488.joblib,Data/daily_pipeline/predictions/postgame/2026-09-05/823094_605488.csv,Data/daily_pipeline/predictions/postgame/2026-09-05/823094_605488.json,2026-09-06T17:45:50.856937+00:00
2026-09-05,2026,823257,607074,Carlos Rodón,San Diego Padres,89,53,33,0.5955056179775281,0.3707865168539326,0.2247191011235955,22.47191011235955,0.606060606060606,60.6060606060606,stratified,rf_v1,kg4_v1,postgame_v1,Data/daily_pipeline/models/2026-09-05/pitchers/607074.joblib,Data/daily_pipeline/predictions/postgame/2026-09-05/823257_607074.csv,Data/daily_pipeline/predictions/postgame/2026-09-05/823257_607074.json,2026-09-06T17:42:08.621326+00:00
2026-09-05,2026,823257,592662,Robbie Ray,New York Yankees,68,25,14,0.3676470588235294,0.2058823529411764,0.1617647058823529,16.176470588235297,0.7857142857142859,78.5714285714286,stratified,rf_v1,kg4_v1,postgame_v1,Data/daily_pipeline/models/2026-09-05/pitchers/592662.joblib,Data/daily_pipeline/predictions/postgame/2026-09-05/823257_592662.csv,Data/daily_pipeline/predictions/postgame/2026-09-05/823257_592662.json,2026-09-06T17:44:18.573613+00:00
2026-09-05,2026,823335,677952,Braxton Ashcraft,Los Angeles Angels,67,22,18,0.3283582089552239,0.2686567164179104,0.0597014925373134,5.970149253731344,0.2222222222222222,22.222222222222225,stratified,rf_v1,kg4_v1,postgame_v1,Data/daily_pipeline/models/2026-09-05/pitchers/677952.joblib,Data/daily_pipeline/predictions/postgame/2026-09-05/823335_677952.csv,Data/daily_pipeline/predictions/postgame/2026-09-05/823335_677952.json,2026-09-06T17:33:24.549703+00:00
2026-09-05,2026,823335,579328,Yusei Kikuchi,Pittsburgh Pirates,89,46,24,0.5168539325842697,0.2696629213483146,0.2471910112359551,24.71910112359551,0.9166666666666669,91.66666666666669,stratified,rf_v1,kg4_v1,postgame_v1,Data/daily_pipeline/models/2026-09-05/pitchers/579328.joblib,Data/daily_pipeline/predictions/postgame/2026-09-05/823335_579328.csv,Data/daily_pipeline/predictions/postgame/2026-09-05/823335_579328.json,2026-09-06T17:33:11.812455+00:00
2026-09-05,2026,823419,527048,Martín Pérez,Philadelphia Phillies,84,36,20,0.4285714285714285,0.238095238095238,0.1904761904761904,19.047619047619047,0.8,80.0,stratified,rf_v1,kg4_v1,postgame_v1,Data/daily_pipeline/models/2026-09-05/pitchers/527048.joblib,Data/daily_pipeline/predictions/postgame/2026-09-05/823419_527048.csv,Data/daily_pipeline/predictions/postgame/2026-09-05/823419_527048.json,2026-09-06T17:30:15.532982+00:00
2026-09-05,2026,823419,554430,Zack Wheeler,Atlanta Braves,95,47,26,0.4947368421052631,0.2736842105263158,0.2210526315789473,22.105263157894733,0.8076923076923075,80.76923076923075,stratified,rf_v1,kg4_v1,postgame_v1,Data/daily_pipeline/models/2026-09-05/pitchers/554430.joblib,Data/daily_pipeline/predictions/postgame/2026-09-05/823419_554430.csv,Data/daily_pipeline/predictions/postgame/2026-09-05/823419_554430.json,2026-09-06T17:31:31.592391+00:00
2026-09-05,2026,823577,683627,Anthony Molina,New York Mets,87,45,27,0.5172413793103449,0.3103448275862069,0.2068965517241379,20.6896551724138,0.6666666666666667,66.66666666666667,stratified,rf_v1,kg4_v1,postgame_v1,Data/daily_pipeline/models/2026-09-05/pitchers/683627.joblib,Data/daily_pipeline/predictions/postgame/2026-09-05/823577_683627.csv,Data/daily_pipeline/predictions/postgame/2026-09-05/823577_683627.json,2026-09-06T17:28:30.965527+00:00
2026-09-05,2026,823577,804267,Zac Thornton,San Francisco Giants,82,26,17,0.3170731707317073,0.2073170731707317,0.1097560975609756,10.975609756097562,0.5294117647058825,52.941176470588246,stratified,rf_v1,kg4_v1,postgame_v1,Data/daily_pipeline/models/2026-09-05/pitchers/804267.joblib,Data/daily_pipeline/predictions/postgame/2026-09-05/823577_804267.csv,Data/daily_pipeline/predictions/postgame/2026-09-05/823577_804267.json,2026-09-06T17:28:38.034060+00:00
2026-09-05,2026,823823,665871,Javier Assad,Miami Marlins,88,37,19,0.4204545454545454,0.2159090909090909,0.2045454545454545,20.454545454545457,0.9473684210526316,94.73684210526316,stratified,rf_v1,kg4_v1,postgame_v1,Data/daily_pipeline/models/2026-09-05/pitchers/665871.joblib,Data/daily_pipeline/predictions/postgame/2026-09-05/823823_665871.csv,Data/daily_pipeline/predictions/postgame/2026-09-05/823823_665871.json,2026-09-06T17:28:55.922179+00:00
2026-09-05,2026,823823,687473,Ryan Gusto,Chicago Cubs,100,24,20,0.24,0.2,0.0399999999999999,3.9999999999999982,0.1999999999999999,19.99999999999999,stratified,rf_v1,kg4_v1,postgame_v1,Data/daily_pipeline/models/2026-09-05/pitchers/687473.joblib,Data/daily_pipeline/predictions/postgame/2026-09-05/823823_687473.csv,Data/daily_pipeline/predictions/postgame/2026-09-05/823823_687473.json,2026-09-06T17:29:07.920335+00:00
2026-09-05,2026,823904,676917,Cade Cavalli,Los Angeles Dodgers,103,28,20,0.2718446601941747,0.1941747572815534,0.0776699029126213,7.766990291262135,0.3999999999999999,40.0,stratified,rf_v1,kg4_v1,postgame_v1,Data/daily_pipeline/models/2026-09-05/pitchers/676917.joblib,Data/daily_pipeline/predictions/postgame/2026-09-05/823904_676917.csv,Data/daily_pipeline/predictions/postgame/2026-09-05/823904_676917.json,2026-09-06T17:44:55.871308+00:00
2026-09-05,2026,823904,607192,Tyler Glasnow,Washington Nationals,96,36,20,0.375,0.2083333333333333,0.1666666666666666,16.666666666666664,0.7999999999999999,80.0,stratified,rf_v1,kg4_v1,postgame_v1,Data/daily_pipeline/models/2026-09-05/pitchers/607192.joblib,Data/daily_pipeline/predictions/postgame/2026-09-05/823904_607192.csv,Data/daily_pipeline/predictions/postgame/2026-09-05/823904_607192.json,2026-09-06T17:45:25.501746+00:00
2026-09-05,2026,824066,453286,Max Scherzer,Kansas City Royals,76,40,24,0.5263157894736842,0.3157894736842105,0.2105263157894736,21.052631578947366,0.6666666666666666,66.66666666666666,stratified,rf_v1,kg4_v1,postgame_v1,Data/daily_pipeline/models/2026-09-05/pitchers/453286.joblib,Data/daily_pipeline/predictions/postgame/2026-09-05/824066_453286.csv,Data/daily_pipeline/predictions/postgame/2026-09-05/824066_453286.json,2026-09-06T17:39:31.326964+00:00
2026-09-05,2026,824066,607625,Seth Lugo,Toronto Blue Jays,95,24,16,0.2526315789473684,0.1684210526315789,0.0842105263157894,8.421052631578949,0.5000000000000001,50.000000000000014,stratified,rf_v1,kg4_v1,postgame_v1,Data/daily_pipeline/models/2026-09-05/pitchers/607625.joblib,Data/daily_pipeline/predictions/postgame/2026-09-05/824066_607625.csv,Data/daily_pipeline/predictions/postgame/2026-09-05/824066_607625.json,2026-09-06T17:40:14.627641+00:00
2026-09-05,2026,824145,694297,Brandon Pfaadt,Houston Astros,93,38,16,0.4086021505376344,0.1720430107526881,0.2365591397849462,23.655913978494624,1.375,137.5,stratified,rf_v1,kg4_v1,postgame_v1,Data/daily_pipeline/models/2026-09-05/pitchers/694297.joblib,Data/daily_pipeline/predictions/postgame/2026-09-05/824145_694297.csv,Data/daily_pipeline/predictions/postgame/2026-09-05/824145_694297.json,2026-09-06T17:41:14.007969+00:00
2026-09-05,2026,824145,814490,Ethan Pecko,Arizona Diamondbacks,81,14,12,0.1728395061728395,0.1481481481481481,0.0246913580246913,2.469135802469136,0.1666666666666666,16.666666666666664,stratified,rf_v1,kg4_v1,postgame_v1,Data/daily_pipeline/models/2026-09-05/pitchers/814490.joblib,Data/daily_pipeline/predictions/postgame/2026-09-05/824145_814490.csv,Data/daily_pipeline/predictions/postgame/2026-09-05/824145_814490.json,2026-09-06T17:41:18.939456+00:00
2026-09-05,2026,824310,690279,Mason Adams,St. Louis Cardinals,78,34,20,0.4358974358974359,0.2564102564102564,0.1794871794871795,17.948717948717952,0.7000000000000002,70.00000000000001,stratified,rf_v1,kg4_v1,postgame_v1,Data/daily_pipeline/models/2026-09-05/pitchers/690279.joblib,Data/daily_pipeline/predictions/postgame/2026-09-05/824310_690279.csv,Data/daily_pipeline/predictions/postgame/2026-09-05/824310_690279.json,2026-09-06T17:44:42.991402+00:00
2026-09-05,2026,824310,669461,Matthew Liberatore,Colorado Rockies,69,21,13,0.3043478260869565,0.1884057971014492,0.1159420289855072,11.594202898550726,0.6153846153846154,61.53846153846154,stratified,rf_v1,kg4_v1,postgame_v1,Data/daily_pipeline/models/2026-09-05/pitchers/669461.joblib,Data/daily_pipeline/predictions/postgame/2026-09-05/824310_669461.csv,Data/daily_pipeline/predictions/postgame/2026-09-05/824310_669461.json,2026-09-06T17:44:37.841546+00:00
2026-09-05,2026,824389,664285,Framber Valdez,Cleveland Guardians,94,42,33,0.4468085106382978,0.351063829787234,0.0957446808510638,9.57446808510638,0.2727272727272726,27.272727272727263,stratified,rf_v1,kg4_v1,postgame_v1,Data/daily_pipeline/models/2026-09-05/pitchers/664285.joblib,Data/daily_pipeline/predictions/postgame/2026-09-05/824389_664285.csv,Data/daily_pipeline/predictions/postgame/2026-09-05/824389_664285.json,2026-09-06T17:32:15.932693+00:00
2026-09-05,2026,824389,800048,Parker Messick,Detroit Tigers,103,62,28,0.6019417475728155,0.2718446601941747,0.3300970873786407,33.009708737864074,1.2142857142857142,121.42857142857142,stratified,rf_v1,kg4_v1,postgame_v1,Data/daily_pipeline/models/2026-09-05/pitchers/800048.joblib,Data/daily_pipeline/predictions/postgame/2026-09-05/824389_800048.csv,Data/daily_pipeline/predictions/postgame/2026-09-05/824389_800048.json,2026-09-06T17:32:28.449353+00:00
2026-09-05,2026,824468,671096,Andrew Abbott,Milwaukee Brewers,58,26,23,0.4482758620689655,0.396551724137931,0.0517241379310344,5.172413793103448,0.1304347826086956,13.043478260869565,stratified,rf_v1,kg4_v1,postgame_v1,Data/daily_pipeline/models/2026-09-05/pitchers/671096.joblib,Data/daily_pipeline/predictions/postgame/2026-09-05/824468_671096.csv,Data/daily_pipeline/predictions/postgame/2026-09-05/824468_671096.json,2026-09-06T17:34:08.776904+00:00
2026-09-05,2026,824468,669160,Dustin May,Cincinnati Reds,56,21,11,0.375,0.1964285714285714,0.1785714285714285,17.857142857142858,0.9090909090909092,90.90909090909092,stratified,rf_v1,kg4_v1,postgame_v1,Data/daily_pipeline/models/2026-09-05/pitchers/669160.joblib,Data/daily_pipeline/predictions/postgame/2026-09-05/824468_669160.csv,Data/daily_pipeline/predictions/postgame/2026-09-05/824468_669160.json,2026-09-06T17:33:46.162805+00:00
2026-09-05,2026,824553,641743,Anthony Kay,Minnesota Twins,82,29,16,0.3536585365853658,0.1951219512195122,0.1585365853658536,15.853658536585364,0.8124999999999999,81.24999999999999,stratified,rf_v1,kg4_v1,postgame_v1,Data/daily_pipeline/models/2026-09-05/pitchers/641743.joblib,Data/daily_pipeline/predictions/postgame/2026-09-05/824553_641743.csv,Data/daily_pipeline/predictions/postgame/2026-09-05/824553_641743.json,2026-09-06T17:40:51.646538+00:00
2026-09-05,2026,824553,671737,Taj Bradley,Chicago White Sox,80,41,25,0.5125,0.3125,0.1999999999999999,20.0,0.6399999999999999,63.99999999999999,stratified,rf_v1,kg4_v1,postgame_v1,Data/daily_pipeline/models/2026-09-05/pitchers/671737.joblib,Data/daily_pipeline/predictions/postgame/2026-09-05/824553_671737.csv,Data/daily_pipeline/predictions/postgame/2026-09-05/824553_671737.json,2026-09-06T17:40:36.657706+00:00
2026-09-05,2026,824795,605135,Chris Bassitt,Boston Red Sox,91,39,16,0.4285714285714285,0.1758241758241758,0.2527472527472527,25.27472527472528,1.4374999999999998,143.74999999999997,stratified,rf_v1,kg4_v1,postgame_v1,Data/daily_pipeline/models/2026-09-05/pitchers/605135.joblib,Data/daily_pipeline/predictions/postgame/2026-09-05/824795_605135.csv,Data/daily_pipeline/predictions/postgame/2026-09-05/824795_605135.json,2026-09-06T17:36:14.667341+00:00
2026-09-05,2026,824795,543243,Sonny Gray,Baltimore Orioles,92,36,23,0.391304347826087,0.25,0.1413043478260869,14.130434782608695,0.5652173913043479,56.52173913043479,stratified,rf_v1,kg4_v1,postgame_v1,Data/daily_pipeline/models/2026-09-05/pitchers/543243.joblib,Data/daily_pipeline/predictions/postgame/2026-09-05/824795_543243.csv,Data/daily_pipeline/predictions/postgame/2026-09-05/824795_543243.json,2026-09-06T17:35:20.539944+00:00
2026-09-06,2026,822848,693855,Ian Seymour,Texas Rangers,75,20,9,0.2666666666666666,0.12,0.1466666666666666,14.666666666666666,1.2222222222222223,122.22222222222224,stratified,rf_v1,kg4_v1,postgame_v1,Data/daily_pipeline/models/2026-09-06/pitchers/693855.joblib,Data/daily_pipeline/predictions/postgame/2026-09-06/822848_693855.csv,Data/daily_pipeline/predictions/postgame/2026-09-06/822848_693855.json,2026-09-07T19:04:38.610202+00:00
2026-09-06,2026,822848,669022,MacKenzie Gore,Tampa Bay Rays,68,46,32,0.6764705882352942,0.4705882352941176,0.2058823529411765,20.58823529411765,0.4375000000000001,43.750000000000014,stratified,rf_v1,kg4_v1,postgame_v1,Data/daily_pipeline/models/2026-09-06/pitchers/669022.joblib,Data/daily_pipeline/predictions/postgame/2026-09-06/822848_669022.csv,Data/daily_pipeline/predictions/postgame/2026-09-06/822848_669022.json,2026-09-07T19:05:04.293966+00:00
2026-09-06,2026,823091,693433,Bryan Woo,Athletics,102,33,23,0.3235294117647059,0.2254901960784313,0.0980392156862745,9.803921568627452,0.4347826086956522,43.47826086956522,stratified,rf_v1,kg4_v1,postgame_v1,Data/daily_pipeline/models/2026-09-06/pitchers/693433.joblib,Data/daily_pipeline/predictions/postgame/2026-09-06/823091_693433.csv,Data/daily_pipeline/predictions/postgame/2026-09-06/823091_693433.json,2026-09-07T19:05:56.403608+00:00
2026-09-06,2026,823091,695611,Gage Jump,Seattle Mariners,82,42,23,0.5121951219512195,0.2804878048780488,0.2317073170731707,23.17073170731707,0.826086956521739,82.6086956521739,stratified,rf_v1,kg4_v1,postgame_v1,Data/daily_pipeline/models/2026-09-06/pitchers/695611.joblib,Data/daily_pipeline/predictions/postgame/2026-09-06/823091_695611.csv,Data/daily_pipeline/predictions/postgame/2026-09-06/823091_695611.json,2026-09-07T19:05:37.444148+00:00
2026-09-06,2026,823253,543037,Gerrit Cole,San Diego Padres,84,43,29,0.5119047619047619,0.3452380952380952,0.1666666666666666,16.666666666666664,0.4827586206896551,48.27586206896551,stratified,rf_v1,kg4_v1,postgame_v1,Data/daily_pipeline/models/2026-09-06/pitchers/543037.joblib,Data/daily_pipeline/predictions/postgame/2026-09-06/823253_543037.csv,Data/daily_pipeline/predictions/postgame/2026-09-06/823253_543037.json,2026-09-07T19:06:56.822311+00:00
2026-09-06,2026,823253,650633,Michael King,New York Yankees,96,34,19,0.3541666666666667,0.1979166666666666,0.15625,15.625000000000004,0.7894736842105264,78.94736842105264,stratified,rf_v1,kg4_v1,postgame_v1,Data/daily_pipeline/models/2026-09-06/pitchers/650633.joblib,Data/daily_pipeline/predictions/postgame/2026-09-06/823253_650633.csv,Data/daily_pipeline/predictions/postgame/2026-09-06/823253_650633.json,2026-09-07T19:07:22.882064+00:00
2026-09-06,2026,823336,694973,Paul Skenes,Los Angeles Angels,87,35,25,0.4022988505747126,0.2873563218390804,0.1149425287356322,11.49425287356322,0.4000000000000001,40.000000000000014,stratified,rf_v1,kg4_v1,postgame_v1,Data/daily_pipeline/models/2026-09-06/pitchers/694973.joblib,Data/daily_pipeline/predictions/postgame/2026-09-06/823336_694973.csv,Data/daily_pipeline/predictions/postgame/2026-09-06/823336_694973.json,2026-09-07T19:01:36.825845+00:00
2026-09-06,2026,823336,700712,Walbert Ureña,Pittsburgh Pirates,88,49,22,0.5568181818181818,0.25,0.3068181818181817,30.681818181818176,1.227272727272727,122.7272727272727,stratified,rf_v1,kg4_v1,postgame_v1,Data/daily_pipeline/models/2026-09-06/pitchers/700712.joblib,Data/daily_pipeline/predictions/postgame/2026-09-06/823336_700712.csv,Data/daily_pipeline/predictions/postgame/2026-09-06/823336_700712.json,2026-09-07T19:01:17.534661+00:00
2026-09-06,2026,823417,605400,Aaron Nola,Atlanta Braves,93,38,24,0.4086021505376344,0.2580645161290322,0.1505376344086021,15.053763440860218,0.5833333333333335,58.33333333333335,stratified,rf_v1,kg4_v1,postgame_v1,Data/daily_pipeline/models/2026-09-06/pitchers/605400.joblib,Data/daily_pipeline/predictions/postgame/2026-09-06/823417_605400.csv,Data/daily_pipeline/predictions/postgame/2026-09-06/823417_605400.json,2026-09-07T19:00:35.447291+00:00
2026-09-06,2026,823417,641816,Tyler Mahle,Philadelphia Phillies,94,45,23,0.4787234042553192,0.2446808510638297,0.2340425531914894,23.40425531914894,0.9565217391304348,95.6521739130435,stratified,rf_v1,kg4_v1,postgame_v1,Data/daily_pipeline/models/2026-09-06/pitchers/641816.joblib,Data/daily_pipeline/predictions/postgame/2026-09-06/823417_641816.csv,Data/daily_pipeline/predictions/postgame/2026-09-06/823417_641816.json,2026-09-07T18:59:32.799549+00:00
2026-09-06,2026,823578,681035,Christian Scott,San Francisco Giants,80,47,30,0.5875,0.375,0.2125,21.250000000000004,0.5666666666666668,56.66666666666668,stratified,rf_v1,kg4_v1,postgame_v1,Data/daily_pipeline/models/2026-09-06/pitchers/681035.joblib,Data/daily_pipeline/predictions/postgame/2026-09-06/823578_681035.csv,Data/daily_pipeline/predictions/postgame/2026-09-06/823578_681035.json,2026-09-07T19:02:16.765533+00:00
2026-09-06,2026,823822,605280,Clay Holmes,Miami Marlins,80,44,23,0.55,0.2875,0.2625,26.250000000000007,0.9130434782608698,91.30434782608698,stratified,rf_v1,kg4_v1,postgame_v1,Data/daily_pipeline/models/2026-09-06/pitchers/605280.joblib,Data/daily_pipeline/predictions/postgame/2026-09-06/823822_605280.csv,Data/daily_pipeline/predictions/postgame/2026-09-06/823822_605280.json,2026-09-07T19:02:43.920993+00:00
2026-09-06,2026,823822,663969,Tyler Phillips,Chicago Cubs,76,19,15,0.25,0.1973684210526315,0.0526315789473684,5.263157894736842,0.2666666666666666,26.666666666666668,stratified,rf_v1,kg4_v1,postgame_v1,Data/daily_pipeline/models/2026-09-06/pitchers/663969.joblib,Data/daily_pipeline/predictions/postgame/2026-09-06/823822_663969.csv,Data/daily_pipeline/predictions/postgame/2026-09-06/823822_663969.json,2026-09-07T19:02:55.518549+00:00
2026-09-06,2026,823903,674841,Andrew Alvarez,Los Angeles Dodgers,78,26,18,0.3333333333333333,0.2307692307692307,0.1025641025641025,10.256410256410254,0.4444444444444443,44.44444444444443,stratified,rf_v1,kg4_v1,postgame_v1,Data/daily_pipeline/models/2026-09-06/pitchers/674841.joblib,Data/daily_pipeline/predictions/postgame/2026-09-06/823903_674841.csv,Data/daily_pipeline/predictions/postgame/2026-09-06/823903_674841.json,2026-09-07T19:08:05.686240+00:00
2026-09-06,2026,823903,680736,Justin Wrobleski,Washington Nationals,73,31,26,0.4246575342465753,0.3561643835616438,0.0684931506849315,6.849315068493151,0.1923076923076923,19.23076923076924,stratified,rf_v1,kg4_v1,postgame_v1,Data/daily_pipeline/models/2026-09-06/pitchers/680736.joblib,Data/daily_pipeline/predictions/postgame/2026-09-06/823903_680736.csv,Data/daily_pipeline/predictions/postgame/2026-09-06/823903_680736.json,2026-09-07T19:08:17.697439+00:00
2026-09-06,2026,824065,677976,Randy Dobnak,Toronto Blue Jays,83,35,20,0.4216867469879518,0.2409638554216867,0.1807228915662651,18.07228915662651,0.7500000000000001,75.00000000000001,stratified,rf_v1,kg4_v1,postgame_v1,Data/daily_pipeline/models/2026-09-06/pitchers/677976.joblib,Data/daily_pipeline/predictions/postgame/2026-09-06/824065_677976.csv,Data/daily_pipeline/predictions/postgame/2026-09-06/824065_677976.json,2026-09-07T19:04:28.199676+00:00
2026-09-06,2026,824065,681293,Spencer Arrighetti,Kansas City Royals,91,24,13,0.2637362637362637,0.1428571428571428,0.1208791208791209,12.08791208791209,0.8461538461538463,84.61538461538463,stratified,rf_v1,kg4_v1,postgame_v1,Data/daily_pipeline/models/2026-09-06/pitchers/681293.joblib,Data/daily_pipeline/predictions/postgame/2026-09-06/824065_681293.csv,Data/daily_pipeline/predictions/postgame/2026-09-06/824065_681293.json,2026-09-07T19:04:16.707550+00:00
2026-09-06,2026,824142,593958,Eduardo Rodriguez,Houston Astros,96,48,30,0.5,0.3125,0.1875,18.75,0.6,60.0,stratified,rf_v1,kg4_v1,postgame_v1,Data/daily_pipeline/models/2026-09-06/pitchers/593958.joblib,Data/daily_pipeline/predictions/postgame/2026-09-06/824142_593958.csv,Data/daily_pipeline/predictions/postgame/2026-09-06/824142_593958.json,2026-09-07T19:03:45.880719+00:00
2026-09-06,2026,824142,663567,Peter Lambert,Arizona Diamondbacks,98,27,16,0.2755102040816326,0.1632653061224489,0.1122448979591836,11.224489795918366,0.6875,68.75,stratified,rf_v1,kg4_v1,postgame_v1,Data/daily_pipeline/models/2026-09-06/pitchers/663567.joblib,Data/daily_pipeline/predictions/postgame/2026-09-06/824142_663567.csv,Data/daily_pipeline/predictions/postgame/2026-09-06/824142_663567.json,2026-09-07T19:04:02.944620+00:00
2026-09-06,2026,824309,681517,Kyle Leahy,Colorado Rockies,55,15,13,0.2727272727272727,0.2363636363636363,0.0363636363636363,3.636363636363635,0.1538461538461537,15.384615384615378,stratified,rf_v1,kg4_v1,postgame_v1,Data/daily_pipeline/models/2026-09-06/pitchers/681517.joblib,Data/daily_pipeline/predictions/postgame/2026-09-06/824309_681517.csv,Data/daily_pipeline/predictions/postgame/2026-09-06/824309_681517.json,2026-09-07T19:05:17.145594+00:00
2026-09-06,2026,824309,685299,Tanner Gordon,St. Louis Cardinals,80,33,17,0.4125,0.2125,0.1999999999999999,20.0,0.9411764705882352,94.11764705882352,stratified,rf_v1,kg4_v1,postgame_v1,Data/daily_pipeline/models/2026-09-06/pitchers/685299.joblib,Data/daily_pipeline/predictions/postgame/2026-09-06/824309_685299.csv,Data/daily_pipeline/predictions/postgame/2026-09-06/824309_685299.json,2026-09-07T19:05:27.771900+00:00
2026-09-06,2026,824385,668909,Gavin Williams,Detroit Tigers,99,26,24,0.2626262626262626,0.2424242424242424,0.0202020202020202,2.020202020202022,0.0833333333333334,8.333333333333341,stratified,rf_v1,kg4_v1,postgame_v1,Data/daily_pipeline/models/2026-09-06/pitchers/668909.joblib,Data/daily_pipeline/predictions/postgame/2026-09-06/824385_668909.csv,Data/daily_pipeline/predictions/postgame/2026-09-06/824385_668909.json,2026-09-07T19:02:05.826064+00:00
2026-09-06,2026,824385,695549,Jackson Jobe,Cleveland Guardians,93,38,19,0.4086021505376344,0.2043010752688172,0.2043010752688172,20.43010752688172,1.0,100.0,stratified,rf_v1,kg4_v1,postgame_v1,Data/daily_pipeline/models/2026-09-06/pitchers/695549.joblib,Data/daily_pipeline/predictions/postgame/2026-09-06/824385_695549.csv,Data/daily_pipeline/predictions/postgame/2026-09-06/824385_695549.json,2026-09-07T19:01:45.946912+00:00
2026-09-06,2026,824469,663903,Brady Singer,Milwaukee Brewers,97,62,44,0.6391752577319587,0.4536082474226804,0.1855670103092783,18.55670103092783,0.409090909090909,40.9090909090909,stratified,rf_v1,kg4_v1,postgame_v1,Data/daily_pipeline/models/2026-09-06/pitchers/663903.joblib,Data/daily_pipeline/predictions/postgame/2026-09-06/824469_663903.csv,Data/daily_pipeline/predictions/postgame/2026-09-06/824469_663903.json,2026-09-07T18:58:58.979404+00:00
2026-09-06,2026,824469,690986,Kyle Harrison,Cincinnati Reds,93,42,35,0.4516129032258064,0.3763440860215054,0.075268817204301,7.526881720430106,0.1999999999999999,20.0,stratified,rf_v1,kg4_v1,postgame_v1,Data/daily_pipeline/models/2026-09-06/pitchers/690986.joblib,Data/daily_pipeline/predictions/postgame/2026-09-06/824469_690986.csv,Data/daily_pipeline/predictions/postgame/2026-09-06/824469_690986.json,2026-09-07T18:58:24.818872+00:00
2026-09-06,2026,824552,641927,Bailey Ober,Chicago White Sox,84,27,16,0.3214285714285714,0.1904761904761904,0.130952380952381,13.095238095238098,0.6875000000000002,68.75000000000003,stratified,rf_v1,kg4_v1,postgame_v1,Data/daily_pipeline/models/2026-09-06/pitchers/641927.joblib,Data/daily_pipeline/predictions/postgame/2026-09-06/824552_641927.csv,Data/daily_pipeline/predictions/postgame/2026-09-06/824552_641927.json,2026-09-07T19:07:45.589233+00:00
2026-09-06,2026,824552,663542,Bryan Hudson,Minnesota Twins,18,10,8,0.5555555555555556,0.4444444444444444,0.1111111111111111,11.111111111111116,0.2500000000000001,25.00000000000001,stratified,rf_v1,kg4_v1,postgame_v1,Data/daily_pipeline/models/2026-09-06/pitchers/663542.joblib,Data/daily_pipeline/predictions/postgame/2026-09-06/824552_663542.csv,Data/daily_pipeline/predictions/postgame/2026-09-06/824552_663542.json,2026-09-07T19:07:54.504216+00:00
2026-09-06,2026,824794,680694,Kyle Bradish,Boston Red Sox,85,33,26,0.388235294117647,0.3058823529411765,0.0823529411764705,8.235294117647058,0.2692307692307691,26.92307692307692,stratified,rf_v1,kg4_v1,postgame_v1,Data/daily_pipeline/models/2026-09-06/pitchers/680694.joblib,Data/daily_pipeline/predictions/postgame/2026-09-06/824794_680694.csv,Data/daily_pipeline/predictions/postgame/2026-09-06/824794_680694.json,2026-09-07T19:01:06.152354+00:00
2026-09-06,2026,824794,801139,Payton Tolle,Baltimore Orioles,91,42,25,0.4615384615384615,0.2747252747252747,0.1868131868131868,18.68131868131868,0.6799999999999999,68.0,stratified,rf_v1,kg4_v1,postgame_v1,Data/daily_pipeline/models/2026-09-06/pitchers/801139.joblib,Data/daily_pipeline/predictions/postgame/2026-09-06/824794_801139.csv,Data/daily_pipeline/predictions/postgame/2026-09-06/824794_801139.json,2026-09-07T19:00:46.056209+00:00
2026-09-07,2026,823175,657277,Logan Webb,St. Louis Cardinals,99,34,27,0.3434343434343434,0.2727272727272727,0.0707070707070707,7.070707070707072,0.2592592592592593,25.92592592592593,stratified,rf_v1,kg4_v1,postgame_v1,Data/daily_pipeline/models/2026-09-07/pitchers/657277.joblib,Data/daily_pipeline/predictions/postgame/2026-09-07/823175_657277.csv,Data/daily_pipeline/predictions/postgame/2026-09-07/823175_657277.json,2026-09-08T18:23:06.673955+00:00
2026-09-07,2026,823175,700241,Michael McGreevy,San Francisco Giants,105,43,10,0.4095238095238095,0.0952380952380952,0.3142857142857143,31.428571428571427,3.3000000000000003,330.0,stratified,rf_v1,kg4_v1,postgame_v1,Data/daily_pipeline/models/2026-09-07/pitchers/700241.joblib,Data/daily_pipeline/predictions/postgame/2026-09-07/823175_700241.csv,Data/daily_pipeline/predictions/postgame/2026-09-07/823175_700241.json,2026-09-08T18:22:22.063885+00:00
2026-09-07,2026,823254,663623,Jake Irvin,San Diego Padres,102,38,32,0.3725490196078431,0.3137254901960784,0.0588235294117647,5.882352941176472,0.1875,18.750000000000007,stratified,rf_v1,kg4_v1,postgame_v1,Data/daily_pipeline/models/2026-09-07/pitchers/663623.joblib,Data/daily_pipeline/predictions/postgame/2026-09-07/823254_663623.csv,Data/daily_pipeline/predictions/postgame/2026-09-07/823254_663623.json,2026-09-08T18:21:23.360202+00:00
2026-09-07,2026,823254,601713,Nick Pivetta,Washington Nationals,63,24,20,0.3809523809523809,0.3174603174603174,0.0634920634920634,6.349206349206349,0.2,20.0,stratified,rf_v1,kg4_v1,postgame_v1,Data/daily_pipeline/models/2026-09-07/pitchers/601713.joblib,Data/daily_pipeline/predictions/postgame/2026-09-07/823254_601713.csv,Data/daily_pipeline/predictions/postgame/2026-09-07/823254_601713.json,2026-09-08T18:22:09.382065+00:00
2026-09-07,2026,823415,656550,Grant Holmes,Philadelphia Phillies,89,28,25,0.3146067415730337,0.2808988764044944,0.0337078651685393,3.3707865168539297,0.1199999999999998,11.99999999999999,stratified,rf_v1,kg4_v1,postgame_v1,Data/daily_pipeline/models/2026-09-07/pitchers/656550.joblib,Data/daily_pipeline/predictions/postgame/2026-09-07/823415_656550.csv,Data/daily_pipeline/predictions/postgame/2026-09-07/823415_656550.json,2026-09-08T18:16:23.671652+00:00
2026-09-07,2026,823415,666200,Jesús Luzardo,Atlanta Braves,109,45,22,0.4128440366972477,0.2018348623853211,0.2110091743119266,21.100917431192663,1.0454545454545454,104.54545454545456,stratified,rf_v1,kg4_v1,postgame_v1,Data/daily_pipeline/models/2026-09-07/pitchers/666200.joblib,Data/daily_pipeline/predictions/postgame/2026-09-07/823415_666200.csv,Data/daily_pipeline/predictions/postgame/2026-09-07/823415_666200.json,2026-09-08T18:17:00.143767+00:00
2026-09-07,2026,823742,571510,Matthew Boyd,Milwaukee Brewers,100,42,24,0.42,0.24,0.18,18.0,0.75,75.0,stratified,rf_v1,kg4_v1,postgame_v1,Data/daily_pipeline/models/2026-09-07/pitchers/571510.joblib,Data/daily_pipeline/predictions/postgame/2026-09-07/823742_571510.csv,Data/daily_pipeline/predictions/postgame/2026-09-07/823742_571510.json,2026-09-08T18:20:16.448544+00:00
2026-09-07,2026,823742,688107,Robert Gasser,Chicago Cubs,83,34,21,0.4096385542168674,0.253012048192771,0.1566265060240964,15.66265060240964,0.6190476190476191,61.90476190476191,stratified,rf_v1,kg4_v1,postgame_v1,Data/daily_pipeline/models/2026-09-07/pitchers/688107.joblib,Data/daily_pipeline/predictions/postgame/2026-09-07/823742_688107.csv,Data/daily_pipeline/predictions/postgame/2026-09-07/823742_688107.json,2026-09-08T18:20:26.810941+00:00
2026-09-07,2026,823820,691587,Eury Pérez,New York Mets,92,26,26,0.2826086956521739,0.2826086956521739,0.0,0.0,0.0,0.0,stratified,rf_v1,kg4_v1,postgame_v1,Data/daily_pipeline/models/2026-09-07/pitchers/691587.joblib,Data/daily_pipeline/predictions/postgame/2026-09-07/823820_691587.csv,Data/daily_pipeline/predictions/postgame/2026-09-07/823820_691587.json,2026-09-08T18:17:24.127684+00:00
2026-09-07,2026,823820,804636,Jonah Tong,Miami Marlins,87,27,25,0.3103448275862069,0.2873563218390804,0.0229885057471264,2.298850574712646,0.0800000000000001,8.00000000000001,stratified,rf_v1,kg4_v1,postgame_v1,Data/daily_pipeline/models/2026-09-07/pitchers/804636.joblib,Data/daily_pipeline/predictions/postgame/2026-09-07/823820_804636.csv,Data/daily_pipeline/predictions/postgame/2026-09-07/823820_804636.json,2026-09-08T18:17:08.053557+00:00
2026-09-07,2026,823902,695505,Chase Burns,Los Angeles Dodgers,44,25,19,0.5681818181818182,0.4318181818181818,0.1363636363636364,13.63636363636364,0.3157894736842106,31.578947368421066,stratified,rf_v1,kg4_v1,postgame_v1,Data/daily_pipeline/models/2026-09-07/pitchers/695505.joblib,Data/daily_pipeline/predictions/postgame/2026-09-07/823902_695505.csv,Data/daily_pipeline/predictions/postgame/2026-09-07/823902_695505.json,2026-09-08T18:23:17.898789+00:00
2026-09-07,2026,823902,686218,Emmet Sheehan,Cincinnati Reds,82,33,22,0.4024390243902439,0.2682926829268293,0.1341463414634146,13.414634146341465,0.5,50.0,stratified,rf_v1,kg4_v1,postgame_v1,Data/daily_pipeline/models/2026-09-07/pitchers/686218.joblib,Data/daily_pipeline/predictions/postgame/2026-09-07/823902_686218.csv,Data/daily_pipeline/predictions/postgame/2026-09-07/823902_686218.json,2026-09-08T18:23:31.056534+00:00
2026-09-07,2026,824062,571882,Derek Law,Kansas City Royals,19,12,5,0.631578947368421,0.2631578947368421,0.3684210526315789,36.84210526315789,1.4,140.0,stratified,rf_v1,kg4_v1,postgame_v1,Data/daily_pipeline/models/2026-09-07/pitchers/571882.joblib,Data/daily_pipeline/predictions/postgame/2026-09-07/824062_571882.csv,Data/daily_pipeline/predictions/postgame/2026-09-07/824062_571882.json,2026-09-08T18:19:12.135621+00:00
2026-09-07,2026,824062,702070,Noah Cameron,Arizona Diamondbacks,99,29,18,0.2929292929292929,0.1818181818181818,0.1111111111111111,11.11111111111111,0.611111111111111,61.11111111111111,stratified,rf_v1,kg4_v1,postgame_v1,Data/daily_pipeline/models/2026-09-07/pitchers/702070.joblib,Data/daily_pipeline/predictions/postgame/2026-09-07/824062_702070.csv,Data/daily_pipeline/predictions/postgame/2026-09-07/824062_702070.json,2026-09-08T18:19:29.951471+00:00
2026-09-07,2026,824229,657746,Joe Ryan,Detroit Tigers,66,24,15,0.3636363636363636,0.2272727272727272,0.1363636363636363,13.636363636363638,0.6000000000000001,60.00000000000001,stratified,rf_v1,kg4_v1,postgame_v1,Data/daily_pipeline/models/2026-09-07/pitchers/657746.joblib,Data/daily_pipeline/predictions/postgame/2026-09-07/824229_657746.csv,Data/daily_pipeline/predictions/postgame/2026-09-07/824229_657746.json,2026-09-08T18:20:53.518761+00:00
2026-09-07,2026,824229,675512,Troy Melton,Minnesota Twins,91,24,18,0.2637362637362637,0.1978021978021978,0.0659340659340659,6.593406593406595,0.3333333333333334,33.33333333333334,stratified,rf_v1,kg4_v1,postgame_v1,Data/daily_pipeline/models/2026-09-07/pitchers/675512.joblib,Data/daily_pipeline/predictions/postgame/2026-09-07/824229_675512.csv,Data/daily_pipeline/predictions/postgame/2026-09-07/824229_675512.json,2026-09-08T18:21:02.945706+00:00
2026-09-07,2026,824715,678394,Brayan Bello,Los Angeles Angels,103,51,22,0.4951456310679611,0.2135922330097087,0.2815533980582524,28.155339805825243,1.318181818181818,131.8181818181818,stratified,rf_v1,kg4_v1,postgame_v1,Data/daily_pipeline/models/2026-09-07/pitchers/678394.joblib,Data/daily_pipeline/predictions/postgame/2026-09-07/824715_678394.csv,Data/daily_pipeline/predictions/postgame/2026-09-07/824715_678394.json,2026-09-08T18:18:07.284393+00:00
2026-09-07,2026,824715,680570,Grayson Rodriguez,Boston Red Sox,82,38,25,0.4634146341463415,0.3048780487804878,0.1585365853658537,15.85365853658537,0.5200000000000001,52.000000000000014,stratified,rf_v1,kg4_v1,postgame_v1,Data/daily_pipeline/models/2026-09-07/pitchers/680570.joblib,Data/daily_pipeline/predictions/postgame/2026-09-07/824715_680570.csv,Data/daily_pipeline/predictions/postgame/2026-09-07/824715_680570.json,2026-09-08T18:17:43.777974+00:00
2026-09-07,2026,824793,676282,Joey Cantillo,Baltimore Orioles,72,39,11,0.5416666666666666,0.1527777777777778,0.3888888888888888,38.888888888888886,2.545454545454545,254.5454545454545,stratified,rf_v1,kg4_v1,postgame_v1,Data/daily_pipeline/models/2026-09-07/pitchers/676282.joblib,Data/daily_pipeline/predictions/postgame/2026-09-07/824793_676282.csv,Data/daily_pipeline/predictions/postgame/2026-09-07/824793_676282.json,2026-09-08T18:18:22.786625+00:00
2026-09-07,2026,824793,669432,Trevor Rogers,Cleveland Guardians,104,53,30,0.5096153846153846,0.2884615384615384,0.2211538461538461,22.115384615384613,0.7666666666666667,76.66666666666667,stratified,rf_v1,kg4_v1,postgame_v1,Data/daily_pipeline/models/2026-09-07/pitchers/669432.joblib,Data/daily_pipeline/predictions/postgame/2026-09-07/824793_669432.csv,Data/daily_pipeline/predictions/postgame/2026-09-07/824793_669432.json,2026-09-08T18:18:53.487590+00:00
2026-09-07,2026,824958,656302,Dylan Cease,Athletics,94,40,36,0.425531914893617,0.3829787234042553,0.0425531914893617,4.255319148936171,0.1111111111111111,11.111111111111112,stratified,rf_v1,kg4_v1,postgame_v1,Data/daily_pipeline/models/2026-09-07/pitchers/656302.joblib,Data/daily_pipeline/predictions/postgame/2026-09-07/824958_656302.csv,Data/daily_pipeline/predictions/postgame/2026-09-07/824958_656302.json,2026-09-08T18:24:14.707842+00:00
2026-09-07,2026,824958,682052,Jacob Lopez,Toronto Blue Jays,93,47,30,0.5053763440860215,0.3225806451612903,0.1827956989247312,18.27956989247312,0.5666666666666667,56.66666666666666,stratified,rf_v1,kg4_v1,postgame_v1,Data/daily_pipeline/models/2026-09-07/pitchers/682052.joblib,Data/daily_pipeline/predictions/postgame/2026-09-07/824958_682052.csv,Data/daily_pipeline/predictions/postgame/2026-09-07/824958_682052.json,2026-09-08T18:24:28.134798+00:00
2026-09-08,2026,823092,682243,Bryce Miller,Texas Rangers,84,42,20,0.5,0.238095238095238,0.2619047619047619,26.1904761904762,1.1,110.0,stratified,rf_v1,kg4_v1,postgame_v1,Data/daily_pipeline/models/2026-09-08/pitchers/682243.joblib,Data/daily_pipeline/predictions/postgame/2026-09-08/823092_682243.csv,Data/daily_pipeline/predictions/postgame/2026-09-08/823092_682243.json,2026-09-09T18:25:42.458461+00:00
2026-09-08,2026,823092,615698,Cal Quantrill,Seattle Mariners,93,32,16,0.3440860215053763,0.1720430107526881,0.1720430107526881,17.20430107526882,1.0,100.0,stratified,rf_v1,kg4_v1,postgame_v1,Data/daily_pipeline/models/2026-09-08/pitchers/615698.joblib,Data/daily_pipeline/predictions/postgame/2026-09-08/823092_615698.csv,Data/daily_pipeline/predictions/postgame/2026-09-08/823092_615698.json,2026-09-09T18:25:21.628208+00:00
2026-09-08,2026,823174,694738,Landen Roupp,St. Louis Cardinals,81,30,10,0.3703703703703703,0.1234567901234567,0.2469135802469135,24.69135802469136,2.0,200.0,stratified,rf_v1,kg4_v1,postgame_v1,Data/daily_pipeline/models/2026-09-08/pitchers/694738.joblib,Data/daily_pipeline/predictions/postgame/2026-09-08/823174_694738.csv,Data/daily_pipeline/predictions/postgame/2026-09-08/823174_694738.json,2026-09-09T18:26:31.892405+00:00
2026-09-08,2026,823174,687273,Quinn Mathews,San Francisco Giants,99,31,20,0.3131313131313131,0.202020202020202,0.1111111111111111,11.111111111111112,0.5500000000000002,55.000000000000014,stratified,rf_v1,kg4_v1,postgame_v1,Data/daily_pipeline/models/2026-09-08/pitchers/687273.joblib,Data/daily_pipeline/predictions/postgame/2026-09-08/823174_687273.csv,Data/daily_pipeline/predictions/postgame/2026-09-08/823174_687273.json,2026-09-09T18:26:16.807464+00:00
2026-09-08,2026,823250,663554,Casey Mize,Washington Nationals,90,40,22,0.4444444444444444,0.2444444444444444,0.1999999999999999,20.0,0.8181818181818181,81.81818181818181,stratified,rf_v1,kg4_v1,postgame_v1,Data/daily_pipeline/models/2026-09-08/pitchers/663554.joblib,Data/daily_pipeline/predictions/postgame/2026-09-08/823250_663554.csv,Data/daily_pipeline/predictions/postgame/2026-09-08/823250_663554.json,2026-09-09T18:24:45.326576+00:00
2026-09-08,2026,823250,683000,Riley Cornelio,San Diego Padres,36,14,14,0.3888888888888889,0.3888888888888889,0.0,0.0,0.0,0.0,stratified,rf_v1,kg4_v1,postgame_v1,Data/daily_pipeline/models/2026-09-08/pitchers/683000.joblib,Data/daily_pipeline/predictions/postgame/2026-09-08/823250_683000.csv,Data/daily_pipeline/predictions/postgame/2026-09-08/823250_683000.json,2026-09-09T18:24:20.400933+00:00
2026-09-08,2026,823414,691725,Andrew Painter,Houston Astros,98,23,15,0.2346938775510204,0.1530612244897959,0.0816326530612245,8.16326530612245,0.5333333333333333,53.333333333333336,stratified,rf_v1,kg4_v1,postgame_v1,Data/daily_pipeline/models/2026-09-08/pitchers/691725.joblib,Data/daily_pipeline/predictions/postgame/2026-09-08/823414_691725.csv,Data/daily_pipeline/predictions/postgame/2026-09-08/823414_691725.json,2026-09-09T18:17:45.095957+00:00
2026-09-08,2026,823414,669713,Hayden Wesneski,Philadelphia Phillies,82,22,18,0.2682926829268293,0.2195121951219512,0.048780487804878,4.878048780487807,0.2222222222222223,22.22222222222223,stratified,rf_v1,kg4_v1,postgame_v1,Data/daily_pipeline/models/2026-09-08/pitchers/669713.joblib,Data/daily_pipeline/predictions/postgame/2026-09-08/823414_669713.csv,Data/daily_pipeline/predictions/postgame/2026-09-08/823414_669713.json,2026-09-09T18:17:35.517480+00:00
2026-09-08,2026,823500,693645,Cam Schlittler,Colorado Rockies,96,47,31,0.4895833333333333,0.3229166666666667,0.1666666666666666,16.666666666666664,0.5161290322580644,51.61290322580644,stratified,rf_v1,kg4_v1,postgame_v1,Data/daily_pipeline/models/2026-09-08/pitchers/693645.joblib,Data/daily_pipeline/predictions/postgame/2026-09-08/823500_693645.csv,Data/daily_pipeline/predictions/postgame/2026-09-08/823500_693645.json,2026-09-09T18:20:34.192414+00:00
2026-09-08,2026,823500,687312,Gabriel Hughes,New York Yankees,79,27,20,0.3417721518987341,0.2531645569620253,0.0886075949367088,8.860759493670884,0.3499999999999998,34.999999999999986,stratified,rf_v1,kg4_v1,postgame_v1,Data/daily_pipeline/models/2026-09-08/pitchers/687312.joblib,Data/daily_pipeline/predictions/postgame/2026-09-08/823500_687312.csv,Data/daily_pipeline/predictions/postgame/2026-09-08/823500_687312.json,2026-09-09T18:20:21.656202+00:00
2026-09-08,2026,823738,656849,David Peterson,Milwaukee Brewers,83,33,25,0.3975903614457831,0.3012048192771084,0.0963855421686746,9.638554216867467,0.3199999999999999,31.99999999999999,stratified,rf_v1,kg4_v1,postgame_v1,Data/daily_pipeline/models/2026-09-08/pitchers/656849.joblib,Data/daily_pipeline/predictions/postgame/2026-09-08/823738_656849.csv,Data/daily_pipeline/predictions/postgame/2026-09-08/823738_656849.json,2026-09-09T18:24:02.988351+00:00
2026-09-08,2026,823738,694819,Jacob Misiorowski,Chicago Cubs,93,63,38,0.6774193548387096,0.4086021505376344,0.2688172043010752,26.88172043010752,0.6578947368421051,65.7894736842105,stratified,rf_v1,kg4_v1,postgame_v1,Data/daily_pipeline/models/2026-09-08/pitchers/694819.joblib,Data/daily_pipeline/predictions/postgame/2026-09-08/823738_694819.csv,Data/daily_pipeline/predictions/postgame/2026-09-08/823738_694819.json,2026-09-09T18:24:15.283718+00:00
2026-09-08,2026,823821,645261,Sandy Alcantara,New York Mets,99,25,13,0.2525252525252525,0.1313131313131313,0.1212121212121212,12.12121212121212,0.923076923076923,92.3076923076923,stratified,rf_v1,kg4_v1,postgame_v1,Data/daily_pipeline/models/2026-09-08/pitchers/645261.joblib,Data/daily_pipeline/predictions/postgame/2026-09-08/823821_645261.csv,Data/daily_pipeline/predictions/postgame/2026-09-08/823821_645261.json,2026-09-09T18:19:24.141511+00:00
2026-09-08,2026,823821,640455,Sean Manaea,Miami Marlins,61,21,10,0.3442622950819672,0.1639344262295081,0.180327868852459,18.0327868852459,1.1,110.0,stratified,rf_v1,kg4_v1,postgame_v1,Data/daily_pipeline/models/2026-09-08/pitchers/640455.joblib,Data/daily_pipeline/predictions/postgame/2026-09-08/823821_640455.csv,Data/daily_pipeline/predictions/postgame/2026-09-08/823821_640455.json,2026-09-09T18:18:34.735440+00:00
2026-09-08,2026,823901,666157,Nick Lodolo,Los Angeles Dodgers,97,33,27,0.3402061855670103,0.2783505154639175,0.0618556701030927,6.185567010309279,0.2222222222222222,22.22222222222222,stratified,rf_v1,kg4_v1,postgame_v1,Data/daily_pipeline/models/2026-09-08/pitchers/666157.joblib,Data/daily_pipeline/predictions/postgame/2026-09-08/823901_666157.csv,Data/daily_pipeline/predictions/postgame/2026-09-08/823901_666157.json,2026-09-09T18:26:53.204408+00:00
2026-09-08,2026,823901,669373,Tarik Skubal,Cincinnati Reds,94,48,23,0.5106382978723404,0.2446808510638297,0.2659574468085106,26.595744680851062,1.0869565217391304,108.69565217391305,stratified,rf_v1,kg4_v1,postgame_v1,Data/daily_pipeline/models/2026-09-08/pitchers/669373.joblib,Data/daily_pipeline/predictions/postgame/2026-09-08/823901_669373.csv,Data/daily_pipeline/predictions/postgame/2026-09-08/823901_669373.json,2026-09-09T18:27:26.537424+00:00
2026-09-08,2026,824063,669203,Corbin Burnes,Kansas City Royals,57,32,18,0.5614035087719298,0.3157894736842105,0.2456140350877192,24.561403508771928,0.7777777777777778,77.77777777777779,stratified,rf_v1,kg4_v1,postgame_v1,Data/daily_pipeline/models/2026-09-08/pitchers/669203.joblib,Data/daily_pipeline/predictions/postgame/2026-09-08/824063_669203.csv,Data/daily_pipeline/predictions/postgame/2026-09-08/824063_669203.json,2026-09-09T18:22:03.367335+00:00
2026-09-08,2026,824063,608379,Michael Wacha,Arizona Diamondbacks,93,39,17,0.4193548387096774,0.1827956989247312,0.2365591397849462,23.655913978494624,1.2941176470588236,129.41176470588235,stratified,rf_v1,kg4_v1,postgame_v1,Data/daily_pipeline/models/2026-09-08/pitchers/608379.joblib,Data/daily_pipeline/predictions/postgame/2026-09-08/824063_608379.csv,Data/daily_pipeline/predictions/postgame/2026-09-08/824063_608379.json,2026-09-09T18:23:06.699913+00:00
2026-09-08,2026,824228,665152,Dean Kremer,Detroit Tigers,69,34,14,0.4927536231884058,0.2028985507246377,0.2898550724637681,28.98550724637681,1.4285714285714286,142.85714285714286,stratified,rf_v1,kg4_v1,postgame_v1,Data/daily_pipeline/models/2026-09-08/pitchers/665152.joblib,Data/daily_pipeline/predictions/postgame/2026-09-08/824228_665152.csv,Data/daily_pipeline/predictions/postgame/2026-09-08/824228_665152.json,2026-09-09T18:17:08.421218+00:00
2026-09-08,2026,824228,623454,Drew Anderson,Minnesota Twins,86,43,28,0.5,0.3255813953488372,0.1744186046511627,17.441860465116278,0.5357142857142856,53.57142857142856,stratified,rf_v1,kg4_v1,postgame_v1,Data/daily_pipeline/models/2026-09-08/pitchers/623454.joblib,Data/daily_pipeline/predictions/postgame/2026-09-08/824228_623454.csv,Data/daily_pipeline/predictions/postgame/2026-09-08/824228_623454.json,2026-09-09T18:17:22.493033+00:00
2026-09-08,2026,824551,696149,Bubba Chandler,Chicago White Sox,95,49,30,0.5157894736842106,0.3157894736842105,0.2,20.000000000000007,0.6333333333333335,63.33333333333335,stratified,rf_v1,kg4_v1,postgame_v1,Data/daily_pipeline/models/2026-09-08/pitchers/696149.joblib,Data/daily_pipeline/predictions/postgame/2026-09-08/824551_696149.csv,Data/daily_pipeline/predictions/postgame/2026-09-08/824551_696149.json,2026-09-09T18:23:19.617505+00:00
2026-09-08,2026,824551,680732,Sean Burke,Pittsburgh Pirates,48,17,9,0.3541666666666667,0.1875,0.1666666666666666,16.666666666666668,0.888888888888889,88.8888888888889,stratified,rf_v1,kg4_v1,postgame_v1,Data/daily_pipeline/models/2026-09-08/pitchers/680732.joblib,Data/daily_pipeline/predictions/postgame/2026-09-08/824551_680732.csv,Data/daily_pipeline/predictions/postgame/2026-09-08/824551_680732.json,2026-09-09T18:23:34.300954+00:00
2026-09-08,2026,824714,663776,Patrick Sandoval,Los Angeles Angels,99,50,19,0.5050505050505051,0.1919191919191919,0.3131313131313131,31.313131313131315,1.6315789473684212,163.15789473684214,stratified,rf_v1,kg4_v1,postgame_v1,Data/daily_pipeline/models/2026-09-08/pitchers/663776.joblib,Data/daily_pipeline/predictions/postgame/2026-09-08/824714_663776.csv,Data/daily_pipeline/predictions/postgame/2026-09-08/824714_663776.json,2026-09-09T18:20:15.131106+00:00
2026-09-08,2026,824714,672282,Reid Detmers,Boston Red Sox,112,57,36,0.5089285714285714,0.3214285714285714,0.1874999999999999,18.75,0.5833333333333331,58.333333333333314,stratified,rf_v1,kg4_v1,postgame_v1,Data/daily_pipeline/models/2026-09-08/pitchers/672282.joblib,Data/daily_pipeline/predictions/postgame/2026-09-08/824714_672282.csv,Data/daily_pipeline/predictions/postgame/2026-09-08/824714_672282.json,2026-09-09T18:19:47.793123+00:00
2026-09-08,2026,824792,687064,Brandon Young,Cleveland Guardians,86,43,21,0.5,0.2441860465116279,0.2558139534883721,25.58139534883721,1.0476190476190477,104.76190476190476,stratified,rf_v1,kg4_v1,postgame_v1,Data/daily_pipeline/models/2026-09-08/pitchers/687064.joblib,Data/daily_pipeline/predictions/postgame/2026-09-08/824792_687064.csv,Data/daily_pipeline/predictions/postgame/2026-09-08/824792_687064.json,2026-09-09T18:16:39.397029+00:00
2026-09-08,2026,824792,676440,Tanner Bibee,Baltimore Orioles,62,21,9,0.3387096774193548,0.1451612903225806,0.1935483870967741,19.354838709677416,1.333333333333333,133.33333333333331,stratified,rf_v1,kg4_v1,postgame_v1,Data/daily_pipeline/models/2026-09-08/pitchers/676440.joblib,Data/daily_pipeline/predictions/postgame/2026-09-08/824792_676440.csv,Data/daily_pipeline/predictions/postgame/2026-09-08/824792_676440.json,2026-09-09T18:16:27.624108+00:00
2026-09-08,2026,824875,700363,AJ Smith-Shawver,Tampa Bay Rays,81,40,22,0.4938271604938271,0.2716049382716049,0.2222222222222222,22.22222222222222,0.8181818181818182,81.81818181818183,stratified,rf_v1,kg4_v1,postgame_v1,Data/daily_pipeline/models/2026-09-08/pitchers/700363.joblib,Data/daily_pipeline/predictions/postgame/2026-09-08/824875_700363.csv,Data/daily_pipeline/predictions/postgame/2026-09-08/824875_700363.json,2026-09-09T18:21:27.284184+00:00
2026-09-08,2026,824875,642547,Freddy Peralta,Atlanta Braves,92,59,46,0.6413043478260869,0.5,0.1413043478260869,14.130434782608692,0.2826086956521738,28.260869565217384,stratified,rf_v1,kg4_v1,postgame_v1,Data/daily_pipeline/models/2026-09-08/pitchers/642547.joblib,Data/daily_pipeline/predictions/postgame/2026-09-08/824875_642547.csv,Data/daily_pipeline/predictions/postgame/2026-09-08/824875_642547.json,2026-09-09T18:21:17.782957+00:00
2026-09-08,2026,824957,678022,Jack Perkins,Toronto Blue Jays,85,22,19,0.2588235294117647,0.2235294117647059,0.0352941176470588,3.529411764705884,0.1578947368421053,15.789473684210533,stratified,rf_v1,kg4_v1,postgame_v1,Data/daily_pipeline/models/2026-09-08/pitchers/678022.joblib,Data/daily_pipeline/predictions/postgame/2026-09-08/824957_678022.csv,Data/daily_pipeline/predictions/postgame/2026-09-08/824957_678022.json,2026-09-09T18:26:11.458114+00:00
2026-09-08,2026,824957,667755,José Soriano,Athletics,89,39,28,0.4382022471910112,0.3146067415730337,0.1235955056179775,12.359550561797755,0.3928571428571429,39.2857142857143,stratified,rf_v1,kg4_v1,postgame_v1,Data/daily_pipeline/models/2026-09-08/pitchers/667755.joblib,Data/daily_pipeline/predictions/postgame/2026-09-08/824957_667755.csv,Data/daily_pipeline/predictions/postgame/2026-09-08/824957_667755.json,2026-09-09T18:26:01.768047+00:00
2026-09-09,2026,823090,674003,Cody Bradford,Seattle Mariners,63,33,21,0.5238095238095238,0.3333333333333333,0.1904761904761905,19.04761904761905,0.5714285714285716,57.14285714285716,stratified,rf_v1,kg4_v1,postgame_v1,Data/daily_pipeline/models/2026-09-09/pitchers/674003.joblib,Data/daily_pipeline/predictions/postgame/2026-09-09/823090_674003.csv,Data/daily_pipeline/predictions/postgame/2026-09-09/823090_674003.json,2026-09-10T18:02:50.434557+00:00
2026-09-09,2026,823090,807739,Kade Anderson,Texas Rangers,81,35,21,0.4320987654320987,0.2592592592592592,0.1728395061728395,17.28395061728395,0.6666666666666666,66.66666666666666,stratified,rf_v1,kg4_v1,postgame_v1,Data/daily_pipeline/models/2026-09-09/pitchers/807739.joblib,Data/daily_pipeline/predictions/postgame/2026-09-09/823090_807739.csv,Data/daily_pipeline/predictions/postgame/2026-09-09/823090_807739.json,2026-09-10T18:02:54.970398+00:00
2026-09-09,2026,823172,669467,Andre Pallante,San Francisco Giants,88,42,27,0.4772727272727273,0.3068181818181818,0.1704545454545454,17.045454545454547,0.5555555555555556,55.55555555555556,stratified,rf_v1,kg4_v1,postgame_v1,Data/daily_pipeline/models/2026-09-09/pitchers/669467.joblib,Data/daily_pipeline/predictions/postgame/2026-09-09/823172_669467.csv,Data/daily_pipeline/predictions/postgame/2026-09-09/823172_669467.json,2026-09-10T18:01:53.231965+00:00
2026-09-09,2026,823172,694918,Blade Tidwell,St. Louis Cardinals,78,19,22,0.2435897435897435,0.282051282051282,-0.0384615384615384,-3.8461538461538463,-0.1363636363636363,-13.636363636363638,stratified,rf_v1,kg4_v1,postgame_v1,Data/daily_pipeline/models/2026-09-09/pitchers/694918.joblib,Data/daily_pipeline/predictions/postgame/2026-09-09/823172_694918.csv,Data/daily_pipeline/predictions/postgame/2026-09-09/823172_694918.json,2026-09-10T18:02:00.081630+00:00
2026-09-09,2026,823251,800600,Jackson Kent,San Diego Padres,72,18,17,0.25,0.2361111111111111,0.0138888888888888,1.3888888888888895,0.0588235294117647,5.882352941176474,stratified,rf_v1,kg4_v1,postgame_v1,Data/daily_pipeline/models/2026-09-09/pitchers/800600.joblib,Data/daily_pipeline/predictions/postgame/2026-09-09/823251_800600.csv,Data/daily_pipeline/predictions/postgame/2026-09-09/823251_800600.json,2026-09-10T18:02:05.557305+00:00
2026-09-09,2026,823251,621111,Walker Buehler,Washington Nationals,60,21,9,0.35,0.15,0.1999999999999999,20.0,1.3333333333333333,133.33333333333331,stratified,rf_v1,kg4_v1,postgame_v1,Data/daily_pipeline/models/2026-09-09/pitchers/621111.joblib,Data/daily_pipeline/predictions/postgame/2026-09-09/823251_621111.csv,Data/daily_pipeline/predictions/postgame/2026-09-09/823251_621111.json,2026-09-10T18:02:41.041604+00:00
2026-09-09,2026,823416,650911,Cristopher Sánchez,Houston Astros,81,42,21,0.5185185185185185,0.2592592592592592,0.2592592592592592,25.925925925925924,1.0,100.0,stratified,rf_v1,kg4_v1,postgame_v1,Data/daily_pipeline/models/2026-09-09/pitchers/650911.joblib,Data/daily_pipeline/predictions/postgame/2026-09-09/823416_650911.csv,Data/daily_pipeline/predictions/postgame/2026-09-09/823416_650911.json,2026-09-10T18:04:18.676295+00:00
2026-09-09,2026,823416,686613,Hunter Brown,Philadelphia Phillies,90,22,20,0.2444444444444444,0.2222222222222222,0.0222222222222222,2.2222222222222228,0.1,10.000000000000002,stratified,rf_v1,kg4_v1,postgame_v1,Data/daily_pipeline/models/2026-09-09/pitchers/686613.joblib,Data/daily_pipeline/predictions/postgame/2026-09-09/823416_686613.csv,Data/daily_pipeline/predictions/postgame/2026-09-09/823416_686613.json,2026-09-10T18:03:54.296867+00:00
2026-09-09,2026,823497,608372,Tomoyuki Sugano,New York Yankees,99,27,16,0.2727272727272727,0.1616161616161616,0.111111111111111,11.111111111111107,0.6874999999999998,68.74999999999997,stratified,rf_v1,kg4_v1,postgame_v1,Data/daily_pipeline/models/2026-09-09/pitchers/608372.joblib,Data/daily_pipeline/predictions/postgame/2026-09-09/823497_608372.csv,Data/daily_pipeline/predictions/postgame/2026-09-09/823497_608372.json,2026-09-10T18:05:09.337214+00:00
2026-09-09,2026,823497,701542,Will Warren,Colorado Rockies,95,34,23,0.3578947368421052,0.2421052631578947,0.1157894736842105,11.578947368421051,0.4782608695652174,47.82608695652174,stratified,rf_v1,kg4_v1,postgame_v1,Data/daily_pipeline/models/2026-09-09/pitchers/701542.joblib,Data/daily_pipeline/predictions/postgame/2026-09-09/823497_701542.csv,Data/daily_pipeline/predictions/postgame/2026-09-09/823497_701542.json,2026-09-10T18:05:25.314516+00:00
2026-09-09,2026,823739,592332,Kevin Gausman,Milwaukee Brewers,94,52,36,0.5531914893617021,0.3829787234042553,0.1702127659574468,17.021276595744684,0.4444444444444445,44.44444444444445,stratified,rf_v1,kg4_v1,postgame_v1,Data/daily_pipeline/models/2026-09-09/pitchers/592332.joblib,Data/daily_pipeline/predictions/postgame/2026-09-09/823739_592332.csv,Data/daily_pipeline/predictions/postgame/2026-09-09/823739_592332.json,2026-09-10T18:08:59.959765+00:00
2026-09-09,2026,823739,701656,Logan Henderson,Chicago Cubs,95,42,35,0.4421052631578947,0.3684210526315789,0.0736842105263158,7.36842105263158,0.2,20.000000000000004,stratified,rf_v1,kg4_v1,postgame_v1,Data/daily_pipeline/models/2026-09-09/pitchers/701656.joblib,Data/daily_pipeline/predictions/postgame/2026-09-09/823739_701656.csv,Data/daily_pipeline/predictions/postgame/2026-09-09/823739_701656.json,2026-09-10T18:09:08.137741+00:00
2026-09-09,2026,823818,676083,Janson Junk,New York Mets,60,15,10,0.25,0.1666666666666666,0.0833333333333333,8.333333333333334,0.5000000000000001,50.000000000000014,stratified,rf_v1,kg4_v1,postgame_v1,Data/daily_pipeline/models/2026-09-09/pitchers/676083.joblib,Data/daily_pipeline/predictions/postgame/2026-09-09/823818_676083.csv,Data/daily_pipeline/predictions/postgame/2026-09-09/823818_676083.json,2026-09-10T18:04:40.516133+00:00
2026-09-09,2026,823818,476594,Robert Stock,Miami Marlins,80,31,14,0.3875,0.175,0.2125,21.250000000000004,1.2142857142857144,121.42857142857144,stratified,rf_v1,kg4_v1,postgame_v1,Data/daily_pipeline/models/2026-09-09/pitchers/476594.joblib,Data/daily_pipeline/predictions/postgame/2026-09-09/823818_476594.csv,Data/daily_pipeline/predictions/postgame/2026-09-09/823818_476594.json,2026-09-10T18:04:28.434898+00:00
2026-09-09,2026,823900,695076,Rhett Lowder,Los Angeles Dodgers,72,27,18,0.375,0.25,0.125,12.5,0.5,50.0,stratified,rf_v1,kg4_v1,postgame_v1,Data/daily_pipeline/models/2026-09-09/pitchers/695076.joblib,Data/daily_pipeline/predictions/postgame/2026-09-09/823900_695076.csv,Data/daily_pipeline/predictions/postgame/2026-09-09/823900_695076.json,2026-09-10T18:09:18.289788+00:00
2026-09-09,2026,823900,808967,Yoshinobu Yamamoto,Cincinnati Reds,90,24,21,0.2666666666666666,0.2333333333333333,0.0333333333333333,3.3333333333333326,0.1428571428571428,14.285714285714285,stratified,rf_v1,kg4_v1,postgame_v1,Data/daily_pipeline/models/2026-09-09/pitchers/808967.joblib,Data/daily_pipeline/predictions/postgame/2026-09-09/823900_808967.csv,Data/daily_pipeline/predictions/postgame/2026-09-09/823900_808967.json,2026-09-10T18:09:36.809668+00:00
2026-09-09,2026,824064,663738,Daniel Lynch IV,Arizona Diamondbacks,81,28,21,0.345679012345679,0.2592592592592592,0.0864197530864197,8.641975308641975,0.3333333333333333,33.33333333333333,stratified,rf_v1,kg4_v1,postgame_v1,Data/daily_pipeline/models/2026-09-09/pitchers/663738.joblib,Data/daily_pipeline/predictions/postgame/2026-09-09/824064_663738.csv,Data/daily_pipeline/predictions/postgame/2026-09-09/824064_663738.json,2026-09-10T18:07:15.699953+00:00
2026-09-09,2026,824064,668678,Zac Gallen,Kansas City Royals,68,15,12,0.2205882352941176,0.1764705882352941,0.0441176470588235,4.411764705882352,0.2499999999999999,24.99999999999999,stratified,rf_v1,kg4_v1,postgame_v1,Data/daily_pipeline/models/2026-09-09/pitchers/668678.joblib,Data/daily_pipeline/predictions/postgame/2026-09-09/824064_668678.csv,Data/daily_pipeline/predictions/postgame/2026-09-09/824064_668678.json,2026-09-10T18:06:58.379250+00:00
2026-09-09,2026,824226,672456,Keider Montero,Minnesota Twins,74,27,19,0.3648648648648648,0.2567567567567567,0.1081081081081081,10.81081081081081,0.4210526315789474,42.10526315789474,stratified,rf_v1,kg4_v1,postgame_v1,Data/daily_pipeline/models/2026-09-09/pitchers/672456.joblib,Data/daily_pipeline/predictions/postgame/2026-09-09/824226_672456.csv,Data/daily_pipeline/predictions/postgame/2026-09-09/824226_672456.json,2026-09-10T18:01:14.226800+00:00
2026-09-09,2026,824226,805673,Zebby Matthews,Detroit Tigers,58,19,8,0.3275862068965517,0.1379310344827586,0.1896551724137931,18.96551724137931,1.375,137.5,stratified,rf_v1,kg4_v1,postgame_v1,Data/daily_pipeline/models/2026-09-09/pitchers/805673.joblib,Data/daily_pipeline/predictions/postgame/2026-09-09/824226_805673.csv,Data/daily_pipeline/predictions/postgame/2026-09-09/824226_805673.json,2026-09-10T18:00:59.636322+00:00
2026-09-09,2026,824549,663436,Davis Martin,Pittsburgh Pirates,68,22,11,0.3235294117647059,0.1617647058823529,0.1617647058823529,16.176470588235293,1.0,100.0,stratified,rf_v1,kg4_v1,postgame_v1,Data/daily_pipeline/models/2026-09-09/pitchers/663436.joblib,Data/daily_pipeline/predictions/postgame/2026-09-09/824549_663436.csv,Data/daily_pipeline/predictions/postgame/2026-09-09/824549_663436.json,2026-09-10T18:07:44.148713+00:00
2026-09-09,2026,824549,669199,Lake Bachar,Chicago White Sox,27,10,7,0.3703703703703703,0.2592592592592592,0.1111111111111111,11.11111111111111,0.4285714285714285,42.85714285714285,stratified,rf_v1,kg4_v1,postgame_v1,Data/daily_pipeline/models/2026-09-09/pitchers/669199.joblib,Data/daily_pipeline/predictions/postgame/2026-09-09/824549_669199.csv,Data/daily_pipeline/predictions/postgame/2026-09-09/824549_669199.json,2026-09-10T18:07:25.648600+00:00
2026-09-09,2026,824713,687562,Jake Bennett,Los Angeles Angels,78,32,22,0.4102564102564102,0.282051282051282,0.1282051282051282,12.82051282051282,0.4545454545454545,45.45454545454545,stratified,rf_v1,kg4_v1,postgame_v1,Data/daily_pipeline/models/2026-09-09/pitchers/687562.joblib,Data/daily_pipeline/predictions/postgame/2026-09-09/824713_687562.csv,Data/daily_pipeline/predictions/postgame/2026-09-09/824713_687562.json,2026-09-10T18:04:56.036856+00:00
2026-09-09,2026,824713,696270,Ryan Johnson,Boston Red Sox,103,51,34,0.4951456310679611,0.3300970873786408,0.1650485436893203,16.504854368932037,0.4999999999999999,49.99999999999999,stratified,rf_v1,kg4_v1,postgame_v1,Data/daily_pipeline/models/2026-09-09/pitchers/696270.joblib,Data/daily_pipeline/predictions/postgame/2026-09-09/824713_696270.csv,Data/daily_pipeline/predictions/postgame/2026-09-09/824713_696270.json,2026-09-10T18:04:49.343234+00:00
2026-09-09,2026,824791,656492,Foster Griffin,Baltimore Orioles,62,19,9,0.3064516129032258,0.1451612903225806,0.1612903225806451,16.129032258064516,1.111111111111111,111.1111111111111,stratified,rf_v1,kg4_v1,postgame_v1,Data/daily_pipeline/models/2026-09-09/pitchers/656492.joblib,Data/daily_pipeline/predictions/postgame/2026-09-09/824791_656492.csv,Data/daily_pipeline/predictions/postgame/2026-09-09/824791_656492.json,2026-09-10T18:03:06.639528+00:00
2026-09-09,2026,824791,669358,Shane Baz,Cleveland Guardians,100,31,23,0.31,0.23,0.0799999999999999,7.999999999999999,0.3478260869565217,34.782608695652165,stratified,rf_v1,kg4_v1,postgame_v1,Data/daily_pipeline/models/2026-09-09/pitchers/669358.joblib,Data/daily_pipeline/predictions/postgame/2026-09-09/824791_669358.csv,Data/daily_pipeline/predictions/postgame/2026-09-09/824791_669358.json,2026-09-10T18:03:30.616431+00:00
2026-09-09,2026,824871,643377,Griffin Jax,Atlanta Braves,66,23,17,0.3484848484848485,0.2575757575757575,0.0909090909090909,9.090909090909092,0.3529411764705883,35.29411764705884,stratified,rf_v1,kg4_v1,postgame_v1,Data/daily_pipeline/models/2026-09-09/pitchers/643377.joblib,Data/daily_pipeline/predictions/postgame/2026-09-09/824871_643377.csv,Data/daily_pipeline/predictions/postgame/2026-09-09/824871_643377.json,2026-09-10T18:05:43.946490+00:00
2026-09-09,2026,824871,625643,Reynaldo López,Tampa Bay Rays,80,37,30,0.4625,0.375,0.0875,8.750000000000002,0.2333333333333334,23.33333333333334,stratified,rf_v1,kg4_v1,postgame_v1,Data/daily_pipeline/models/2026-09-09/pitchers/625643.joblib,Data/daily_pipeline/predictions/postgame/2026-09-09/824871_625643.csv,Data/daily_pipeline/predictions/postgame/2026-09-09/824871_625643.json,2026-09-10T18:06:16.454317+00:00
2026-09-09,2026,824956,669620,Brady Basso,Toronto Blue Jays,68,32,14,0.4705882352941176,0.2058823529411764,0.2647058823529412,26.47058823529412,1.2857142857142858,128.57142857142858,stratified,rf_v1,kg4_v1,postgame_v1,Data/daily_pipeline/models/2026-09-09/pitchers/669620.joblib,Data/daily_pipeline/predictions/postgame/2026-09-09/824956_669620.csv,Data/daily_pipeline/predictions/postgame/2026-09-09/824956_669620.json,2026-09-10T18:01:31.002110+00:00
2026-09-09,2026,824956,680755,Braydon Fisher,Athletics,18,6,5,0.3333333333333333,0.2777777777777778,0.0555555555555555,5.555555555555553,0.1999999999999998,19.999999999999982,stratified,rf_v1,kg4_v1,postgame_v1,Data/daily_pipeline/models/2026-09-09/pitchers/680755.joblib,Data/daily_pipeline/predictions/postgame/2026-09-09/824956_680755.csv,Data/daily_pipeline/predictions/postgame/2026-09-09/824956_680755.json,2026-09-10T18:01:24.099462+00:00
2026-09-10,2026,823088,594798,Jacob deGrom,Seattle Mariners,92,48,26,0.5217391304347826,0.2826086956521739,0.2391304347826087,23.91304347826087,0.8461538461538463,84.61538461538463,stratified,rf_v1,kg4_v1,postgame_v1,Data/daily_pipeline/models/2026-09-10/pitchers/594798.joblib,Data/daily_pipeline/predictions/postgame/2026-09-10/823088_594798.csv,Data/daily_pipeline/predictions/postgame/2026-09-10/823088_594798.json,2026-09-11T18:12:38.577910+00:00
2026-09-10,2026,823088,669302,Logan Gilbert,Texas Rangers,100,46,29,0.46,0.29,0.17,17.000000000000004,0.5862068965517243,58.620689655172434,stratified,rf_v1,kg4_v1,postgame_v1,Data/daily_pipeline/models/2026-09-10/pitchers/669302.joblib,Data/daily_pipeline/predictions/postgame/2026-09-10/823088_669302.csv,Data/daily_pipeline/predictions/postgame/2026-09-10/823088_669302.json,2026-09-11T18:13:18.520610+00:00
2026-09-10,2026,823413,664299,Cristian Javier,Philadelphia Phillies,79,31,23,0.3924050632911392,0.2911392405063291,0.1012658227848101,10.126582278481012,0.3478260869565217,34.782608695652165,stratified,rf_v1,kg4_v1,postgame_v1,Data/daily_pipeline/models/2026-09-10/pitchers/664299.joblib,Data/daily_pipeline/predictions/postgame/2026-09-10/823413_664299.csv,Data/daily_pipeline/predictions/postgame/2026-09-10/823413_664299.json,2026-09-11T18:10:17.723656+00:00
2026-09-10,2026,823413,554430,Zack Wheeler,Houston Astros,110,34,13,0.3090909090909091,0.1181818181818181,0.1909090909090909,19.090909090909093,1.6153846153846154,161.53846153846155,stratified,rf_v1,kg4_v1,postgame_v1,Data/daily_pipeline/models/2026-09-10/pitchers/554430.joblib,Data/daily_pipeline/predictions/postgame/2026-09-10/823413_554430.csv,Data/daily_pipeline/predictions/postgame/2026-09-10/823413_554430.json,2026-09-11T18:11:36.560040+00:00
2026-09-10,2026,823499,608331,Max Fried,Colorado Rockies,80,37,15,0.4625,0.1875,0.275,27.500000000000004,1.4666666666666668,146.66666666666669,stratified,rf_v1,kg4_v1,postgame_v1,Data/daily_pipeline/models/2026-09-10/pitchers/608331.joblib,Data/daily_pipeline/predictions/postgame/2026-09-10/823499_608331.csv,Data/daily_pipeline/predictions/postgame/2026-09-10/823499_608331.json,2026-09-11T18:14:23.527177+00:00
2026-09-10,2026,823499,663372,Ryan Feltner,New York Yankees,83,26,23,0.3132530120481928,0.2771084337349397,0.036144578313253,3.6144578313253017,0.1304347826086956,13.043478260869568,stratified,rf_v1,kg4_v1,postgame_v1,Data/daily_pipeline/models/2026-09-10/pitchers/663372.joblib,Data/daily_pipeline/predictions/postgame/2026-09-10/823499_663372.csv,Data/daily_pipeline/predictions/postgame/2026-09-10/823499_663372.json,2026-09-11T18:13:39.368611+00:00
2026-09-10,2026,824550,696146,Hagen Smith,Pittsburgh Pirates,33,16,10,0.4848484848484848,0.303030303030303,0.1818181818181818,18.181818181818183,0.6,60.0,stratified,rf_v1,kg4_v1,postgame_v1,Data/daily_pipeline/models/2026-09-10/pitchers/696146.joblib,Data/daily_pipeline/predictions/postgame/2026-09-10/824550_696146.csv,Data/daily_pipeline/predictions/postgame/2026-09-10/824550_696146.json,2026-09-11T18:14:41.140922+00:00
2026-09-10,2026,824550,683003,Jared Jones,Chicago White Sox,90,45,34,0.5,0.3777777777777777,0.1222222222222222,12.222222222222223,0.3235294117647059,32.35294117647059,stratified,rf_v1,kg4_v1,postgame_v1,Data/daily_pipeline/models/2026-09-10/pitchers/683003.joblib,Data/daily_pipeline/predictions/postgame/2026-09-10/824550_683003.csv,Data/daily_pipeline/predictions/postgame/2026-09-10/824550_683003.json,2026-09-11T18:14:36.036168+00:00
2026-09-10,2026,824872,527048,Martín Pérez,Tampa Bay Rays,90,43,17,0.4777777777777778,0.1888888888888888,0.2888888888888889,28.888888888888893,1.5294117647058825,152.94117647058826,stratified,rf_v1,kg4_v1,postgame_v1,Data/daily_pipeline/models/2026-09-10/pitchers/527048.joblib,Data/daily_pipeline/predictions/postgame/2026-09-10/824872_527048.csv,Data/daily_pipeline/predictions/postgame/2026-09-10/824872_527048.json,2026-09-11T18:09:50.225613+00:00
2026-09-10,2026,824872,607259,Nick Martinez,Atlanta Braves,68,19,14,0.2794117647058823,0.2058823529411764,0.0735294117647059,7.35294117647059,0.3571428571428572,35.71428571428573,stratified,rf_v1,kg4_v1,postgame_v1,Data/daily_pipeline/models/2026-09-10/pitchers/607259.joblib,Data/daily_pipeline/predictions/postgame/2026-09-10/824872_607259.csv,Data/daily_pipeline/predictions/postgame/2026-09-10/824872_607259.json,2026-09-11T18:08:42.347759+00:00
2026-09-11,2026,822684,676917,Cade Cavalli,Los Angeles Angels,96,30,20,0.3125,0.2083333333333333,0.1041666666666666,10.416666666666666,0.4999999999999999,49.99999999999999,stratified,rf_v1,kg4_v1,postgame_v1,Data/daily_pipeline/models/2026-09-11/pitchers/676917.joblib,Data/daily_pipeline/predictions/postgame/2026-09-11/822684_676917.csv,Data/daily_pipeline/predictions/postgame/2026-09-11/822684_676917.json,2026-09-12T17:42:01.353056+00:00
2026-09-11,2026,822684,579328,Yusei Kikuchi,Washington Nationals,88,43,20,0.4886363636363636,0.2272727272727272,0.2613636363636363,26.13636363636364,1.15,115.0,stratified,rf_v1,kg4_v1,postgame_v1,Data/daily_pipeline/models/2026-09-11/pitchers/579328.joblib,Data/daily_pipeline/predictions/postgame/2026-09-11/822684_579328.csv,Data/daily_pipeline/predictions/postgame/2026-09-11/822684_579328.json,2026-09-12T17:41:48.774069+00:00
2026-09-11,2026,822767,605135,Chris Bassitt,Toronto Blue Jays,95,41,20,0.431578947368421,0.2105263157894736,0.2210526315789474,22.10526315789474,1.0500000000000005,105.00000000000004,stratified,rf_v1,kg4_v1,postgame_v1,Data/daily_pipeline/models/2026-09-11/pitchers/605135.joblib,Data/daily_pipeline/predictions/postgame/2026-09-11/822767_605135.csv,Data/daily_pipeline/predictions/postgame/2026-09-11/822767_605135.json,2026-09-12T17:43:58.661150+00:00
2026-09-11,2026,822767,453286,Max Scherzer,Baltimore Orioles,83,44,24,0.5301204819277109,0.2891566265060241,0.2409638554216868,24.09638554216868,0.8333333333333336,83.33333333333336,stratified,rf_v1,kg4_v1,postgame_v1,Data/daily_pipeline/models/2026-09-11/pitchers/453286.joblib,Data/daily_pipeline/predictions/postgame/2026-09-11/822767_453286.csv,Data/daily_pipeline/predictions/postgame/2026-09-11/822767_453286.json,2026-09-12T17:45:43.178785+00:00
2026-09-11,2026,822930,656876,Drew Rasmussen,Houston Astros,92,35,18,0.3804347826086957,0.1956521739130435,0.1847826086956522,18.47826086956522,0.9444444444444444,94.44444444444446,stratified,rf_v1,kg4_v1,postgame_v1,Data/daily_pipeline/models/2026-09-11/pitchers/656876.joblib,Data/daily_pipeline/predictions/postgame/2026-09-11/822930_656876.csv,Data/daily_pipeline/predictions/postgame/2026-09-11/822930_656876.json,2026-09-12T17:48:09.890575+00:00
2026-09-11,2026,822930,699044,Miguel Ullola,Tampa Bay Rays,13,10,10,0.7692307692307693,0.7692307692307693,0.0,0.0,0.0,0.0,stratified,rf_v1,kg4_v1,postgame_v1,Data/daily_pipeline/models/2026-09-11/pitchers/699044.joblib,Data/daily_pipeline/predictions/postgame/2026-09-11/822930_699044.csv,Data/daily_pipeline/predictions/postgame/2026-09-11/822930_699044.json,2026-09-12T17:47:46.282557+00:00
2026-09-11,2026,823012,641743,Anthony Kay,St. Louis Cardinals,67,27,11,0.4029850746268656,0.1641791044776119,0.2388059701492537,23.88059701492537,1.4545454545454546,145.45454545454547,stratified,rf_v1,kg4_v1,postgame_v1,Data/daily_pipeline/models/2026-09-11/pitchers/641743.joblib,Data/daily_pipeline/predictions/postgame/2026-09-11/823012_641743.csv,Data/daily_pipeline/predictions/postgame/2026-09-11/823012_641743.json,2026-09-12T17:53:04.512039+00:00
2026-09-11,2026,823012,669461,Matthew Liberatore,Chicago White Sox,72,20,9,0.2777777777777778,0.125,0.1527777777777778,15.27777777777778,1.2222222222222223,122.22222222222224,stratified,rf_v1,kg4_v1,postgame_v1,Data/daily_pipeline/models/2026-09-11/pitchers/669461.joblib,Data/daily_pipeline/predictions/postgame/2026-09-11/823012_669461.csv,Data/daily_pipeline/predictions/postgame/2026-09-11/823012_669461.json,2026-09-12T17:53:25.255868+00:00
2026-09-11,2026,823173,683627,Anthony Molina,San Diego Padres,72,29,23,0.4027777777777778,0.3194444444444444,0.0833333333333333,8.333333333333337,0.2608695652173914,26.086956521739147,stratified,rf_v1,kg4_v1,postgame_v1,Data/daily_pipeline/models/2026-09-11/pitchers/683627.joblib,Data/daily_pipeline/predictions/postgame/2026-09-11/823173_683627.csv,Data/daily_pipeline/predictions/postgame/2026-09-11/823173_683627.json,2026-09-12T17:56:49.181852+00:00
2026-09-11,2026,823173,592662,Robbie Ray,San Francisco Giants,94,26,15,0.2765957446808511,0.1595744680851064,0.1170212765957446,11.702127659574469,0.7333333333333333,73.33333333333333,stratified,rf_v1,kg4_v1,postgame_v1,Data/daily_pipeline/models/2026-09-11/pitchers/592662.joblib,Data/daily_pipeline/predictions/postgame/2026-09-11/823173_592662.csv,Data/daily_pipeline/predictions/postgame/2026-09-11/823173_592662.json,2026-09-12T17:56:40.556039+00:00
2026-09-11,2026,823498,607074,Carlos Rodón,New York Mets,93,43,22,0.4623655913978494,0.2365591397849462,0.2258064516129032,22.58064516129032,0.9545454545454544,95.45454545454544,stratified,rf_v1,kg4_v1,postgame_v1,Data/daily_pipeline/models/2026-09-11/pitchers/607074.joblib,Data/daily_pipeline/predictions/postgame/2026-09-11/823498_607074.csv,Data/daily_pipeline/predictions/postgame/2026-09-11/823498_607074.json,2026-09-12T17:43:08.896380+00:00
2026-09-11,2026,823498,690997,Nolan McLean,New York Yankees,101,40,24,0.396039603960396,0.2376237623762376,0.1584158415841584,15.841584158415843,0.6666666666666669,66.66666666666669,stratified,rf_v1,kg4_v1,postgame_v1,Data/daily_pipeline/models/2026-09-11/pitchers/690997.joblib,Data/daily_pipeline/predictions/postgame/2026-09-11/823498_690997.csv,Data/daily_pipeline/predictions/postgame/2026-09-11/823498_690997.json,2026-09-12T17:42:13.250684+00:00
2026-09-11,2026,823659,800048,Parker Messick,Minnesota Twins,95,50,28,0.5263157894736842,0.2947368421052631,0.231578947368421,23.157894736842103,0.7857142857142858,78.57142857142858,stratified,rf_v1,kg4_v1,postgame_v1,Data/daily_pipeline/models/2026-09-11/pitchers/800048.joblib,Data/daily_pipeline/predictions/postgame/2026-09-11/823659_800048.csv,Data/daily_pipeline/predictions/postgame/2026-09-11/823659_800048.json,2026-09-12T17:52:25.817310+00:00
2026-09-11,2026,823659,671737,Taj Bradley,Cleveland Guardians,94,45,28,0.4787234042553192,0.2978723404255319,0.1808510638297872,18.08510638297873,0.6071428571428573,60.71428571428573,stratified,rf_v1,kg4_v1,postgame_v1,Data/daily_pipeline/models/2026-09-11/pitchers/671737.joblib,Data/daily_pipeline/predictions/postgame/2026-09-11/823659_671737.csv,Data/daily_pipeline/predictions/postgame/2026-09-11/823659_671737.json,2026-09-12T17:52:48.791462+00:00
2026-09-11,2026,823736,671096,Andrew Abbott,Milwaukee Brewers,43,22,13,0.5116279069767442,0.3023255813953488,0.2093023255813954,20.93023255813954,0.6923076923076925,69.23076923076925,stratified,rf_v1,kg4_v1,postgame_v1,Data/daily_pipeline/models/2026-09-11/pitchers/671096.joblib,Data/daily_pipeline/predictions/postgame/2026-09-11/823736_671096.csv,Data/daily_pipeline/predictions/postgame/2026-09-11/823736_671096.json,2026-09-12T17:51:53.580785+00:00
2026-09-11,2026,823736,669160,Dustin May,Cincinnati Reds,84,32,19,0.3809523809523809,0.2261904761904762,0.1547619047619047,15.476190476190474,0.6842105263157894,68.42105263157893,stratified,rf_v1,kg4_v1,postgame_v1,Data/daily_pipeline/models/2026-09-11/pitchers/669160.joblib,Data/daily_pipeline/predictions/postgame/2026-09-11/823736_669160.csv,Data/daily_pipeline/predictions/postgame/2026-09-11/823736_669160.json,2026-09-12T17:52:14.586667+00:00
2026-09-11,2026,823817,605483,Blake Snell,Miami Marlins,101,45,32,0.4455445544554455,0.3168316831683168,0.1287128712871287,12.871287128712872,0.40625,40.625,stratified,rf_v1,kg4_v1,postgame_v1,Data/daily_pipeline/models/2026-09-11/pitchers/605483.joblib,Data/daily_pipeline/predictions/postgame/2026-09-11/823817_605483.csv,Data/daily_pipeline/predictions/postgame/2026-09-11/823817_605483.json,2026-09-12T17:48:57.783648+00:00
2026-09-11,2026,823817,687473,Ryan Gusto,Los Angeles Dodgers,89,26,12,0.2921348314606741,0.1348314606741573,0.1573033707865168,15.730337078651685,1.1666666666666667,116.66666666666669,stratified,rf_v1,kg4_v1,postgame_v1,Data/daily_pipeline/models/2026-09-11/pitchers/687473.joblib,Data/daily_pipeline/predictions/postgame/2026-09-11/823817_687473.csv,Data/daily_pipeline/predictions/postgame/2026-09-11/823817_687473.json,2026-09-12T17:49:09.598421+00:00
2026-09-11,2026,824227,664285,Framber Valdez,Colorado Rockies,90,41,28,0.4555555555555555,0.3111111111111111,0.1444444444444444,14.444444444444445,0.4642857142857142,46.42857142857142,stratified,rf_v1,kg4_v1,postgame_v1,Data/daily_pipeline/models/2026-09-11/pitchers/664285.joblib,Data/daily_pipeline/predictions/postgame/2026-09-11/824227_664285.csv,Data/daily_pipeline/predictions/postgame/2026-09-11/824227_664285.json,2026-09-12T17:41:07.126662+00:00
2026-09-11,2026,824227,690279,Mason Adams,Detroit Tigers,77,26,15,0.3376623376623376,0.1948051948051948,0.1428571428571428,14.285714285714285,0.7333333333333333,73.33333333333333,stratified,rf_v1,kg4_v1,postgame_v1,Data/daily_pipeline/models/2026-09-11/pitchers/690279.joblib,Data/daily_pipeline/predictions/postgame/2026-09-11/824227_690279.csv,Data/daily_pipeline/predictions/postgame/2026-09-11/824227_690279.json,2026-09-12T17:40:25.014602+00:00
2026-09-11,2026,824631,684007,Shota Imanaga,Pittsburgh Pirates,100,50,27,0.5,0.27,0.2299999999999999,23.0,0.8518518518518517,85.18518518518518,stratified,rf_v1,kg4_v1,postgame_v1,Data/daily_pipeline/models/2026-09-11/pitchers/684007.joblib,Data/daily_pipeline/predictions/postgame/2026-09-11/824631_684007.csv,Data/daily_pipeline/predictions/postgame/2026-09-11/824631_684007.json,2026-09-12T17:40:18.957103+00:00
2026-09-11,2026,824631,696062,Wilber Dotel,Chicago Cubs,38,18,10,0.4736842105263157,0.2631578947368421,0.2105263157894736,21.052631578947366,0.8,80.0,stratified,rf_v1,kg4_v1,postgame_v1,Data/daily_pipeline/models/2026-09-11/pitchers/696062.joblib,Data/daily_pipeline/predictions/postgame/2026-09-11/824631_696062.csv,Data/daily_pipeline/predictions/postgame/2026-09-11/824631_696062.json,2026-09-12T17:40:00.427869+00:00
2026-09-11,2026,824711,607625,Seth Lugo,Boston Red Sox,95,30,15,0.3157894736842105,0.1578947368421052,0.1578947368421052,15.789473684210526,1.0,100.0,stratified,rf_v1,kg4_v1,postgame_v1,Data/daily_pipeline/models/2026-09-11/pitchers/607625.joblib,Data/daily_pipeline/predictions/postgame/2026-09-11/824711_607625.csv,Data/daily_pipeline/predictions/postgame/2026-09-11/824711_607625.json,2026-09-12T17:46:25.805036+00:00
2026-09-11,2026,824711,543243,Sonny Gray,Kansas City Royals,90,41,14,0.4555555555555555,0.1555555555555555,0.3,30.0,1.9285714285714284,192.85714285714283,stratified,rf_v1,kg4_v1,postgame_v1,Data/daily_pipeline/models/2026-09-11/pitchers/543243.joblib,Data/daily_pipeline/predictions/postgame/2026-09-11/824711_543243.csv,Data/daily_pipeline/predictions/postgame/2026-09-11/824711_543243.json,2026-09-12T17:47:41.664317+00:00
2026-09-11,2026,824873,605400,Aaron Nola,Atlanta Braves,101,34,22,0.3366336633663366,0.2178217821782178,0.1188118811881188,11.881188118811885,0.5454545454545455,54.54545454545456,stratified,rf_v1,kg4_v1,postgame_v1,Data/daily_pipeline/models/2026-09-11/pitchers/605400.joblib,Data/daily_pipeline/predictions/postgame/2026-09-11/824873_605400.csv,Data/daily_pipeline/predictions/postgame/2026-09-11/824873_605400.json,2026-09-12T17:50:18.198728+00:00
2026-09-11,2026,824873,519242,Chris Sale,Philadelphia Phillies,94,48,28,0.5106382978723404,0.2978723404255319,0.2127659574468084,21.276595744680847,0.7142857142857142,71.42857142857142,stratified,rf_v1,kg4_v1,postgame_v1,Data/daily_pipeline/models/2026-09-11/pitchers/519242.joblib,Data/daily_pipeline/predictions/postgame/2026-09-11/824873_519242.csv,Data/daily_pipeline/predictions/postgame/2026-09-11/824873_519242.json,2026-09-12T17:51:30.109576+00:00
2026-09-11,2026,824954,669923,George Kirby,Athletics,101,38,16,0.3762376237623762,0.1584158415841584,0.2178217821782178,21.782178217821784,1.375,137.5,stratified,rf_v1,kg4_v1,postgame_v1,Data/daily_pipeline/models/2026-09-11/pitchers/669923.joblib,Data/daily_pipeline/predictions/postgame/2026-09-11/824954_669923.csv,Data/daily_pipeline/predictions/postgame/2026-09-11/824954_669923.json,2026-09-12T17:53:56.924873+00:00
2026-09-11,2026,824954,605488,Jeffrey Springs,Seattle Mariners,94,38,27,0.4042553191489361,0.2872340425531915,0.1170212765957446,11.702127659574463,0.4074074074074071,40.74074074074072,stratified,rf_v1,kg4_v1,postgame_v1,Data/daily_pipeline/models/2026-09-11/pitchers/605488.joblib,Data/daily_pipeline/predictions/postgame/2026-09-11/824954_605488.csv,Data/daily_pipeline/predictions/postgame/2026-09-11/824954_605488.json,2026-09-12T17:54:22.799552+00:00
2026-09-11,2026,825036,669022,MacKenzie Gore,Arizona Diamondbacks,76,31,20,0.4078947368421052,0.2631578947368421,0.1447368421052631,14.473684210526317,0.55,55.00000000000001,stratified,rf_v1,kg4_v1,postgame_v1,Data/daily_pipeline/models/2026-09-11/pitchers/669022.joblib,Data/daily_pipeline/predictions/postgame/2026-09-11/825036_669022.csv,Data/daily_pipeline/predictions/postgame/2026-09-11/825036_669022.json,2026-09-12T17:54:50.909176+00:00
2026-09-11,2026,825036,518876,Merrill Kelly,Texas Rangers,80,25,17,0.3125,0.2125,0.1,10.0,0.4705882352941177,47.05882352941177,stratified,rf_v1,kg4_v1,postgame_v1,Data/daily_pipeline/models/2026-09-11/pitchers/518876.joblib,Data/daily_pipeline/predictions/postgame/2026-09-11/825036_518876.csv,Data/daily_pipeline/predictions/postgame/2026-09-11/825036_518876.json,2026-09-12T17:55:33.249895+00:00
2026-09-12,2026,822685,674841,Andrew Alvarez,Los Angeles Angels,97,45,21,0.4639175257731959,0.2164948453608247,0.2474226804123711,24.742268041237114,1.1428571428571428,114.28571428571428,stratified,rf_v1,kg4_v1,postgame_v1,Data/daily_pipeline/models/2026-09-12/pitchers/674841.joblib,Data/daily_pipeline/predictions/postgame/2026-09-12/822685_674841.csv,Data/daily_pipeline/predictions/postgame/2026-09-12/822685_674841.json,2026-09-13T17:57:37.302919+00:00
2026-09-12,2026,822685,700712,Walbert Ureña,Washington Nationals,101,54,30,0.5346534653465347,0.297029702970297,0.2376237623762376,23.76237623762377,0.8000000000000002,80.00000000000001,stratified,rf_v1,kg4_v1,postgame_v1,Data/daily_pipeline/models/2026-09-12/pitchers/700712.joblib,Data/daily_pipeline/predictions/postgame/2026-09-12/822685_700712.csv,Data/daily_pipeline/predictions/postgame/2026-09-12/822685_700712.json,2026-09-13T17:57:27.229966+00:00
2026-09-12,2026,822768,680694,Kyle Bradish,Toronto Blue Jays,56,28,8,0.5,0.1428571428571428,0.3571428571428571,35.714285714285715,2.5,250.0,stratified,rf_v1,kg4_v1,postgame_v1,Data/daily_pipeline/models/2026-09-12/pitchers/680694.joblib,Data/daily_pipeline/predictions/postgame/2026-09-12/822768_680694.csv,Data/daily_pipeline/predictions/postgame/2026-09-12/822768_680694.json,2026-09-13T17:57:06.444412+00:00
2026-09-12,2026,822768,693686,Spencer Miles,Baltimore Orioles,44,27,16,0.6136363636363636,0.3636363636363636,0.25,25.0,0.6875,68.75,stratified,rf_v1,kg4_v1,postgame_v1,Data/daily_pipeline/models/2026-09-12/pitchers/693686.joblib,Data/daily_pipeline/predictions/postgame/2026-09-12/822768_693686.csv,Data/daily_pipeline/predictions/postgame/2026-09-12/822768_693686.json,2026-09-13T17:57:16.698817+00:00
2026-09-12,2026,822927,693855,Ian Seymour,Houston Astros,79,24,20,0.3037974683544304,0.2531645569620253,0.050632911392405,5.063291139240506,0.1999999999999999,20.0,stratified,rf_v1,kg4_v1,postgame_v1,Data/daily_pipeline/models/2026-09-12/pitchers/693855.joblib,Data/daily_pipeline/predictions/postgame/2026-09-12/822927_693855.csv,Data/daily_pipeline/predictions/postgame/2026-09-12/822927_693855.json,2026-09-13T18:00:39.020748+00:00
2026-09-12,2026,822927,663567,Peter Lambert,Tampa Bay Rays,85,31,26,0.3647058823529411,0.3058823529411765,0.0588235294117646,5.882352941176467,0.1923076923076921,19.230769230769216,stratified,rf_v1,kg4_v1,postgame_v1,Data/daily_pipeline/models/2026-09-12/pitchers/663567.joblib,Data/daily_pipeline/predictions/postgame/2026-09-12/822927_663567.csv,Data/daily_pipeline/predictions/postgame/2026-09-12/822927_663567.json,2026-09-13T18:00:27.819242+00:00
2026-09-12,2026,823009,681517,Kyle Leahy,Chicago White Sox,38,11,10,0.2894736842105263,0.2631578947368421,0.0263157894736842,2.631578947368424,0.1000000000000001,10.00000000000001,stratified,rf_v1,kg4_v1,postgame_v1,Data/daily_pipeline/models/2026-09-12/pitchers/681517.joblib,Data/daily_pipeline/predictions/postgame/2026-09-12/823009_681517.csv,Data/daily_pipeline/predictions/postgame/2026-09-12/823009_681517.json,2026-09-13T18:03:03.503606+00:00
2026-09-12,2026,823009,656794,Sean Newcomb,St. Louis Cardinals,29,16,10,0.5517241379310345,0.3448275862068966,0.2068965517241379,20.68965517241379,0.5999999999999999,59.99999999999999,stratified,rf_v1,kg4_v1,postgame_v1,Data/daily_pipeline/models/2026-09-12/pitchers/656794.joblib,Data/daily_pipeline/predictions/postgame/2026-09-12/823009_656794.csv,Data/daily_pipeline/predictions/postgame/2026-09-12/823009_656794.json,2026-09-13T18:02:48.938119+00:00
2026-09-12,2026,823170,702885,Cesar Perdomo,San Diego Padres,74,33,35,0.4459459459459459,0.4729729729729729,-0.027027027027027,-2.702702702702702,-0.0571428571428571,-5.714285714285714,stratified,rf_v1,kg4_v1,postgame_v1,Data/daily_pipeline/models/2026-09-12/pitchers/702885.joblib,Data/daily_pipeline/predictions/postgame/2026-09-12/823170_702885.csv,Data/daily_pipeline/predictions/postgame/2026-09-12/823170_702885.json,2026-09-13T17:58:08.665080+00:00
2026-09-12,2026,823170,650633,Michael King,San Francisco Giants,96,38,17,0.3958333333333333,0.1770833333333333,0.2187499999999999,21.875,1.2352941176470589,123.52941176470588,stratified,rf_v1,kg4_v1,postgame_v1,Data/daily_pipeline/models/2026-09-12/pitchers/650633.joblib,Data/daily_pipeline/predictions/postgame/2026-09-12/823170_650633.csv,Data/daily_pipeline/predictions/postgame/2026-09-12/823170_650633.json,2026-09-13T17:58:03.821559+00:00
2026-09-12,2026,823496,543037,Gerrit Cole,New York Mets,77,38,27,0.4935064935064935,0.3506493506493506,0.1428571428571428,14.285714285714285,0.4074074074074074,40.74074074074074,stratified,rf_v1,kg4_v1,postgame_v1,Data/daily_pipeline/models/2026-09-12/pitchers/543037.joblib,Data/daily_pipeline/predictions/postgame/2026-09-12/823496_543037.csv,Data/daily_pipeline/predictions/postgame/2026-09-12/823496_543037.json,2026-09-13T17:56:02.256390+00:00
2026-09-12,2026,823496,804267,Zac Thornton,New York Yankees,81,37,21,0.4567901234567901,0.2592592592592592,0.1975308641975308,19.753086419753085,0.7619047619047619,76.19047619047619,stratified,rf_v1,kg4_v1,postgame_v1,Data/daily_pipeline/models/2026-09-12/pitchers/804267.joblib,Data/daily_pipeline/predictions/postgame/2026-09-12/823496_804267.csv,Data/daily_pipeline/predictions/postgame/2026-09-12/823496_804267.json,2026-09-13T17:54:49.437292+00:00
2026-09-12,2026,823657,687570,Connor Prielipp,Cleveland Guardians,77,23,16,0.2987012987012987,0.2077922077922078,0.0909090909090908,9.090909090909088,0.4374999999999998,43.74999999999999,stratified,rf_v1,kg4_v1,postgame_v1,Data/daily_pipeline/models/2026-09-12/pitchers/687570.joblib,Data/daily_pipeline/predictions/postgame/2026-09-12/823657_687570.csv,Data/daily_pipeline/predictions/postgame/2026-09-12/823657_687570.json,2026-09-13T17:59:20.690619+00:00
2026-09-12,2026,823657,682982,Daniel Espino,Minnesota Twins,26,18,11,0.6923076923076923,0.4230769230769231,0.2692307692307692,26.923076923076923,0.6363636363636364,63.63636363636363,stratified,rf_v1,kg4_v1,postgame_v1,Data/daily_pipeline/models/2026-09-12/pitchers/682982.joblib,Data/daily_pipeline/predictions/postgame/2026-09-12/823657_682982.csv,Data/daily_pipeline/predictions/postgame/2026-09-12/823657_682982.json,2026-09-13T17:59:10.382041+00:00
2026-09-12,2026,823737,663903,Brady Singer,Milwaukee Brewers,95,55,34,0.5789473684210527,0.3578947368421052,0.2210526315789474,22.10526315789474,0.6176470588235294,61.76470588235294,stratified,rf_v1,kg4_v1,postgame_v1,Data/daily_pipeline/models/2026-09-12/pitchers/663903.joblib,Data/daily_pipeline/predictions/postgame/2026-09-12/823737_663903.csv,Data/daily_pipeline/predictions/postgame/2026-09-12/823737_663903.json,2026-09-13T18:01:18.323855+00:00
2026-09-12,2026,823737,675660,Shane Drohan,Cincinnati Reds,60,18,8,0.3,0.1333333333333333,0.1666666666666666,16.666666666666664,1.25,125.0,stratified,rf_v1,kg4_v1,postgame_v1,Data/daily_pipeline/models/2026-09-12/pitchers/675660.joblib,Data/daily_pipeline/predictions/postgame/2026-09-12/823737_675660.csv,Data/daily_pipeline/predictions/postgame/2026-09-12/823737_675660.json,2026-09-13T18:01:27.847655+00:00
2026-09-12,2026,823819,607192,Tyler Glasnow,Miami Marlins,91,35,26,0.3846153846153846,0.2857142857142857,0.0989010989010989,9.890109890109894,0.3461538461538463,34.615384615384635,stratified,rf_v1,kg4_v1,postgame_v1,Data/daily_pipeline/models/2026-09-12/pitchers/607192.joblib,Data/daily_pipeline/predictions/postgame/2026-09-12/823819_607192.csv,Data/daily_pipeline/predictions/postgame/2026-09-12/823819_607192.json,2026-09-13T17:59:56.033828+00:00
2026-09-12,2026,823819,663969,Tyler Phillips,Los Angeles Dodgers,68,19,11,0.2794117647058823,0.1617647058823529,0.1176470588235294,11.76470588235294,0.7272727272727272,72.72727272727272,stratified,rf_v1,kg4_v1,postgame_v1,Data/daily_pipeline/models/2026-09-12/pitchers/663969.joblib,Data/daily_pipeline/predictions/postgame/2026-09-12/823819_663969.csv,Data/daily_pipeline/predictions/postgame/2026-09-12/823819_663969.json,2026-09-13T18:00:08.346128+00:00
2026-09-12,2026,824224,808825,Andrew Sears,Colorado Rockies,77,40,31,0.5194805194805194,0.4025974025974026,0.1168831168831168,11.688311688311682,0.2903225806451611,29.03225806451611,stratified,rf_v1,kg4_v1,postgame_v1,Data/daily_pipeline/models/2026-09-12/pitchers/808825.joblib,Data/daily_pipeline/predictions/postgame/2026-09-12/824224_808825.csv,Data/daily_pipeline/predictions/postgame/2026-09-12/824224_808825.json,2026-09-13T17:54:40.620997+00:00
2026-09-12,2026,824224,685299,Tanner Gordon,Detroit Tigers,87,34,24,0.3908045977011494,0.2758620689655172,0.1149425287356322,11.49425287356322,0.4166666666666667,41.66666666666667,stratified,rf_v1,kg4_v1,postgame_v1,Data/daily_pipeline/models/2026-09-12/pitchers/685299.joblib,Data/daily_pipeline/predictions/postgame/2026-09-12/824224_685299.csv,Data/daily_pipeline/predictions/postgame/2026-09-12/824224_685299.json,2026-09-13T17:54:35.441737+00:00
2026-09-12,2026,824630,605280,Clay Holmes,Pittsburgh Pirates,100,46,26,0.46,0.26,0.2,20.0,0.7692307692307693,76.92307692307693,stratified,rf_v1,kg4_v1,postgame_v1,Data/daily_pipeline/models/2026-09-12/pitchers/605280.joblib,Data/daily_pipeline/predictions/postgame/2026-09-12/824630_605280.csv,Data/daily_pipeline/predictions/postgame/2026-09-12/824630_605280.json,2026-09-13T17:56:46.241145+00:00
2026-09-12,2026,824630,694973,Paul Skenes,Chicago Cubs,82,31,12,0.3780487804878049,0.1463414634146341,0.2317073170731707,23.17073170731708,1.5833333333333337,158.33333333333334,stratified,rf_v1,kg4_v1,postgame_v1,Data/daily_pipeline/models/2026-09-12/pitchers/694973.joblib,Data/daily_pipeline/predictions/postgame/2026-09-12/824630_694973.csv,Data/daily_pipeline/predictions/postgame/2026-09-12/824630_694973.json,2026-09-13T17:56:20.472935+00:00
2026-09-12,2026,824712,677976,Randy Dobnak,Boston Red Sox,81,41,24,0.5061728395061729,0.2962962962962963,0.2098765432098766,20.98765432098766,0.7083333333333335,70.83333333333334,stratified,rf_v1,kg4_v1,postgame_v1,Data/daily_pipeline/models/2026-09-12/pitchers/677976.joblib,Data/daily_pipeline/predictions/postgame/2026-09-12/824712_677976.csv,Data/daily_pipeline/predictions/postgame/2026-09-12/824712_677976.json,2026-09-13T17:58:24.735334+00:00
2026-09-12,2026,824712,624133,Ranger Suarez,Kansas City Royals,96,34,16,0.3541666666666667,0.1666666666666666,0.1875,18.750000000000004,1.1250000000000002,112.50000000000004,stratified,rf_v1,kg4_v1,postgame_v1,Data/daily_pipeline/models/2026-09-12/pitchers/624133.joblib,Data/daily_pipeline/predictions/postgame/2026-09-12/824712_624133.csv,Data/daily_pipeline/predictions/postgame/2026-09-12/824712_624133.json,2026-09-13T17:59:04.583088+00:00
2026-09-12,2026,824870,641835,Tim Mayza,Atlanta Braves,31,16,14,0.5161290322580645,0.4516129032258064,0.064516129032258,6.451612903225806,0.1428571428571428,14.285714285714285,stratified,rf_v1,kg4_v1,postgame_v1,Data/daily_pipeline/models/2026-09-12/pitchers/641835.joblib,Data/daily_pipeline/predictions/postgame/2026-09-12/824870_641835.csv,Data/daily_pipeline/predictions/postgame/2026-09-12/824870_641835.json,2026-09-13T18:01:45.696118+00:00
2026-09-12,2026,824870,641816,Tyler Mahle,Philadelphia Phillies,97,46,39,0.4742268041237113,0.4020618556701031,0.0721649484536082,7.216494845360821,0.1794871794871794,17.948717948717942,stratified,rf_v1,kg4_v1,postgame_v1,Data/daily_pipeline/models/2026-09-12/pitchers/641816.joblib,Data/daily_pipeline/predictions/postgame/2026-09-12/824870_641816.csv,Data/daily_pipeline/predictions/postgame/2026-09-12/824870_641816.json,2026-09-13T18:02:20.248241+00:00
2026-09-12,2026,824955,693433,Bryan Woo,Athletics,80,34,31,0.425,0.3875,0.0374999999999999,3.749999999999998,0.096774193548387,9.677419354838705,stratified,rf_v1,kg4_v1,postgame_v1,Data/daily_pipeline/models/2026-09-12/pitchers/693433.joblib,Data/daily_pipeline/predictions/postgame/2026-09-12/824955_693433.csv,Data/daily_pipeline/predictions/postgame/2026-09-12/824955_693433.json,2026-09-13T18:04:00.492366+00:00
2026-09-12,2026,824955,695611,Gage Jump,Seattle Mariners,44,15,15,0.3409090909090909,0.3409090909090909,0.0,0.0,0.0,0.0,stratified,rf_v1,kg4_v1,postgame_v1,Data/daily_pipeline/models/2026-09-12/pitchers/695611.joblib,Data/daily_pipeline/predictions/postgame/2026-09-12/824955_695611.csv,Data/daily_pipeline/predictions/postgame/2026-09-12/824955_695611.json,2026-09-13T18:04:09.540441+00:00
2026-09-12,2026,825035,694297,Brandon Pfaadt,Texas Rangers,99,29,19,0.2929292929292929,0.1919191919191919,0.101010101010101,10.101010101010102,0.5263157894736843,52.63157894736843,stratified,rf_v1,kg4_v1,postgame_v1,Data/daily_pipeline/models/2026-09-12/pitchers/694297.joblib,Data/daily_pipeline/predictions/postgame/2026-09-12/825035_694297.csv,Data/daily_pipeline/predictions/postgame/2026-09-12/825035_694297.json,2026-09-13T18:03:38.243237+00:00
2026-09-12,2026,825035,677958,Kumar Rocker,Arizona Diamondbacks,65,23,17,0.3538461538461538,0.2615384615384615,0.0923076923076923,9.230769230769232,0.3529411764705882,35.294117647058826,stratified,rf_v1,kg4_v1,postgame_v1,Data/daily_pipeline/models/2026-09-12/pitchers/677958.joblib,Data/daily_pipeline/predictions/postgame/2026-09-12/825035_677958.csv,Data/daily_pipeline/predictions/postgame/2026-09-12/825035_677958.json,2026-09-13T18:03:14.938083+00:00
2026-09-13,2026,822682,680570,Grayson Rodriguez,Washington Nationals,93,33,29,0.3548387096774194,0.3118279569892473,0.043010752688172,4.301075268817206,0.1379310344827586,13.793103448275868,stratified,rf_v1,kg4_v1,postgame_v1,Data/daily_pipeline/models/2026-09-13/pitchers/680570.joblib,Data/daily_pipeline/predictions/postgame/2026-09-13/822682_680570.csv,Data/daily_pipeline/predictions/postgame/2026-09-13/822682_680570.json,2026-09-14T19:44:50.201268+00:00
2026-09-13,2026,822682,683000,Riley Cornelio,Los Angeles Angels,34,16,16,0.4705882352941176,0.4705882352941176,0.0,0.0,0.0,0.0,stratified,rf_v1,kg4_v1,postgame_v1,Data/daily_pipeline/models/2026-09-13/pitchers/683000.joblib,Data/daily_pipeline/predictions/postgame/2026-09-13/822682_683000.csv,Data/daily_pipeline/predictions/postgame/2026-09-13/822682_683000.json,2026-09-14T19:44:56.732761+00:00
2026-09-13,2026,822764,656302,Dylan Cease,Baltimore Orioles,94,33,26,0.351063829787234,0.2765957446808511,0.0744680851063829,7.446808510638298,0.2692307692307692,26.923076923076923,stratified,rf_v1,kg4_v1,postgame_v1,Data/daily_pipeline/models/2026-09-13/pitchers/656302.joblib,Data/daily_pipeline/predictions/postgame/2026-09-13/822764_656302.csv,Data/daily_pipeline/predictions/postgame/2026-09-13/822764_656302.json,2026-09-14T19:47:30.061841+00:00
2026-09-13,2026,822764,669432,Trevor Rogers,Toronto Blue Jays,95,56,32,0.5894736842105263,0.3368421052631579,0.2526315789473684,25.26315789473684,0.7499999999999999,74.99999999999999,stratified,rf_v1,kg4_v1,postgame_v1,Data/daily_pipeline/models/2026-09-13/pitchers/669432.joblib,Data/daily_pipeline/predictions/postgame/2026-09-13/822764_669432.csv,Data/daily_pipeline/predictions/postgame/2026-09-13/822764_669432.json,2026-09-14T19:46:32.115503+00:00
2026-09-13,2026,822928,642547,Freddy Peralta,Houston Astros,86,45,38,0.5232558139534884,0.4418604651162791,0.0813953488372093,8.139534883720934,0.1842105263157895,18.42105263157896,stratified,rf_v1,kg4_v1,postgame_v1,Data/daily_pipeline/models/2026-09-13/pitchers/642547.joblib,Data/daily_pipeline/predictions/postgame/2026-09-13/822928_642547.csv,Data/daily_pipeline/predictions/postgame/2026-09-13/822928_642547.json,2026-09-14T19:48:36.094415+00:00
2026-09-13,2026,822928,669713,Hayden Wesneski,Tampa Bay Rays,62,27,14,0.4354838709677419,0.2258064516129032,0.2096774193548387,20.967741935483872,0.9285714285714286,92.85714285714286,stratified,rf_v1,kg4_v1,postgame_v1,Data/daily_pipeline/models/2026-09-13/pitchers/669713.joblib,Data/daily_pipeline/predictions/postgame/2026-09-13/822928_669713.csv,Data/daily_pipeline/predictions/postgame/2026-09-13/822928_669713.json,2026-09-14T19:47:45.700630+00:00
2026-09-13,2026,823008,689818,David Sandlin,St. Louis Cardinals,70,8,6,0.1142857142857142,0.0857142857142857,0.0285714285714285,2.8571428571428568,0.3333333333333332,33.33333333333333,stratified,rf_v1,kg4_v1,postgame_v1,Data/daily_pipeline/models/2026-09-13/pitchers/689818.joblib,Data/daily_pipeline/predictions/postgame/2026-09-13/823008_689818.csv,Data/daily_pipeline/predictions/postgame/2026-09-13/823008_689818.json,2026-09-14T19:51:10.532355+00:00
2026-09-13,2026,823008,700241,Michael McGreevy,Chicago White Sox,90,36,15,0.4,0.1666666666666666,0.2333333333333333,23.333333333333336,1.4000000000000004,140.00000000000003,stratified,rf_v1,kg4_v1,postgame_v1,Data/daily_pipeline/models/2026-09-13/pitchers/700241.joblib,Data/daily_pipeline/predictions/postgame/2026-09-13/823008_700241.csv,Data/daily_pipeline/predictions/postgame/2026-09-13/823008_700241.json,2026-09-14T19:51:29.202941+00:00
2026-09-13,2026,823171,657277,Logan Webb,San Diego Padres,92,41,22,0.4456521739130434,0.2391304347826087,0.2065217391304347,20.65217391304348,0.8636363636363635,86.36363636363636,stratified,rf_v1,kg4_v1,postgame_v1,Data/daily_pipeline/models/2026-09-13/pitchers/657277.joblib,Data/daily_pipeline/predictions/postgame/2026-09-13/823171_657277.csv,Data/daily_pipeline/predictions/postgame/2026-09-13/823171_657277.json,2026-09-14T19:57:13.546939+00:00
2026-09-13,2026,823171,601713,Nick Pivetta,San Francisco Giants,69,41,25,0.5942028985507246,0.3623188405797101,0.2318840579710144,23.18840579710145,0.6399999999999999,63.99999999999999,stratified,rf_v1,kg4_v1,postgame_v1,Data/daily_pipeline/models/2026-09-13/pitchers/601713.joblib,Data/daily_pipeline/predictions/postgame/2026-09-13/823171_601713.csv,Data/daily_pipeline/predictions/postgame/2026-09-13/823171_601713.json,2026-09-14T19:56:26.523017+00:00
2026-09-13,2026,823495,693645,Cam Schlittler,New York Mets,94,51,34,0.5425531914893617,0.3617021276595745,0.1808510638297871,18.085106382978715,0.4999999999999998,49.99999999999998,stratified,rf_v1,kg4_v1,postgame_v1,Data/daily_pipeline/models/2026-09-13/pitchers/693645.joblib,Data/daily_pipeline/predictions/postgame/2026-09-13/823495_693645.csv,Data/daily_pipeline/predictions/postgame/2026-09-13/823495_693645.json,2026-09-14T19:45:54.203770+00:00
2026-09-13,2026,823495,681035,Christian Scott,New York Yankees,82,34,18,0.4146341463414634,0.2195121951219512,0.1951219512195121,19.51219512195122,0.8888888888888888,88.88888888888889,stratified,rf_v1,kg4_v1,postgame_v1,Data/daily_pipeline/models/2026-09-13/pitchers/681035.joblib,Data/daily_pipeline/predictions/postgame/2026-09-13/823495_681035.csv,Data/daily_pipeline/predictions/postgame/2026-09-13/823495_681035.json,2026-09-14T19:45:36.670924+00:00
2026-09-13,2026,823658,657746,Joe Ryan,Cleveland Guardians,84,25,22,0.2976190476190476,0.2619047619047619,0.0357142857142857,3.57142857142857,0.1363636363636363,13.63636363636363,stratified,rf_v1,kg4_v1,postgame_v1,Data/daily_pipeline/models/2026-09-13/pitchers/657746.joblib,Data/daily_pipeline/predictions/postgame/2026-09-13/823658_657746.csv,Data/daily_pipeline/predictions/postgame/2026-09-13/823658_657746.json,2026-09-14T19:50:24.056215+00:00
2026-09-13,2026,823658,676440,Tanner Bibee,Minnesota Twins,96,32,16,0.3333333333333333,0.1666666666666666,0.1666666666666666,16.666666666666664,1.0,100.0,stratified,rf_v1,kg4_v1,postgame_v1,Data/daily_pipeline/models/2026-09-13/pitchers/676440.joblib,Data/daily_pipeline/predictions/postgame/2026-09-13/823658_676440.csv,Data/daily_pipeline/predictions/postgame/2026-09-13/823658_676440.json,2026-09-14T19:49:48.913994+00:00
2026-09-13,2026,823734,695505,Chase Burns,Milwaukee Brewers,56,33,25,0.5892857142857143,0.4464285714285714,0.1428571428571428,14.285714285714285,0.3199999999999999,32.0,stratified,rf_v1,kg4_v1,postgame_v1,Data/daily_pipeline/models/2026-09-13/pitchers/695505.joblib,Data/daily_pipeline/predictions/postgame/2026-09-13/823734_695505.csv,Data/daily_pipeline/predictions/postgame/2026-09-13/823734_695505.json,2026-09-14T19:50:51.796230+00:00
2026-09-13,2026,823734,688107,Robert Gasser,Cincinnati Reds,89,22,11,0.247191011235955,0.1235955056179775,0.1235955056179775,12.359550561797752,1.0,100.0,stratified,rf_v1,kg4_v1,postgame_v1,Data/daily_pipeline/models/2026-09-13/pitchers/688107.joblib,Data/daily_pipeline/predictions/postgame/2026-09-13/823734_688107.csv,Data/daily_pipeline/predictions/postgame/2026-09-13/823734_688107.json,2026-09-14T19:51:03.717441+00:00
2026-09-13,2026,823815,686218,Emmet Sheehan,Miami Marlins,81,45,23,0.5555555555555556,0.2839506172839506,0.271604938271605,27.160493827160497,0.956521739130435,95.6521739130435,stratified,rf_v1,kg4_v1,postgame_v1,Data/daily_pipeline/models/2026-09-13/pitchers/686218.joblib,Data/daily_pipeline/predictions/postgame/2026-09-13/823815_686218.csv,Data/daily_pipeline/predictions/postgame/2026-09-13/823815_686218.json,2026-09-14T19:48:55.837083+00:00
2026-09-13,2026,823815,691587,Eury Pérez,Los Angeles Dodgers,96,28,21,0.2916666666666667,0.21875,0.0729166666666666,7.291666666666669,0.3333333333333334,33.33333333333334,stratified,rf_v1,kg4_v1,postgame_v1,Data/daily_pipeline/models/2026-09-13/pitchers/691587.joblib,Data/daily_pipeline/predictions/postgame/2026-09-13/823815_691587.csv,Data/daily_pipeline/predictions/postgame/2026-09-13/823815_691587.json,2026-09-14T19:49:20.216837+00:00
2026-09-13,2026,824225,687312,Gabriel Hughes,Detroit Tigers,70,26,22,0.3714285714285714,0.3142857142857143,0.0571428571428571,5.714285714285716,0.1818181818181818,18.181818181818187,stratified,rf_v1,kg4_v1,postgame_v1,Data/daily_pipeline/models/2026-09-13/pitchers/687312.joblib,Data/daily_pipeline/predictions/postgame/2026-09-13/824225_687312.csv,Data/daily_pipeline/predictions/postgame/2026-09-13/824225_687312.json,2026-09-14T19:43:20.835439+00:00
2026-09-13,2026,824225,695549,Jackson Jobe,Colorado Rockies,87,21,18,0.2413793103448276,0.2068965517241379,0.0344827586206896,3.448275862068967,0.1666666666666667,16.666666666666675,stratified,rf_v1,kg4_v1,postgame_v1,Data/daily_pipeline/models/2026-09-13/pitchers/695549.joblib,Data/daily_pipeline/predictions/postgame/2026-09-13/824225_695549.csv,Data/daily_pipeline/predictions/postgame/2026-09-13/824225_695549.json,2026-09-14T19:43:30.074707+00:00
2026-09-13,2026,824628,696149,Bubba Chandler,Chicago Cubs,90,31,26,0.3444444444444444,0.2888888888888888,0.0555555555555555,5.555555555555558,0.1923076923076924,19.23076923076924,stratified,rf_v1,kg4_v1,postgame_v1,Data/daily_pipeline/models/2026-09-13/pitchers/696149.joblib,Data/daily_pipeline/predictions/postgame/2026-09-13/824628_696149.csv,Data/daily_pipeline/predictions/postgame/2026-09-13/824628_696149.json,2026-09-14T19:51:45.811540+00:00
2026-09-13,2026,824628,571510,Matthew Boyd,Pittsburgh Pirates,88,46,22,0.5227272727272727,0.25,0.2727272727272727,27.27272727272727,1.0909090909090908,109.09090909090908,stratified,rf_v1,kg4_v1,postgame_v1,Data/daily_pipeline/models/2026-09-13/pitchers/571510.joblib,Data/daily_pipeline/predictions/postgame/2026-09-13/824628_571510.csv,Data/daily_pipeline/predictions/postgame/2026-09-13/824628_571510.json,2026-09-14T19:52:44.744403+00:00
2026-09-13,2026,824708,702070,Noah Cameron,Boston Red Sox,85,18,17,0.2117647058823529,0.2,0.0117647058823529,1.1764705882352926,0.0588235294117646,5.882352941176464,stratified,rf_v1,kg4_v1,postgame_v1,Data/daily_pipeline/models/2026-09-13/pitchers/702070.joblib,Data/daily_pipeline/predictions/postgame/2026-09-13/824708_702070.csv,Data/daily_pipeline/predictions/postgame/2026-09-13/824708_702070.json,2026-09-14T19:53:02.327476+00:00
2026-09-13,2026,824708,801139,Payton Tolle,Kansas City Royals,96,41,27,0.4270833333333333,0.28125,0.1458333333333333,14.583333333333332,0.5185185185185185,51.85185185185185,stratified,rf_v1,kg4_v1,postgame_v1,Data/daily_pipeline/models/2026-09-13/pitchers/801139.joblib,Data/daily_pipeline/predictions/postgame/2026-09-13/824708_801139.csv,Data/daily_pipeline/predictions/postgame/2026-09-13/824708_801139.json,2026-09-14T19:53:13.869134+00:00
2026-09-13,2026,824869,691725,Andrew Painter,Atlanta Braves,87,35,15,0.4022988505747126,0.1724137931034483,0.2298850574712643,22.988505747126435,1.3333333333333333,133.33333333333331,stratified,rf_v1,kg4_v1,postgame_v1,Data/daily_pipeline/models/2026-09-13/pitchers/691725.joblib,Data/daily_pipeline/predictions/postgame/2026-09-13/824869_691725.csv,Data/daily_pipeline/predictions/postgame/2026-09-13/824869_691725.json,2026-09-14T19:45:06.437010+00:00
2026-09-13,2026,824869,656550,Grant Holmes,Philadelphia Phillies,71,26,15,0.3661971830985915,0.2112676056338028,0.1549295774647887,15.492957746478876,0.7333333333333334,73.33333333333334,stratified,rf_v1,kg4_v1,postgame_v1,Data/daily_pipeline/models/2026-09-13/pitchers/656550.joblib,Data/daily_pipeline/predictions/postgame/2026-09-13/824869_656550.csv,Data/daily_pipeline/predictions/postgame/2026-09-13/824869_656550.json,2026-09-14T19:45:24.455248+00:00
2026-09-13,2026,824952,682243,Bryce Miller,Athletics,91,22,19,0.2417582417582417,0.2087912087912088,0.0329670329670329,3.296703296703296,0.1578947368421052,15.789473684210522,stratified,rf_v1,kg4_v1,postgame_v1,Data/daily_pipeline/models/2026-09-13/pitchers/682243.joblib,Data/daily_pipeline/predictions/postgame/2026-09-13/824952_682243.csv,Data/daily_pipeline/predictions/postgame/2026-09-13/824952_682243.json,2026-09-14T19:53:37.607004+00:00
2026-09-13,2026,824952,682052,Jacob Lopez,Seattle Mariners,85,33,21,0.388235294117647,0.2470588235294117,0.1411764705882353,14.117647058823527,0.5714285714285714,57.14285714285714,stratified,rf_v1,kg4_v1,postgame_v1,Data/daily_pipeline/models/2026-09-13/pitchers/682052.joblib,Data/daily_pipeline/predictions/postgame/2026-09-13/824952_682052.csv,Data/daily_pipeline/predictions/postgame/2026-09-13/824952_682052.json,2026-09-14T19:53:51.516965+00:00
2026-09-13,2026,825033,615698,Cal Quantrill,Arizona Diamondbacks,70,21,13,0.3,0.1857142857142857,0.1142857142857142,11.428571428571429,0.6153846153846153,61.53846153846153,stratified,rf_v1,kg4_v1,postgame_v1,Data/daily_pipeline/models/2026-09-13/pitchers/615698.joblib,Data/daily_pipeline/predictions/postgame/2026-09-13/825033_615698.csv,Data/daily_pipeline/predictions/postgame/2026-09-13/825033_615698.json,2026-09-14T19:54:34.697818+00:00
2026-09-13,2026,825033,593958,Eduardo Rodriguez,Texas Rangers,99,45,21,0.4545454545454545,0.2121212121212121,0.2424242424242424,24.24242424242424,1.1428571428571428,114.28571428571428,stratified,rf_v1,kg4_v1,postgame_v1,Data/daily_pipeline/models/2026-09-13/pitchers/593958.joblib,Data/daily_pipeline/predictions/postgame/2026-09-13/825033_593958.csv,Data/daily_pipeline/predictions/postgame/2026-09-13/825033_593958.json,2026-09-14T19:55:36.474760+00:00
2026-09-14,2026,822765,667755,José Soriano,Detroit Tigers,90,46,32,0.5111111111111111,0.3555555555555555,0.1555555555555555,15.55555555555555,0.4374999999999998,43.74999999999999,stratified,rf_v1,kg4_v1,postgame_v1,Data/daily_pipeline/models/2026-09-14/pitchers/667755.joblib,Data/daily_pipeline/predictions/postgame/2026-09-14/822765_667755.csv,Data/daily_pipeline/predictions/postgame/2026-09-14/822765_667755.json,2026-09-15T18:43:18.027878+00:00
2026-09-14,2026,822765,675512,Troy Melton,Toronto Blue Jays,76,17,12,0.2236842105263158,0.1578947368421052,0.0657894736842105,6.578947368421054,0.4166666666666667,41.66666666666667,stratified,rf_v1,kg4_v1,postgame_v1,Data/daily_pipeline/models/2026-09-14/pitchers/675512.joblib,Data/daily_pipeline/predictions/postgame/2026-09-14/822765_675512.csv,Data/daily_pipeline/predictions/postgame/2026-09-14/822765_675512.json,2026-09-15T18:42:56.435114+00:00
2026-09-14,2026,823006,694738,Landen Roupp,St. Louis Cardinals,88,31,28,0.3522727272727273,0.3181818181818182,0.0340909090909091,3.409090909090912,0.1071428571428572,10.714285714285722,stratified,rf_v1,kg4_v1,postgame_v1,Data/daily_pipeline/models/2026-09-14/pitchers/694738.joblib,Data/daily_pipeline/predictions/postgame/2026-09-14/823006_694738.csv,Data/daily_pipeline/predictions/postgame/2026-09-14/823006_694738.json,2026-09-15T18:45:47.652389+00:00
2026-09-14,2026,823006,687273,Quinn Mathews,San Francisco Giants,99,34,20,0.3434343434343434,0.202020202020202,0.1414141414141414,14.14141414141414,0.7,70.0,stratified,rf_v1,kg4_v1,postgame_v1,Data/daily_pipeline/models/2026-09-14/pitchers/687273.joblib,Data/daily_pipeline/predictions/postgame/2026-09-14/823006_687273.csv,Data/daily_pipeline/predictions/postgame/2026-09-14/823006_687273.json,2026-09-15T18:45:52.574435+00:00
2026-09-14,2026,823575,687064,Brandon Young,New York Mets,106,44,31,0.4150943396226415,0.2924528301886792,0.1226415094339622,12.26415094339623,0.4193548387096775,41.93548387096776,stratified,rf_v1,kg4_v1,postgame_v1,Data/daily_pipeline/models/2026-09-14/pitchers/687064.joblib,Data/daily_pipeline/predictions/postgame/2026-09-14/823575_687064.csv,Data/daily_pipeline/predictions/postgame/2026-09-14/823575_687064.json,2026-09-15T18:43:29.225033+00:00
2026-09-14,2026,823575,804636,Jonah Tong,Baltimore Orioles,83,46,31,0.5542168674698795,0.3734939759036144,0.1807228915662651,18.07228915662651,0.4838709677419355,48.38709677419356,stratified,rf_v1,kg4_v1,postgame_v1,Data/daily_pipeline/models/2026-09-14/pitchers/804636.joblib,Data/daily_pipeline/predictions/postgame/2026-09-14/823575_804636.csv,Data/daily_pipeline/predictions/postgame/2026-09-14/823575_804636.json,2026-09-15T18:43:36.736391+00:00
2026-09-14,2026,823656,665152,Dean Kremer,New York Yankees,94,28,26,0.2978723404255319,0.2765957446808511,0.0212765957446808,2.1276595744680824,0.0769230769230768,7.692307692307683,stratified,rf_v1,kg4_v1,postgame_v1,Data/daily_pipeline/models/2026-09-14/pitchers/665152.joblib,Data/daily_pipeline/predictions/postgame/2026-09-14/823656_665152.csv,Data/daily_pipeline/predictions/postgame/2026-09-14/823656_665152.json,2026-09-15T18:45:33.009477+00:00
2026-09-14,2026,823656,701542,Will Warren,Minnesota Twins,92,26,17,0.2826086956521739,0.1847826086956521,0.0978260869565217,9.782608695652172,0.5294117647058824,52.94117647058824,stratified,rf_v1,kg4_v1,postgame_v1,Data/daily_pipeline/models/2026-09-14/pitchers/701542.joblib,Data/daily_pipeline/predictions/postgame/2026-09-14/823656_701542.csv,Data/daily_pipeline/predictions/postgame/2026-09-14/823656_701542.json,2026-09-15T18:45:04.491976+00:00
2026-09-14,2026,823981,807739,Kade Anderson,Los Angeles Angels,72,35,26,0.4861111111111111,0.3611111111111111,0.125,12.5,0.3461538461538461,34.61538461538461,stratified,rf_v1,kg4_v1,postgame_v1,Data/daily_pipeline/models/2026-09-14/pitchers/807739.joblib,Data/daily_pipeline/predictions/postgame/2026-09-14/823981_807739.csv,Data/daily_pipeline/predictions/postgame/2026-09-14/823981_807739.json,2026-09-15T18:46:37.437027+00:00
2026-09-14,2026,823981,672282,Reid Detmers,Seattle Mariners,95,47,34,0.4947368421052631,0.3578947368421052,0.1368421052631578,13.684210526315788,0.3823529411764705,38.23529411764705,stratified,rf_v1,kg4_v1,postgame_v1,Data/daily_pipeline/models/2026-09-14/pitchers/672282.joblib,Data/daily_pipeline/predictions/postgame/2026-09-14/823981_672282.csv,Data/daily_pipeline/predictions/postgame/2026-09-14/823981_672282.json,2026-09-15T18:47:03.566725+00:00
2026-09-14,2026,824308,663554,Casey Mize,Colorado Rockies,75,28,26,0.3733333333333333,0.3466666666666667,0.0266666666666666,2.666666666666667,0.0769230769230769,7.692307692307694,stratified,rf_v1,kg4_v1,postgame_v1,Data/daily_pipeline/models/2026-09-14/pitchers/663554.joblib,Data/daily_pipeline/predictions/postgame/2026-09-14/824308_663554.csv,Data/daily_pipeline/predictions/postgame/2026-09-14/824308_663554.json,2026-09-15T18:46:18.686344+00:00
2026-09-14,2026,824308,608372,Tomoyuki Sugano,San Diego Padres,88,29,19,0.3295454545454545,0.2159090909090909,0.1136363636363636,11.363636363636362,0.5263157894736841,52.63157894736841,stratified,rf_v1,kg4_v1,postgame_v1,Data/daily_pipeline/models/2026-09-14/pitchers/608372.joblib,Data/daily_pipeline/predictions/postgame/2026-09-14/824308_608372.csv,Data/daily_pipeline/predictions/postgame/2026-09-14/824308_608372.json,2026-09-15T18:46:33.520937+00:00
2026-09-14,2026,824386,668909,Gavin Williams,Chicago White Sox,113,46,23,0.4070796460176991,0.2035398230088495,0.2035398230088495,20.35398230088496,1.0,100.0,stratified,rf_v1,kg4_v1,postgame_v1,Data/daily_pipeline/models/2026-09-14/pitchers/668909.joblib,Data/daily_pipeline/predictions/postgame/2026-09-14/824386_668909.csv,Data/daily_pipeline/predictions/postgame/2026-09-14/824386_668909.json,2026-09-15T18:42:48.247946+00:00
2026-09-14,2026,824386,656794,Sean Newcomb,Cleveland Guardians,13,10,4,0.7692307692307693,0.3076923076923077,0.4615384615384615,46.15384615384615,1.5,150.0,stratified,rf_v1,kg4_v1,postgame_v1,Data/daily_pipeline/models/2026-09-14/pitchers/656794.joblib,Data/daily_pipeline/predictions/postgame/2026-09-14/824386_656794.csv,Data/daily_pipeline/predictions/postgame/2026-09-14/824386_656794.json,2026-09-15T18:42:24.474098+00:00
2026-09-14,2026,824465,666157,Nick Lodolo,Los Angeles Dodgers,104,49,22,0.4711538461538461,0.2115384615384615,0.2596153846153846,25.96153846153846,1.227272727272727,122.7272727272727,stratified,rf_v1,kg4_v1,postgame_v1,Data/daily_pipeline/models/2026-09-14/pitchers/666157.joblib,Data/daily_pipeline/predictions/postgame/2026-09-14/824465_666157.csv,Data/daily_pipeline/predictions/postgame/2026-09-14/824465_666157.json,2026-09-15T18:41:47.937717+00:00
2026-09-14,2026,824465,669373,Tarik Skubal,Cincinnati Reds,90,51,20,0.5666666666666667,0.2222222222222222,0.3444444444444444,34.44444444444444,1.55,155.0,stratified,rf_v1,kg4_v1,postgame_v1,Data/daily_pipeline/models/2026-09-14/pitchers/669373.joblib,Data/daily_pipeline/predictions/postgame/2026-09-14/824465_669373.csv,Data/daily_pipeline/predictions/postgame/2026-09-14/824465_669373.json,2026-09-15T18:41:24.191769+00:00
2026-09-14,2026,824629,656849,David Peterson,Atlanta Braves,85,35,14,0.4117647058823529,0.1647058823529411,0.2470588235294117,24.70588235294117,1.5,150.0,stratified,rf_v1,kg4_v1,postgame_v1,Data/daily_pipeline/models/2026-09-14/pitchers/656849.joblib,Data/daily_pipeline/predictions/postgame/2026-09-14/824629_656849.csv,Data/daily_pipeline/predictions/postgame/2026-09-14/824629_656849.json,2026-09-15T18:44:48.872803+00:00
2026-09-14,2026,824629,625643,Reynaldo López,Chicago Cubs,62,30,22,0.4838709677419355,0.3548387096774194,0.1290322580645161,12.903225806451612,0.3636363636363636,36.36363636363636,stratified,rf_v1,kg4_v1,postgame_v1,Data/daily_pipeline/models/2026-09-14/pitchers/625643.joblib,Data/daily_pipeline/predictions/postgame/2026-09-14/824629_625643.csv,Data/daily_pipeline/predictions/postgame/2026-09-14/824629_625643.json,2026-09-15T18:44:12.564068+00:00
2026-09-14,2026,825034,669203,Corbin Burnes,Miami Marlins,75,35,23,0.4666666666666667,0.3066666666666666,0.16,16.000000000000004,0.5217391304347827,52.17391304347827,stratified,rf_v1,kg4_v1,postgame_v1,Data/daily_pipeline/models/2026-09-14/pitchers/669203.joblib,Data/daily_pipeline/predictions/postgame/2026-09-14/825034_669203.csv,Data/daily_pipeline/predictions/postgame/2026-09-14/825034_669203.json,2026-09-15T18:48:39.310175+00:00
2026-09-14,2026,825034,645261,Sandy Alcantara,Arizona Diamondbacks,101,22,17,0.2178217821782178,0.1683168316831683,0.0495049504950494,4.95049504950495,0.2941176470588234,29.411764705882344,stratified,rf_v1,kg4_v1,postgame_v1,Data/daily_pipeline/models/2026-09-14/pitchers/645261.joblib,Data/daily_pipeline/predictions/postgame/2026-09-14/825034_645261.csv,Data/daily_pipeline/predictions/postgame/2026-09-14/825034_645261.json,2026-09-15T18:47:54.858690+00:00
2026-09-15,2026,822683,650911,Cristopher Sánchez,Washington Nationals,98,53,38,0.5408163265306123,0.3877551020408163,0.1530612244897959,15.306122448979597,0.3947368421052633,39.473684210526336,stratified,rf_v1,kg4_v1,postgame_v1,Data/daily_pipeline/models/2026-09-15/pitchers/650911.joblib,Data/daily_pipeline/predictions/postgame/2026-09-15/822683_650911.csv,Data/daily_pipeline/predictions/postgame/2026-09-15/822683_650911.json,2026-09-16T18:39:57.714112+00:00
2026-09-15,2026,822683,800600,Jackson Kent,Philadelphia Phillies,88,28,9,0.3181818181818182,0.1022727272727272,0.2159090909090908,21.59090909090909,2.1111111111111107,211.1111111111111,stratified,rf_v1,kg4_v1,postgame_v1,Data/daily_pipeline/models/2026-09-15/pitchers/800600.joblib,Data/daily_pipeline/predictions/postgame/2026-09-15/822683_800600.csv,Data/daily_pipeline/predictions/postgame/2026-09-15/822683_800600.json,2026-09-16T18:40:04.303943+00:00
2026-09-15,2026,822762,680755,Braydon Fisher,Detroit Tigers,25,9,6,0.36,0.24,0.12,12.0,0.5,50.0,stratified,rf_v1,kg4_v1,postgame_v1,Data/daily_pipeline/models/2026-09-15/pitchers/680755.joblib,Data/daily_pipeline/predictions/postgame/2026-09-15/822762_680755.csv,Data/daily_pipeline/predictions/postgame/2026-09-15/822762_680755.json,2026-09-16T18:40:26.369961+00:00
2026-09-15,2026,822762,623454,Drew Anderson,Toronto Blue Jays,88,42,25,0.4772727272727273,0.2840909090909091,0.1931818181818181,19.318181818181817,0.6799999999999999,68.0,stratified,rf_v1,kg4_v1,postgame_v1,Data/daily_pipeline/models/2026-09-15/pitchers/623454.joblib,Data/daily_pipeline/predictions/postgame/2026-09-15/822762_623454.csv,Data/daily_pipeline/predictions/postgame/2026-09-15/822762_623454.json,2026-09-16T18:40:15.586870+00:00
2026-09-15,2026,822849,594798,Jacob deGrom,Boston Red Sox,92,35,27,0.3804347826086957,0.2934782608695652,0.0869565217391304,8.695652173913043,0.2962962962962963,29.629629629629623,stratified,rf_v1,kg4_v1,postgame_v1,Data/daily_pipeline/models/2026-09-15/pitchers/594798.joblib,Data/daily_pipeline/predictions/postgame/2026-09-15/822849_594798.csv,Data/daily_pipeline/predictions/postgame/2026-09-15/822849_594798.json,2026-09-16T18:47:03.435090+00:00
2026-09-15,2026,822849,663776,Patrick Sandoval,Texas Rangers,68,30,12,0.4411764705882353,0.1764705882352941,0.2647058823529411,26.470588235294112,1.4999999999999996,149.99999999999994,stratified,rf_v1,kg4_v1,postgame_v1,Data/daily_pipeline/models/2026-09-15/pitchers/663776.joblib,Data/daily_pipeline/predictions/postgame/2026-09-15/822849_663776.csv,Data/daily_pipeline/predictions/postgame/2026-09-15/822849_663776.json,2026-09-16T18:46:07.599940+00:00
2026-09-15,2026,822925,643377,Griffin Jax,Athletics,67,24,16,0.3582089552238806,0.2388059701492537,0.1194029850746268,11.940298507462686,0.4999999999999999,49.99999999999999,stratified,rf_v1,kg4_v1,postgame_v1,Data/daily_pipeline/models/2026-09-15/pitchers/643377.joblib,Data/daily_pipeline/predictions/postgame/2026-09-15/822925_643377.csv,Data/daily_pipeline/predictions/postgame/2026-09-15/822925_643377.json,2026-09-16T18:38:47.136041+00:00
2026-09-15,2026,822925,678022,Jack Perkins,Tampa Bay Rays,83,28,24,0.3373493975903614,0.2891566265060241,0.0481927710843373,4.819277108433734,0.1666666666666666,16.666666666666664,stratified,rf_v1,kg4_v1,postgame_v1,Data/daily_pipeline/models/2026-09-15/pitchers/678022.joblib,Data/daily_pipeline/predictions/postgame/2026-09-15/822925_678022.csv,Data/daily_pipeline/predictions/postgame/2026-09-15/822925_678022.json,2026-09-16T18:38:28.437440+00:00
2026-09-15,2026,823007,669467,Andre Pallante,San Francisco Giants,99,56,36,0.5656565656565656,0.3636363636363636,0.202020202020202,20.2020202020202,0.5555555555555555,55.55555555555555,stratified,rf_v1,kg4_v1,postgame_v1,Data/daily_pipeline/models/2026-09-15/pitchers/669467.joblib,Data/daily_pipeline/predictions/postgame/2026-09-15/823007_669467.csv,Data/daily_pipeline/predictions/postgame/2026-09-15/823007_669467.json,2026-09-16T18:45:38.958491+00:00
2026-09-15,2026,823007,694918,Blade Tidwell,St. Louis Cardinals,95,31,20,0.3263157894736842,0.2105263157894736,0.1157894736842105,11.578947368421057,0.5500000000000002,55.000000000000014,stratified,rf_v1,kg4_v1,postgame_v1,Data/daily_pipeline/models/2026-09-15/pitchers/694918.joblib,Data/daily_pipeline/predictions/postgame/2026-09-15/823007_694918.csv,Data/daily_pipeline/predictions/postgame/2026-09-15/823007_694918.json,2026-09-16T18:45:13.264153+00:00
2026-09-15,2026,823333,694819,Jacob Misiorowski,Pittsburgh Pirates,82,59,40,0.7195121951219512,0.4878048780487805,0.2317073170731707,23.17073170731707,0.475,47.5,stratified,rf_v1,kg4_v1,postgame_v1,Data/daily_pipeline/models/2026-09-15/pitchers/694819.joblib,Data/daily_pipeline/predictions/postgame/2026-09-15/823333_694819.csv,Data/daily_pipeline/predictions/postgame/2026-09-15/823333_694819.json,2026-09-16T18:39:20.867521+00:00
2026-09-15,2026,823333,669199,Lake Bachar,Milwaukee Brewers,47,20,10,0.425531914893617,0.2127659574468085,0.2127659574468085,21.27659574468085,1.0,100.0,stratified,rf_v1,kg4_v1,postgame_v1,Data/daily_pipeline/models/2026-09-15/pitchers/669199.joblib,Data/daily_pipeline/predictions/postgame/2026-09-15/823333_669199.csv,Data/daily_pipeline/predictions/postgame/2026-09-15/823333_669199.json,2026-09-16T18:39:32.334532+00:00
2026-09-15,2026,823574,640455,Sean Manaea,Baltimore Orioles,67,32,5,0.4776119402985074,0.0746268656716417,0.4029850746268656,40.298507462686565,5.4,540.0,stratified,rf_v1,kg4_v1,postgame_v1,Data/daily_pipeline/models/2026-09-15/pitchers/640455.joblib,Data/daily_pipeline/predictions/postgame/2026-09-15/823574_640455.csv,Data/daily_pipeline/predictions/postgame/2026-09-15/823574_640455.json,2026-09-16T18:41:40.150704+00:00
2026-09-15,2026,823574,669358,Shane Baz,New York Mets,68,23,16,0.3382352941176471,0.2352941176470588,0.1029411764705882,10.294117647058826,0.4375000000000001,43.750000000000014,stratified,rf_v1,kg4_v1,postgame_v1,Data/daily_pipeline/models/2026-09-15/pitchers/669358.joblib,Data/daily_pipeline/predictions/postgame/2026-09-15/823574_669358.csv,Data/daily_pipeline/predictions/postgame/2026-09-15/823574_669358.json,2026-09-16T18:40:44.078461+00:00
2026-09-15,2026,823654,641927,Bailey Ober,New York Yankees,101,33,25,0.3267326732673267,0.2475247524752475,0.0792079207920792,7.920792079207922,0.32,32.00000000000001,stratified,rf_v1,kg4_v1,postgame_v1,Data/daily_pipeline/models/2026-09-15/pitchers/641927.joblib,Data/daily_pipeline/predictions/postgame/2026-09-15/823654_641927.csv,Data/daily_pipeline/predictions/postgame/2026-09-15/823654_641927.json,2026-09-16T18:45:02.707833+00:00
2026-09-15,2026,823654,608331,Max Fried,Minnesota Twins,88,30,12,0.3409090909090909,0.1363636363636363,0.2045454545454545,20.454545454545453,1.5,150.0,stratified,rf_v1,kg4_v1,postgame_v1,Data/daily_pipeline/models/2026-09-15/pitchers/608331.joblib,Data/daily_pipeline/predictions/postgame/2026-09-15/823654_608331.csv,Data/daily_pipeline/predictions/postgame/2026-09-15/823654_608331.json,2026-09-16T18:44:37.530941+00:00
2026-09-15,2026,823980,669302,Logan Gilbert,Los Angeles Angels,96,46,26,0.4791666666666667,0.2708333333333333,0.2083333333333333,20.833333333333336,0.7692307692307694,76.92307692307693,stratified,rf_v1,kg4_v1,postgame_v1,Data/daily_pipeline/models/2026-09-15/pitchers/669302.joblib,Data/daily_pipeline/predictions/postgame/2026-09-15/823980_669302.csv,Data/daily_pipeline/predictions/postgame/2026-09-15/823980_669302.json,2026-09-16T18:50:26.091812+00:00
2026-09-15,2026,823980,696270,Ryan Johnson,Seattle Mariners,90,36,27,0.4,0.3,0.1,10.000000000000004,0.3333333333333335,33.33333333333335,stratified,rf_v1,kg4_v1,postgame_v1,Data/daily_pipeline/models/2026-09-15/pitchers/696270.joblib,Data/daily_pipeline/predictions/postgame/2026-09-15/823980_696270.csv,Data/daily_pipeline/predictions/postgame/2026-09-15/823980_696270.json,2026-09-16T18:50:34.939131+00:00
2026-09-15,2026,824143,686613,Hunter Brown,Kansas City Royals,91,28,14,0.3076923076923077,0.1538461538461538,0.1538461538461538,15.384615384615383,1.0,100.0,stratified,rf_v1,kg4_v1,postgame_v1,Data/daily_pipeline/models/2026-09-15/pitchers/686613.joblib,Data/daily_pipeline/predictions/postgame/2026-09-15/824143_686613.csv,Data/daily_pipeline/predictions/postgame/2026-09-15/824143_686613.json,2026-09-16T18:48:30.524973+00:00
2026-09-15,2026,824143,608379,Michael Wacha,Houston Astros,99,32,16,0.3232323232323232,0.1616161616161616,0.1616161616161616,16.161616161616163,1.0,100.0,stratified,rf_v1,kg4_v1,postgame_v1,Data/daily_pipeline/models/2026-09-15/pitchers/608379.joblib,Data/daily_pipeline/predictions/postgame/2026-09-15/824143_608379.csv,Data/daily_pipeline/predictions/postgame/2026-09-15/824143_608379.json,2026-09-16T18:48:06.638882+00:00
2026-09-15,2026,824307,607536,Kyle Freeland,San Diego Padres,50,9,10,0.18,0.2,-0.02,-2.0000000000000018,-0.1,-10.000000000000009,stratified,rf_v1,kg4_v1,postgame_v1,Data/daily_pipeline/models/2026-09-15/pitchers/607536.joblib,Data/daily_pipeline/predictions/postgame/2026-09-15/824307_607536.csv,Data/daily_pipeline/predictions/postgame/2026-09-15/824307_607536.json,2026-09-16T18:49:50.453367+00:00
2026-09-15,2026,824307,621111,Walker Buehler,Colorado Rockies,92,22,15,0.2391304347826087,0.1630434782608695,0.0760869565217391,7.608695652173914,0.4666666666666667,46.66666666666666,stratified,rf_v1,kg4_v1,postgame_v1,Data/daily_pipeline/models/2026-09-15/pitchers/621111.joblib,Data/daily_pipeline/predictions/postgame/2026-09-15/824307_621111.csv,Data/daily_pipeline/predictions/postgame/2026-09-15/824307_621111.json,2026-09-16T18:49:04.429663+00:00
2026-09-15,2026,824384,669684,Chris Murphy,Cleveland Guardians,27,10,5,0.3703703703703703,0.1851851851851851,0.1851851851851851,18.51851851851852,1.0,100.0,stratified,rf_v1,kg4_v1,postgame_v1,Data/daily_pipeline/models/2026-09-15/pitchers/669684.joblib,Data/daily_pipeline/predictions/postgame/2026-09-15/824384_669684.csv,Data/daily_pipeline/predictions/postgame/2026-09-15/824384_669684.json,2026-09-16T18:38:56.074691+00:00
2026-09-15,2026,824384,656492,Foster Griffin,Chicago White Sox,83,27,8,0.3253012048192771,0.0963855421686747,0.2289156626506024,22.89156626506024,2.375,237.5,stratified,rf_v1,kg4_v1,postgame_v1,Data/daily_pipeline/models/2026-09-15/pitchers/656492.joblib,Data/daily_pipeline/predictions/postgame/2026-09-15/824384_656492.csv,Data/daily_pipeline/predictions/postgame/2026-09-15/824384_656492.json,2026-09-16T18:39:08.876427+00:00
2026-09-15,2026,824466,695076,Rhett Lowder,Los Angeles Dodgers,91,39,21,0.4285714285714285,0.2307692307692307,0.1978021978021977,19.780219780219777,0.857142857142857,85.7142857142857,stratified,rf_v1,kg4_v1,postgame_v1,Data/daily_pipeline/models/2026-09-15/pitchers/695076.joblib,Data/daily_pipeline/predictions/postgame/2026-09-15/824466_695076.csv,Data/daily_pipeline/predictions/postgame/2026-09-15/824466_695076.json,2026-09-16T18:38:14.884095+00:00
2026-09-15,2026,824466,808967,Yoshinobu Yamamoto,Cincinnati Reds,91,22,13,0.2417582417582417,0.1428571428571428,0.0989010989010989,9.89010989010989,0.6923076923076924,69.23076923076924,stratified,rf_v1,kg4_v1,postgame_v1,Data/daily_pipeline/models/2026-09-15/pitchers/808967.joblib,Data/daily_pipeline/predictions/postgame/2026-09-15/824466_808967.csv,Data/daily_pipeline/predictions/postgame/2026-09-15/824466_808967.json,2026-09-16T18:38:04.436667+00:00
2026-09-15,2026,824627,592332,Kevin Gausman,Atlanta Braves,94,42,34,0.4468085106382978,0.3617021276595745,0.0851063829787233,8.510638297872337,0.2352941176470586,23.52941176470587,stratified,rf_v1,kg4_v1,postgame_v1,Data/daily_pipeline/models/2026-09-15/pitchers/592332.joblib,Data/daily_pipeline/predictions/postgame/2026-09-15/824627_592332.csv,Data/daily_pipeline/predictions/postgame/2026-09-15/824627_592332.json,2026-09-16T18:43:58.007997+00:00
2026-09-15,2026,824627,527048,Martín Pérez,Chicago Cubs,90,45,29,0.5,0.3222222222222222,0.1777777777777777,17.777777777777775,0.5517241379310344,55.17241379310344,stratified,rf_v1,kg4_v1,postgame_v1,Data/daily_pipeline/models/2026-09-15/pitchers/527048.joblib,Data/daily_pipeline/predictions/postgame/2026-09-15/824627_527048.csv,Data/daily_pipeline/predictions/postgame/2026-09-15/824627_527048.json,2026-09-16T18:42:47.525920+00:00
2026-09-15,2026,825030,676083,Janson Junk,Arizona Diamondbacks,72,31,9,0.4305555555555556,0.125,0.3055555555555556,30.55555555555556,2.4444444444444446,244.44444444444449,stratified,rf_v1,kg4_v1,postgame_v1,Data/daily_pipeline/models/2026-09-15/pitchers/676083.joblib,Data/daily_pipeline/predictions/postgame/2026-09-15/825030_676083.csv,Data/daily_pipeline/predictions/postgame/2026-09-15/825030_676083.json,2026-09-16T18:50:49.706012+00:00
2026-09-15,2026,825030,647336,Michael Soroka,Miami Marlins,80,33,15,0.4125,0.1875,0.2249999999999999,22.5,1.2,120.0,stratified,rf_v1,kg4_v1,postgame_v1,Data/daily_pipeline/models/2026-09-15/pitchers/647336.joblib,Data/daily_pipeline/predictions/postgame/2026-09-15/825030_647336.csv,Data/daily_pipeline/predictions/postgame/2026-09-15/825030_647336.json,2026-09-16T18:51:11.393381+00:00
2026-09-16,2026,822680,688692,Jared Simpson,Philadelphia Phillies,26,4,7,0.1538461538461538,0.2692307692307692,-0.1153846153846153,-11.538461538461537,-0.4285714285714285,-42.85714285714285,stratified,rf_v1,kg4_v1,postgame_v1,Data/daily_pipeline/models/2026-09-16/pitchers/688692.joblib,Data/daily_pipeline/predictions/postgame/2026-09-16/822680_688692.csv,Data/daily_pipeline/predictions/postgame/2026-09-16/822680_688692.json,2026-09-17T18:54:01.235500+00:00
2026-09-16,2026,822680,554430,Zack Wheeler,Washington Nationals,91,39,16,0.4285714285714285,0.1758241758241758,0.2527472527472527,25.27472527472528,1.4374999999999998,143.74999999999997,stratified,rf_v1,kg4_v1,postgame_v1,Data/daily_pipeline/models/2026-09-16/pitchers/554430.joblib,Data/daily_pipeline/predictions/postgame/2026-09-16/822680_554430.csv,Data/daily_pipeline/predictions/postgame/2026-09-16/822680_554430.json,2026-09-17T18:53:57.907628+00:00
2026-09-16,2026,822763,672456,Keider Montero,Toronto Blue Jays,89,32,16,0.3595505617977528,0.1797752808988764,0.1797752808988764,17.97752808988764,1.0,100.0,stratified,rf_v1,kg4_v1,postgame_v1,Data/daily_pipeline/models/2026-09-16/pitchers/672456.joblib,Data/daily_pipeline/predictions/postgame/2026-09-16/822763_672456.csv,Data/daily_pipeline/predictions/postgame/2026-09-16/822763_672456.json,2026-09-17T18:48:04.082203+00:00
2026-09-16,2026,822763,453286,Max Scherzer,Detroit Tigers,73,36,17,0.4931506849315068,0.2328767123287671,0.2602739726027397,26.02739726027397,1.1176470588235294,111.76470588235294,stratified,rf_v1,kg4_v1,postgame_v1,Data/daily_pipeline/models/2026-09-16/pitchers/453286.joblib,Data/daily_pipeline/predictions/postgame/2026-09-16/822763_453286.csv,Data/daily_pipeline/predictions/postgame/2026-09-16/822763_453286.json,2026-09-17T18:49:54.572628+00:00
2026-09-16,2026,822846,687562,Jake Bennett,Texas Rangers,91,40,30,0.4395604395604395,0.3296703296703296,0.1098901098901098,10.989010989010987,0.3333333333333333,33.33333333333333,stratified,rf_v1,kg4_v1,postgame_v1,Data/daily_pipeline/models/2026-09-16/pitchers/687562.joblib,Data/daily_pipeline/predictions/postgame/2026-09-16/822846_687562.csv,Data/daily_pipeline/predictions/postgame/2026-09-16/822846_687562.json,2026-09-17T18:56:02.607870+00:00
2026-09-16,2026,822846,669022,MacKenzie Gore,Boston Red Sox,69,41,26,0.5942028985507246,0.3768115942028985,0.217391304347826,21.73913043478261,0.5769230769230769,57.692307692307686,stratified,rf_v1,kg4_v1,postgame_v1,Data/daily_pipeline/models/2026-09-16/pitchers/669022.joblib,Data/daily_pipeline/predictions/postgame/2026-09-16/822846_669022.csv,Data/daily_pipeline/predictions/postgame/2026-09-16/822846_669022.json,2026-09-17T18:56:43.223912+00:00
2026-09-16,2026,822926,669620,Brady Basso,Tampa Bay Rays,52,26,16,0.5,0.3076923076923077,0.1923076923076923,19.23076923076923,0.6249999999999999,62.49999999999999,stratified,rf_v1,kg4_v1,postgame_v1,Data/daily_pipeline/models/2026-09-16/pitchers/669620.joblib,Data/daily_pipeline/predictions/postgame/2026-09-16/822926_669620.csv,Data/daily_pipeline/predictions/postgame/2026-09-16/822926_669620.json,2026-09-17T18:51:21.503298+00:00
2026-09-16,2026,822926,607259,Nick Martinez,Athletics,72,32,7,0.4444444444444444,0.0972222222222222,0.3472222222222222,34.72222222222222,3.571428571428571,357.1428571428571,stratified,rf_v1,kg4_v1,postgame_v1,Data/daily_pipeline/models/2026-09-16/pitchers/607259.joblib,Data/daily_pipeline/predictions/postgame/2026-09-16/822926_607259.csv,Data/daily_pipeline/predictions/postgame/2026-09-16/822926_607259.json,2026-09-17T18:52:15.475268+00:00
2026-09-16,2026,823004,683627,Anthony Molina,St. Louis Cardinals,82,37,26,0.4512195121951219,0.3170731707317073,0.1341463414634146,13.414634146341465,0.4230769230769231,42.30769230769231,stratified,rf_v1,kg4_v1,postgame_v1,Data/daily_pipeline/models/2026-09-16/pitchers/683627.joblib,Data/daily_pipeline/predictions/postgame/2026-09-16/823004_683627.csv,Data/daily_pipeline/predictions/postgame/2026-09-16/823004_683627.json,2026-09-17T18:46:26.576421+00:00
2026-09-16,2026,823004,669461,Matthew Liberatore,San Francisco Giants,81,30,13,0.3703703703703703,0.1604938271604938,0.2098765432098765,20.98765432098765,1.3076923076923077,130.76923076923077,stratified,rf_v1,kg4_v1,postgame_v1,Data/daily_pipeline/models/2026-09-16/pitchers/669461.joblib,Data/daily_pipeline/predictions/postgame/2026-09-16/823004_669461.csv,Data/daily_pipeline/predictions/postgame/2026-09-16/823004_669461.json,2026-09-17T18:46:45.808140+00:00
2026-09-16,2026,823332,683003,Jared Jones,Milwaukee Brewers,91,48,31,0.5274725274725275,0.3406593406593406,0.1868131868131868,18.68131868131868,0.5483870967741935,54.83870967741935,stratified,rf_v1,kg4_v1,postgame_v1,Data/daily_pipeline/models/2026-09-16/pitchers/683003.joblib,Data/daily_pipeline/predictions/postgame/2026-09-16/823332_683003.csv,Data/daily_pipeline/predictions/postgame/2026-09-16/823332_683003.json,2026-09-17T18:52:45.626119+00:00
2026-09-16,2026,823332,701656,Logan Henderson,Pittsburgh Pirates,87,37,36,0.425287356321839,0.4137931034482758,0.0114942528735632,1.1494252873563204,0.0277777777777777,2.7777777777777746,stratified,rf_v1,kg4_v1,postgame_v1,Data/daily_pipeline/models/2026-09-16/pitchers/701656.joblib,Data/daily_pipeline/predictions/postgame/2026-09-16/823332_701656.csv,Data/daily_pipeline/predictions/postgame/2026-09-16/823332_701656.json,2026-09-17T18:52:33.593476+00:00
2026-09-16,2026,823576,605135,Chris Bassitt,New York Mets,95,36,14,0.3789473684210526,0.1473684210526315,0.231578947368421,23.157894736842103,1.5714285714285718,157.1428571428572,stratified,rf_v1,kg4_v1,postgame_v1,Data/daily_pipeline/models/2026-09-16/pitchers/605135.joblib,Data/daily_pipeline/predictions/postgame/2026-09-16/823576_605135.csv,Data/daily_pipeline/predictions/postgame/2026-09-16/823576_605135.json,2026-09-17T18:55:01.430434+00:00
2026-09-16,2026,823576,675540,Xzavion Curry,Baltimore Orioles,61,31,22,0.5081967213114754,0.360655737704918,0.1475409836065573,14.754098360655735,0.409090909090909,40.90909090909091,stratified,rf_v1,kg4_v1,postgame_v1,Data/daily_pipeline/models/2026-09-16/pitchers/675540.joblib,Data/daily_pipeline/predictions/postgame/2026-09-16/823576_675540.csv,Data/daily_pipeline/predictions/postgame/2026-09-16/823576_675540.json,2026-09-17T18:55:15.079287+00:00
2026-09-16,2026,823655,607074,Carlos Rodón,Minnesota Twins,102,51,33,0.5,0.3235294117647059,0.1764705882352941,17.64705882352941,0.5454545454545454,54.54545454545454,stratified,rf_v1,kg4_v1,postgame_v1,Data/daily_pipeline/models/2026-09-16/pitchers/607074.joblib,Data/daily_pipeline/predictions/postgame/2026-09-16/823655_607074.csv,Data/daily_pipeline/predictions/postgame/2026-09-16/823655_607074.json,2026-09-17T18:47:35.776781+00:00
2026-09-16,2026,823655,805673,Zebby Matthews,New York Yankees,97,32,28,0.3298969072164948,0.2886597938144329,0.0412371134020618,4.123711340206188,0.1428571428571429,14.285714285714294,stratified,rf_v1,kg4_v1,postgame_v1,Data/daily_pipeline/models/2026-09-16/pitchers/805673.joblib,Data/daily_pipeline/predictions/postgame/2026-09-16/823655_805673.csv,Data/daily_pipeline/predictions/postgame/2026-09-16/823655_805673.json,2026-09-17T18:47:48.731478+00:00
2026-09-16,2026,823979,669923,George Kirby,Los Angeles Angels,93,30,22,0.3225806451612903,0.2365591397849462,0.086021505376344,8.602150537634406,0.3636363636363635,36.36363636363635,stratified,rf_v1,kg4_v1,postgame_v1,Data/daily_pipeline/models/2026-09-16/pitchers/669923.joblib,Data/daily_pipeline/predictions/postgame/2026-09-16/823979_669923.csv,Data/daily_pipeline/predictions/postgame/2026-09-16/823979_669923.json,2026-09-17T18:59:37.451373+00:00
2026-09-16,2026,823979,579328,Yusei Kikuchi,Seattle Mariners,99,48,33,0.4848484848484848,0.3333333333333333,0.1515151515151515,15.151515151515154,0.4545454545454546,45.45454545454547,stratified,rf_v1,kg4_v1,postgame_v1,Data/daily_pipeline/models/2026-09-16/pitchers/579328.joblib,Data/daily_pipeline/predictions/postgame/2026-09-16/823979_579328.csv,Data/daily_pipeline/predictions/postgame/2026-09-16/823979_579328.json,2026-09-17T19:00:26.720830+00:00
2026-09-16,2026,824140,664299,Cristian Javier,Kansas City Royals,85,36,38,0.4235294117647059,0.4470588235294118,-0.0235294117647059,-2.352941176470591,-0.0526315789473684,-5.263157894736848,stratified,rf_v1,kg4_v1,postgame_v1,Data/daily_pipeline/models/2026-09-16/pitchers/664299.joblib,Data/daily_pipeline/predictions/postgame/2026-09-16/824140_664299.csv,Data/daily_pipeline/predictions/postgame/2026-09-16/824140_664299.json,2026-09-17T18:57:44.505303+00:00
2026-09-16,2026,824140,663738,Daniel Lynch IV,Houston Astros,72,39,12,0.5416666666666666,0.1666666666666666,0.375,37.5,2.25,225.0,stratified,rf_v1,kg4_v1,postgame_v1,Data/daily_pipeline/models/2026-09-16/pitchers/663738.joblib,Data/daily_pipeline/predictions/postgame/2026-09-16/824140_663738.csv,Data/daily_pipeline/predictions/postgame/2026-09-16/824140_663738.json,2026-09-17T18:57:08.100371+00:00
2026-09-16,2026,824306,690279,Mason Adams,San Diego Padres,84,28,25,0.3333333333333333,0.2976190476190476,0.0357142857142857,3.57142857142857,0.1199999999999999,11.999999999999996,stratified,rf_v1,kg4_v1,postgame_v1,Data/daily_pipeline/models/2026-09-16/pitchers/690279.joblib,Data/daily_pipeline/predictions/postgame/2026-09-16/824306_690279.csv,Data/daily_pipeline/predictions/postgame/2026-09-16/824306_690279.json,2026-09-17T18:59:06.151336+00:00
2026-09-16,2026,824306,592662,Robbie Ray,Colorado Rockies,88,28,21,0.3181818181818182,0.2386363636363636,0.0795454545454545,7.954545454545453,0.3333333333333332,33.33333333333333,stratified,rf_v1,kg4_v1,postgame_v1,Data/daily_pipeline/models/2026-09-16/pitchers/592662.joblib,Data/daily_pipeline/predictions/postgame/2026-09-16/824306_592662.csv,Data/daily_pipeline/predictions/postgame/2026-09-16/824306_592662.json,2026-09-17T18:59:00.505287+00:00
2026-09-16,2026,824382,641743,Anthony Kay,Cleveland Guardians,66,22,10,0.3333333333333333,0.1515151515151515,0.1818181818181818,18.18181818181818,1.1999999999999995,119.99999999999996,stratified,rf_v1,kg4_v1,postgame_v1,Data/daily_pipeline/models/2026-09-16/pitchers/641743.joblib,Data/daily_pipeline/predictions/postgame/2026-09-16/824382_641743.csv,Data/daily_pipeline/predictions/postgame/2026-09-16/824382_641743.json,2026-09-17T18:46:05.781114+00:00
2026-09-16,2026,824382,800048,Parker Messick,Chicago White Sox,86,35,29,0.4069767441860465,0.3372093023255814,0.0697674418604651,6.976744186046513,0.2068965517241379,20.6896551724138,stratified,rf_v1,kg4_v1,postgame_v1,Data/daily_pipeline/models/2026-09-16/pitchers/800048.joblib,Data/daily_pipeline/predictions/postgame/2026-09-16/824382_800048.csv,Data/daily_pipeline/predictions/postgame/2026-09-16/824382_800048.json,2026-09-17T18:46:16.719992+00:00
2026-09-16,2026,824467,671096,Andrew Abbott,Los Angeles Dodgers,98,37,29,0.3775510204081632,0.2959183673469387,0.0816326530612244,8.163265306122447,0.2758620689655172,27.58620689655172,stratified,rf_v1,kg4_v1,postgame_v1,Data/daily_pipeline/models/2026-09-16/pitchers/671096.joblib,Data/daily_pipeline/predictions/postgame/2026-09-16/824467_671096.csv,Data/daily_pipeline/predictions/postgame/2026-09-16/824467_671096.json,2026-09-17T18:51:03.246843+00:00
2026-09-16,2026,824467,605483,Blake Snell,Cincinnati Reds,19,8,7,0.4210526315789473,0.3684210526315789,0.0526315789473684,5.263157894736842,0.1428571428571428,14.285714285714285,stratified,rf_v1,kg4_v1,postgame_v1,Data/daily_pipeline/models/2026-09-16/pitchers/605483.joblib,Data/daily_pipeline/predictions/postgame/2026-09-16/824467_605483.csv,Data/daily_pipeline/predictions/postgame/2026-09-16/824467_605483.json,2026-09-17T18:50:38.916872+00:00
2026-09-16,2026,824626,702275,JR Ritchie,Chicago Cubs,82,21,18,0.2560975609756097,0.2195121951219512,0.0365853658536585,3.6585365853658542,0.1666666666666666,16.666666666666668,stratified,rf_v1,kg4_v1,postgame_v1,Data/daily_pipeline/models/2026-09-16/pitchers/702275.joblib,Data/daily_pipeline/predictions/postgame/2026-09-16/824626_702275.csv,Data/daily_pipeline/predictions/postgame/2026-09-16/824626_702275.json,2026-09-17T18:55:24.156019+00:00
2026-09-16,2026,824626,684007,Shota Imanaga,Atlanta Braves,100,52,39,0.52,0.39,0.13,13.0,0.3333333333333333,33.33333333333333,stratified,rf_v1,kg4_v1,postgame_v1,Data/daily_pipeline/models/2026-09-16/pitchers/684007.joblib,Data/daily_pipeline/predictions/postgame/2026-09-16/824626_684007.csv,Data/daily_pipeline/predictions/postgame/2026-09-16/824626_684007.json,2026-09-17T18:55:52.469431+00:00
2026-09-16,2026,825031,518876,Merrill Kelly,Miami Marlins,91,28,23,0.3076923076923077,0.2527472527472527,0.0549450549450549,5.494505494505497,0.2173913043478262,21.73913043478262,stratified,rf_v1,kg4_v1,postgame_v1,Data/daily_pipeline/models/2026-09-16/pitchers/518876.joblib,Data/daily_pipeline/predictions/postgame/2026-09-16/825031_518876.csv,Data/daily_pipeline/predictions/postgame/2026-09-16/825031_518876.json,2026-09-17T19:01:20.433247+00:00
2026-09-16,2026,825031,687473,Ryan Gusto,Arizona Diamondbacks,86,33,11,0.3837209302325581,0.127906976744186,0.2558139534883721,25.58139534883721,2.0,200.0,stratified,rf_v1,kg4_v1,postgame_v1,Data/daily_pipeline/models/2026-09-16/pitchers/687473.joblib,Data/daily_pipeline/predictions/postgame/2026-09-16/825031_687473.csv,Data/daily_pipeline/predictions/postgame/2026-09-16/825031_687473.json,2026-09-17T19:00:38.931479+00:00
2026-09-17,2026,822845,543243,Sonny Gray,Texas Rangers,102,41,16,0.4019607843137255,0.1568627450980392,0.2450980392156863,24.50980392156863,1.5625000000000002,156.25000000000003,stratified,rf_v1,kg4_v1,postgame_v1,Data/daily_pipeline/models/2026-09-17/pitchers/543243.joblib,Data/daily_pipeline/predictions/postgame/2026-09-17/822845_543243.csv,Data/daily_pipeline/predictions/postgame/2026-09-17/822845_543243.json,2026-09-18T18:11:14.434750+00:00
2026-09-17,2026,822845,641302,Tyler Alexander,Boston Red Sox,18,7,3,0.3888888888888889,0.1666666666666666,0.2222222222222222,22.222222222222225,1.3333333333333337,133.33333333333334,stratified,rf_v1,kg4_v1,postgame_v1,Data/daily_pipeline/models/2026-09-17/pitchers/641302.joblib,Data/daily_pipeline/predictions/postgame/2026-09-17/822845_641302.csv,Data/daily_pipeline/predictions/postgame/2026-09-17/822845_641302.json,2026-09-18T18:11:46.365498+00:00
2026-09-17,2026,822924,656876,Drew Rasmussen,Athletics,76,33,13,0.4342105263157895,0.1710526315789473,0.2631578947368421,26.315789473684216,1.5384615384615388,153.84615384615387,stratified,rf_v1,kg4_v1,postgame_v1,Data/daily_pipeline/models/2026-09-17/pitchers/656876.joblib,Data/daily_pipeline/predictions/postgame/2026-09-17/822924_656876.csv,Data/daily_pipeline/predictions/postgame/2026-09-17/822924_656876.json,2026-09-18T18:04:50.556886+00:00
2026-09-17,2026,822924,605488,Jeffrey Springs,Tampa Bay Rays,66,29,17,0.4393939393939394,0.2575757575757575,0.1818181818181818,18.181818181818183,0.7058823529411765,70.58823529411765,stratified,rf_v1,kg4_v1,postgame_v1,Data/daily_pipeline/models/2026-09-17/pitchers/605488.joblib,Data/daily_pipeline/predictions/postgame/2026-09-17/822924_605488.csv,Data/daily_pipeline/predictions/postgame/2026-09-17/822924_605488.json,2026-09-18T18:04:18.416039+00:00
2026-09-17,2026,823334,690986,Kyle Harrison,Pittsburgh Pirates,50,24,22,0.48,0.44,0.0399999999999999,3.9999999999999982,0.0909090909090908,9.090909090909086,stratified,rf_v1,kg4_v1,postgame_v1,Data/daily_pipeline/models/2026-09-17/pitchers/690986.joblib,Data/daily_pipeline/predictions/postgame/2026-09-17/823334_690986.csv,Data/daily_pipeline/predictions/postgame/2026-09-17/823334_690986.json,2026-09-18T18:02:20.159556+00:00
2026-09-17,2026,823334,696062,Wilber Dotel,Milwaukee Brewers,30,12,10,0.4,0.3333333333333333,0.0666666666666667,6.666666666666671,0.2000000000000001,20.00000000000001,stratified,rf_v1,kg4_v1,postgame_v1,Data/daily_pipeline/models/2026-09-17/pitchers/696062.joblib,Data/daily_pipeline/predictions/postgame/2026-09-17/823334_696062.csv,Data/daily_pipeline/predictions/postgame/2026-09-17/823334_696062.json,2026-09-18T18:02:27.405020+00:00
2026-09-17,2026,823573,605400,Aaron Nola,New York Mets,81,39,16,0.4814814814814814,0.1975308641975308,0.2839506172839506,28.39506172839506,1.4375,143.75,stratified,rf_v1,kg4_v1,postgame_v1,Data/daily_pipeline/models/2026-09-17/pitchers/605400.joblib,Data/daily_pipeline/predictions/postgame/2026-09-17/823573_605400.csv,Data/daily_pipeline/predictions/postgame/2026-09-17/823573_605400.json,2026-09-18T18:08:05.462789+00:00
2026-09-17,2026,823573,690997,Nolan McLean,Philadelphia Phillies,82,34,21,0.4146341463414634,0.2560975609756097,0.1585365853658536,15.853658536585364,0.619047619047619,61.9047619047619,stratified,rf_v1,kg4_v1,postgame_v1,Data/daily_pipeline/models/2026-09-17/pitchers/690997.joblib,Data/daily_pipeline/predictions/postgame/2026-09-17/823573_690997.csv,Data/daily_pipeline/predictions/postgame/2026-09-17/823573_690997.json,2026-09-18T18:08:18.109351+00:00
2026-09-17,2026,823978,671737,Taj Bradley,Los Angeles Angels,98,41,33,0.4183673469387755,0.336734693877551,0.0816326530612245,8.163265306122453,0.2424242424242425,24.242424242424253,stratified,rf_v1,kg4_v1,postgame_v1,Data/daily_pipeline/models/2026-09-17/pitchers/671737.joblib,Data/daily_pipeline/predictions/postgame/2026-09-17/823978_671737.csv,Data/daily_pipeline/predictions/postgame/2026-09-17/823978_671737.json,2026-09-18T18:12:09.509963+00:00
2026-09-17,2026,823978,700712,Walbert Ureña,Minnesota Twins,91,53,26,0.5824175824175825,0.2857142857142857,0.2967032967032967,29.670329670329675,1.0384615384615388,103.84615384615388,stratified,rf_v1,kg4_v1,postgame_v1,Data/daily_pipeline/models/2026-09-17/pitchers/700712.joblib,Data/daily_pipeline/predictions/postgame/2026-09-17/823978_700712.csv,Data/daily_pipeline/predictions/postgame/2026-09-17/823978_700712.json,2026-09-18T18:12:23.033712+00:00
2026-09-17,2026,824141,699044,Miguel Ullola,Kansas City Royals,11,8,7,0.7272727272727273,0.6363636363636364,0.0909090909090909,9.090909090909092,0.1428571428571429,14.28571428571429,stratified,rf_v1,kg4_v1,postgame_v1,Data/daily_pipeline/models/2026-09-17/pitchers/699044.joblib,Data/daily_pipeline/predictions/postgame/2026-09-17/824141_699044.csv,Data/daily_pipeline/predictions/postgame/2026-09-17/824141_699044.json,2026-09-18T18:06:40.636821+00:00
2026-09-17,2026,824141,607625,Seth Lugo,Houston Astros,76,23,9,0.3026315789473684,0.1184210526315789,0.1842105263157895,18.42105263157895,1.5555555555555558,155.55555555555557,stratified,rf_v1,kg4_v1,postgame_v1,Data/daily_pipeline/models/2026-09-17/pitchers/607625.joblib,Data/daily_pipeline/predictions/postgame/2026-09-17/824141_607625.csv,Data/daily_pipeline/predictions/postgame/2026-09-17/824141_607625.json,2026-09-18T18:06:36.000892+00:00
2026-09-17,2026,824305,650633,Michael King,Colorado Rockies,104,34,19,0.3269230769230769,0.1826923076923076,0.1442307692307692,14.423076923076923,0.7894736842105264,78.94736842105264,stratified,rf_v1,kg4_v1,postgame_v1,Data/daily_pipeline/models/2026-09-17/pitchers/650633.joblib,Data/daily_pipeline/predictions/postgame/2026-09-17/824305_650633.csv,Data/daily_pipeline/predictions/postgame/2026-09-17/824305_650633.json,2026-09-18T18:05:26.570514+00:00
2026-09-17,2026,824305,685299,Tanner Gordon,San Diego Padres,86,39,30,0.4534883720930232,0.3488372093023256,0.1046511627906976,10.465116279069765,0.2999999999999999,29.99999999999999,stratified,rf_v1,kg4_v1,postgame_v1,Data/daily_pipeline/models/2026-09-17/pitchers/685299.joblib,Data/daily_pipeline/predictions/postgame/2026-09-17/824305_685299.csv,Data/daily_pipeline/predictions/postgame/2026-09-17/824305_685299.json,2026-09-18T18:05:46.421203+00:00
2026-09-17,2026,824464,663903,Brady Singer,Los Angeles Dodgers,96,51,39,0.53125,0.40625,0.125,12.5,0.3076923076923077,30.76923076923077,stratified,rf_v1,kg4_v1,postgame_v1,Data/daily_pipeline/models/2026-09-17/pitchers/663903.joblib,Data/daily_pipeline/predictions/postgame/2026-09-17/824464_663903.csv,Data/daily_pipeline/predictions/postgame/2026-09-17/824464_663903.json,2026-09-18T18:03:42.657937+00:00
2026-09-17,2026,824464,680736,Justin Wrobleski,Cincinnati Reds,32,11,6,0.34375,0.1875,0.15625,15.625,0.8333333333333334,83.33333333333334,stratified,rf_v1,kg4_v1,postgame_v1,Data/daily_pipeline/models/2026-09-17/pitchers/680736.joblib,Data/daily_pipeline/predictions/postgame/2026-09-17/824464_680736.csv,Data/daily_pipeline/predictions/postgame/2026-09-17/824464_680736.json,2026-09-18T18:02:39.523594+00:00
2026-09-17,2026,824548,607200,Erick Fedde,Detroit Tigers,89,43,19,0.4831460674157303,0.2134831460674157,0.2696629213483146,26.96629213483146,1.263157894736842,126.3157894736842,stratified,rf_v1,kg4_v1,postgame_v1,Data/daily_pipeline/models/2026-09-17/pitchers/607200.joblib,Data/daily_pipeline/predictions/postgame/2026-09-17/824548_607200.csv,Data/daily_pipeline/predictions/postgame/2026-09-17/824548_607200.json,2026-09-18T18:09:46.090928+00:00
2026-09-17,2026,824548,664285,Framber Valdez,Chicago White Sox,90,45,27,0.5,0.3,0.2,20.0,0.6666666666666667,66.66666666666667,stratified,rf_v1,kg4_v1,postgame_v1,Data/daily_pipeline/models/2026-09-17/pitchers/664285.joblib,Data/daily_pipeline/predictions/postgame/2026-09-17/824548_664285.csv,Data/daily_pipeline/predictions/postgame/2026-09-17/824548_664285.json,2026-09-18T18:09:03.699708+00:00
2026-09-18,2026,822847,656302,Dylan Cease,Texas Rangers,74,30,30,0.4054054054054054,0.4054054054054054,0.0,0.0,0.0,0.0,stratified,rf_v1,kg4_v1,postgame_v1,Data/daily_pipeline/models/2026-09-18/pitchers/656302.joblib,Data/daily_pipeline/predictions/postgame/2026-09-18/822847_656302.csv,Data/daily_pipeline/predictions/postgame/2026-09-18/822847_656302.json,2026-09-19T17:47:08.095275+00:00
2026-09-18,2026,822847,677958,Kumar Rocker,Toronto Blue Jays,76,20,18,0.2631578947368421,0.2368421052631578,0.0263157894736842,2.631578947368421,0.1111111111111111,11.11111111111111,stratified,rf_v1,kg4_v1,postgame_v1,Data/daily_pipeline/models/2026-09-18/pitchers/677958.joblib,Data/daily_pipeline/predictions/postgame/2026-09-18/822847_677958.csv,Data/daily_pipeline/predictions/postgame/2026-09-18/822847_677958.json,2026-09-19T17:47:19.026255+00:00
2026-09-18,2026,822923,693855,Ian Seymour,Boston Red Sox,87,33,20,0.3793103448275862,0.2298850574712643,0.1494252873563218,14.942528735632182,0.6499999999999999,64.99999999999999,stratified,rf_v1,kg4_v1,postgame_v1,Data/daily_pipeline/models/2026-09-18/pitchers/693855.joblib,Data/daily_pipeline/predictions/postgame/2026-09-18/822923_693855.csv,Data/daily_pipeline/predictions/postgame/2026-09-18/822923_693855.json,2026-09-19T17:45:41.619184+00:00
2026-09-18,2026,822923,624133,Ranger Suarez,Tampa Bay Rays,98,28,21,0.2857142857142857,0.2142857142857142,0.0714285714285714,7.142857142857142,0.3333333333333333,33.33333333333333,stratified,rf_v1,kg4_v1,postgame_v1,Data/daily_pipeline/models/2026-09-18/pitchers/624133.joblib,Data/daily_pipeline/predictions/postgame/2026-09-18/822923_624133.csv,Data/daily_pipeline/predictions/postgame/2026-09-18/822923_624133.json,2026-09-19T17:45:32.282856+00:00
2026-09-18,2026,823005,676917,Cade Cavalli,St. Louis Cardinals,73,18,16,0.2465753424657534,0.2191780821917808,0.0273972602739726,2.73972602739726,0.125,12.5,stratified,rf_v1,kg4_v1,postgame_v1,Data/daily_pipeline/models/2026-09-18/pitchers/676917.joblib,Data/daily_pipeline/predictions/postgame/2026-09-18/823005_676917.csv,Data/daily_pipeline/predictions/postgame/2026-09-18/823005_676917.json,2026-09-19T17:48:46.809410+00:00
2026-09-18,2026,823005,681517,Kyle Leahy,Washington Nationals,61,19,9,0.3114754098360656,0.1475409836065573,0.1639344262295082,16.393442622950822,1.1111111111111112,111.11111111111111,stratified,rf_v1,kg4_v1,postgame_v1,Data/daily_pipeline/models/2026-09-18/pitchers/681517.joblib,Data/daily_pipeline/predictions/postgame/2026-09-18/823005_681517.csv,Data/daily_pipeline/predictions/postgame/2026-09-18/823005_681517.json,2026-09-19T17:49:00.410878+00:00
2026-09-18,2026,823252,601713,Nick Pivetta,Miami Marlins,76,42,27,0.5526315789473685,0.3552631578947368,0.1973684210526316,19.736842105263165,0.5555555555555557,55.55555555555557,stratified,rf_v1,kg4_v1,postgame_v1,Data/daily_pipeline/models/2026-09-18/pitchers/601713.joblib,Data/daily_pipeline/predictions/postgame/2026-09-18/823252_601713.csv,Data/daily_pipeline/predictions/postgame/2026-09-18/823252_601713.json,2026-09-19T17:50:24.163625+00:00
2026-09-18,2026,823252,663969,Tyler Phillips,San Diego Padres,50,12,10,0.24,0.2,0.0399999999999999,3.9999999999999982,0.1999999999999999,19.99999999999999,stratified,rf_v1,kg4_v1,postgame_v1,Data/daily_pipeline/models/2026-09-18/pitchers/663969.joblib,Data/daily_pipeline/predictions/postgame/2026-09-18/823252_663969.csv,Data/daily_pipeline/predictions/postgame/2026-09-18/823252_663969.json,2026-09-19T17:49:38.360721+00:00
2026-09-18,2026,823331,694973,Paul Skenes,Kansas City Royals,89,39,22,0.4382022471910112,0.247191011235955,0.1910112359550562,19.10112359550562,0.7727272727272728,77.27272727272728,stratified,rf_v1,kg4_v1,postgame_v1,Data/daily_pipeline/models/2026-09-18/pitchers/694973.joblib,Data/daily_pipeline/predictions/postgame/2026-09-18/823331_694973.csv,Data/daily_pipeline/predictions/postgame/2026-09-18/823331_694973.json,2026-09-19T17:44:12.255119+00:00
2026-09-18,2026,823331,677976,Randy Dobnak,Pittsburgh Pirates,74,35,16,0.4729729729729729,0.2162162162162162,0.2567567567567567,25.67567567567568,1.1874999999999998,118.74999999999996,stratified,rf_v1,kg4_v1,postgame_v1,Data/daily_pipeline/models/2026-09-18/pitchers/677976.joblib,Data/daily_pipeline/predictions/postgame/2026-09-18/823331_677976.csv,Data/daily_pipeline/predictions/postgame/2026-09-18/823331_677976.json,2026-09-19T17:43:52.098626+00:00
2026-09-18,2026,823572,641835,Tim Mayza,New York Mets,32,18,13,0.5625,0.40625,0.15625,15.625,0.3846153846153846,38.46153846153847,stratified,rf_v1,kg4_v1,postgame_v1,Data/daily_pipeline/models/2026-09-18/pitchers/641835.joblib,Data/daily_pipeline/predictions/postgame/2026-09-18/823572_641835.csv,Data/daily_pipeline/predictions/postgame/2026-09-18/823572_641835.json,2026-09-19T17:45:59.922499+00:00
2026-09-18,2026,823572,804267,Zac Thornton,Philadelphia Phillies,87,31,18,0.3563218390804598,0.2068965517241379,0.1494252873563218,14.942528735632186,0.7222222222222223,72.22222222222223,stratified,rf_v1,kg4_v1,postgame_v1,Data/daily_pipeline/models/2026-09-18/pitchers/804267.joblib,Data/daily_pipeline/predictions/postgame/2026-09-18/823572_804267.csv,Data/daily_pipeline/predictions/postgame/2026-09-18/823572_804267.json,2026-09-19T17:46:06.923056+00:00
2026-09-18,2026,823898,702885,Cesar Perdomo,Los Angeles Dodgers,83,40,27,0.4819277108433735,0.3253012048192771,0.1566265060240964,15.66265060240964,0.4814814814814815,48.14814814814815,stratified,rf_v1,kg4_v1,postgame_v1,Data/daily_pipeline/models/2026-09-18/pitchers/702885.joblib,Data/daily_pipeline/predictions/postgame/2026-09-18/823898_702885.csv,Data/daily_pipeline/predictions/postgame/2026-09-18/823898_702885.json,2026-09-19T17:52:38.935504+00:00
2026-09-18,2026,823898,607192,Tyler Glasnow,San Francisco Giants,98,46,30,0.4693877551020408,0.3061224489795918,0.163265306122449,16.3265306122449,0.5333333333333333,53.333333333333336,stratified,rf_v1,kg4_v1,postgame_v1,Data/daily_pipeline/models/2026-09-18/pitchers/607192.joblib,Data/daily_pipeline/predictions/postgame/2026-09-18/823898_607192.csv,Data/daily_pipeline/predictions/postgame/2026-09-18/823898_607192.json,2026-09-19T17:53:14.767149+00:00
2026-09-18,2026,823977,687570,Connor Prielipp,Los Angeles Angels,92,39,15,0.4239130434782608,0.1630434782608695,0.2608695652173913,26.08695652173913,1.6,160.0,stratified,rf_v1,kg4_v1,postgame_v1,Data/daily_pipeline/models/2026-09-18/pitchers/687570.joblib,Data/daily_pipeline/predictions/postgame/2026-09-18/823977_687570.csv,Data/daily_pipeline/predictions/postgame/2026-09-18/823977_687570.json,2026-09-19T17:49:09.303604+00:00
2026-09-18,2026,823977,680570,Grayson Rodriguez,Minnesota Twins,91,44,23,0.4835164835164835,0.2527472527472527,0.2307692307692307,23.07692307692308,0.9130434782608696,91.30434782608695,stratified,rf_v1,kg4_v1,postgame_v1,Data/daily_pipeline/models/2026-09-18/pitchers/680570.joblib,Data/daily_pipeline/predictions/postgame/2026-09-18/823977_680570.csv,Data/daily_pipeline/predictions/postgame/2026-09-18/823977_680570.json,2026-09-19T17:49:25.847515+00:00
2026-09-18,2026,824138,663567,Peter Lambert,Atlanta Braves,87,38,24,0.4367816091954023,0.2758620689655172,0.160919540229885,16.09195402298851,0.5833333333333335,58.33333333333335,stratified,rf_v1,kg4_v1,postgame_v1,Data/daily_pipeline/models/2026-09-18/pitchers/663567.joblib,Data/daily_pipeline/predictions/postgame/2026-09-18/824138_663567.csv,Data/daily_pipeline/predictions/postgame/2026-09-18/824138_663567.json,2026-09-19T17:48:35.459878+00:00
2026-09-18,2026,824138,641816,Tyler Mahle,Houston Astros,98,50,38,0.5102040816326531,0.3877551020408163,0.1224489795918367,12.244897959183676,0.3157894736842106,31.578947368421066,stratified,rf_v1,kg4_v1,postgame_v1,Data/daily_pipeline/models/2026-09-18/pitchers/641816.joblib,Data/daily_pipeline/predictions/postgame/2026-09-18/824138_641816.csv,Data/daily_pipeline/predictions/postgame/2026-09-18/824138_641816.json,2026-09-19T17:48:16.247418+00:00
2026-09-18,2026,824303,693433,Bryan Woo,Colorado Rockies,86,46,29,0.5348837209302325,0.3372093023255814,0.1976744186046511,19.767441860465112,0.5862068965517241,58.620689655172406,stratified,rf_v1,kg4_v1,postgame_v1,Data/daily_pipeline/models/2026-09-18/pitchers/693433.joblib,Data/daily_pipeline/predictions/postgame/2026-09-18/824303_693433.csv,Data/daily_pipeline/predictions/postgame/2026-09-18/824303_693433.json,2026-09-19T17:47:39.080426+00:00
2026-09-18,2026,824303,687312,Gabriel Hughes,Seattle Mariners,95,36,25,0.3789473684210526,0.2631578947368421,0.1157894736842105,11.578947368421057,0.4400000000000001,44.000000000000014,stratified,rf_v1,kg4_v1,postgame_v1,Data/daily_pipeline/models/2026-09-18/pitchers/687312.joblib,Data/daily_pipeline/predictions/postgame/2026-09-18/824303_687312.csv,Data/daily_pipeline/predictions/postgame/2026-09-18/824303_687312.json,2026-09-19T17:47:45.145463+00:00
2026-09-18,2026,824383,682982,Daniel Espino,Athletics,27,14,10,0.5185185185185185,0.3703703703703703,0.1481481481481481,14.814814814814811,0.4,40.0,stratified,rf_v1,kg4_v1,postgame_v1,Data/daily_pipeline/models/2026-09-18/pitchers/682982.joblib,Data/daily_pipeline/predictions/postgame/2026-09-18/824383_682982.csv,Data/daily_pipeline/predictions/postgame/2026-09-18/824383_682982.json,2026-09-19T17:45:00.104971+00:00
2026-09-18,2026,824383,686930,Mason Barnett,Cleveland Guardians,79,41,23,0.5189873417721519,0.2911392405063291,0.2278481012658227,22.78481012658228,0.782608695652174,78.26086956521739,stratified,rf_v1,kg4_v1,postgame_v1,Data/daily_pipeline/models/2026-09-18/pitchers/686930.joblib,Data/daily_pipeline/predictions/postgame/2026-09-18/824383_686930.csv,Data/daily_pipeline/predictions/postgame/2026-09-18/824383_686930.json,2026-09-19T17:44:54.635497+00:00
2026-09-18,2026,824463,695505,Chase Burns,Chicago Cubs,67,34,32,0.5074626865671642,0.4776119402985074,0.0298507462686567,2.985074626865675,0.0625,6.250000000000007,stratified,rf_v1,kg4_v1,postgame_v1,Data/daily_pipeline/models/2026-09-18/pitchers/695505.joblib,Data/daily_pipeline/predictions/postgame/2026-09-18/824463_695505.csv,Data/daily_pipeline/predictions/postgame/2026-09-18/824463_695505.json,2026-09-19T17:43:39.965698+00:00
2026-09-18,2026,824463,605280,Clay Holmes,Cincinnati Reds,97,42,22,0.4329896907216495,0.2268041237113402,0.2061855670103093,20.61855670103093,0.9090909090909092,90.90909090909092,stratified,rf_v1,kg4_v1,postgame_v1,Data/daily_pipeline/models/2026-09-18/pitchers/605280.joblib,Data/daily_pipeline/predictions/postgame/2026-09-18/824463_605280.csv,Data/daily_pipeline/predictions/postgame/2026-09-18/824463_605280.json,2026-09-19T17:43:29.783727+00:00
2026-09-18,2026,824547,808825,Andrew Sears,Chicago White Sox,37,15,14,0.4054054054054054,0.3783783783783784,0.027027027027027,2.702702702702702,0.0714285714285714,7.142857142857142,stratified,rf_v1,kg4_v1,postgame_v1,Data/daily_pipeline/models/2026-09-18/pitchers/808825.joblib,Data/daily_pipeline/predictions/postgame/2026-09-18/824547_808825.csv,Data/daily_pipeline/predictions/postgame/2026-09-18/824547_808825.json,2026-09-19T17:46:12.125054+00:00
2026-09-18,2026,824547,689818,David Sandlin,Detroit Tigers,74,16,11,0.2162162162162162,0.1486486486486486,0.0675675675675675,6.756756756756757,0.4545454545454545,45.45454545454545,stratified,rf_v1,kg4_v1,postgame_v1,Data/daily_pipeline/models/2026-09-18/pitchers/689818.joblib,Data/daily_pipeline/predictions/postgame/2026-09-18/824547_689818.csv,Data/daily_pipeline/predictions/postgame/2026-09-18/824547_689818.json,2026-09-19T17:46:18.627004+00:00
2026-09-18,2026,824790,700249,Cade Povich,Milwaukee Brewers,71,38,21,0.5352112676056338,0.2957746478873239,0.2394366197183098,23.94366197183098,0.8095238095238094,80.95238095238095,stratified,rf_v1,kg4_v1,postgame_v1,Data/daily_pipeline/models/2026-09-18/pitchers/700249.joblib,Data/daily_pipeline/predictions/postgame/2026-09-18/824790_700249.csv,Data/daily_pipeline/predictions/postgame/2026-09-18/824790_700249.json,2026-09-19T17:44:46.275543+00:00
2026-09-18,2026,824790,669160,Dustin May,Baltimore Orioles,70,22,17,0.3142857142857143,0.2428571428571428,0.0714285714285714,7.142857142857142,0.2941176470588235,29.411764705882355,stratified,rf_v1,kg4_v1,postgame_v1,Data/daily_pipeline/models/2026-09-18/pitchers/669160.joblib,Data/daily_pipeline/predictions/postgame/2026-09-18/824790_669160.csv,Data/daily_pipeline/predictions/postgame/2026-09-18/824790_669160.json,2026-09-19T17:44:32.740563+00:00
2026-09-18,2026,825032,593958,Eduardo Rodriguez,New York Yankees,103,46,21,0.4466019417475728,0.203883495145631,0.2427184466019417,24.271844660194176,1.190476190476191,119.04761904761908,stratified,rf_v1,kg4_v1,postgame_v1,Data/daily_pipeline/models/2026-09-18/pitchers/593958.joblib,Data/daily_pipeline/predictions/postgame/2026-09-18/825032_593958.csv,Data/daily_pipeline/predictions/postgame/2026-09-18/825032_593958.json,2026-09-19T17:52:34.708705+00:00
2026-09-18,2026,825032,543037,Gerrit Cole,Arizona Diamondbacks,90,44,25,0.4888888888888889,0.2777777777777778,0.211111111111111,21.111111111111107,0.7599999999999999,75.99999999999999,stratified,rf_v1,kg4_v1,postgame_v1,Data/daily_pipeline/models/2026-09-18/pitchers/543037.joblib,Data/daily_pipeline/predictions/postgame/2026-09-18/825032_543037.csv,Data/daily_pipeline/predictions/postgame/2026-09-18/825032_543037.json,2026-09-19T17:51:38.674228+00:00
2026-09-19,2026,822843,615698,Cal Quantrill,Toronto Blue Jays,12,7,1,0.5833333333333334,0.0833333333333333,0.5,50.0,6.0,600.0,stratified,rf_v1,kg4_v1,postgame_v1,Data/daily_pipeline/models/2026-09-19/pitchers/615698.joblib,Data/daily_pipeline/predictions/postgame/2026-09-19/822843_615698.csv,Data/daily_pipeline/predictions/postgame/2026-09-19/822843_615698.json,2026-09-20T17:59:40.930488+00:00
2026-09-19,2026,822843,667755,José Soriano,Texas Rangers,80,36,22,0.45,0.275,0.175,17.5,0.6363636363636362,63.636363636363626,stratified,rf_v1,kg4_v1,postgame_v1,Data/daily_pipeline/models/2026-09-19/pitchers/667755.joblib,Data/daily_pipeline/predictions/postgame/2026-09-19/822843_667755.csv,Data/daily_pipeline/predictions/postgame/2026-09-19/822843_667755.json,2026-09-20T17:59:04.525218+00:00
2026-09-19,2026,822921,678394,Brayan Bello,Tampa Bay Rays,93,23,16,0.2473118279569892,0.1720430107526881,0.075268817204301,7.526881720430106,0.4374999999999999,43.74999999999999,stratified,rf_v1,kg4_v1,postgame_v1,Data/daily_pipeline/models/2026-09-19/pitchers/678394.joblib,Data/daily_pipeline/predictions/postgame/2026-09-19/822921_678394.csv,Data/daily_pipeline/predictions/postgame/2026-09-19/822921_678394.json,2026-09-20T17:55:29.306780+00:00
2026-09-19,2026,822921,642547,Freddy Peralta,Boston Red Sox,97,58,41,0.5979381443298969,0.422680412371134,0.1752577319587628,17.525773195876287,0.4146341463414634,41.46341463414634,stratified,rf_v1,kg4_v1,postgame_v1,Data/daily_pipeline/models/2026-09-19/pitchers/642547.joblib,Data/daily_pipeline/predictions/postgame/2026-09-19/822921_642547.csv,Data/daily_pipeline/predictions/postgame/2026-09-19/822921_642547.json,2026-09-20T17:56:09.990864+00:00
2026-09-19,2026,823003,674841,Andrew Alvarez,St. Louis Cardinals,92,39,23,0.4239130434782608,0.25,0.1739130434782608,17.391304347826086,0.6956521739130435,69.56521739130434,stratified,rf_v1,kg4_v1,postgame_v1,Data/daily_pipeline/models/2026-09-19/pitchers/674841.joblib,Data/daily_pipeline/predictions/postgame/2026-09-19/823003_674841.csv,Data/daily_pipeline/predictions/postgame/2026-09-19/823003_674841.json,2026-09-20T18:00:27.418747+00:00
2026-09-19,2026,823003,700241,Michael McGreevy,Washington Nationals,88,40,13,0.4545454545454545,0.1477272727272727,0.3068181818181817,30.681818181818176,2.0769230769230766,207.69230769230768,stratified,rf_v1,kg4_v1,postgame_v1,Data/daily_pipeline/models/2026-09-19/pitchers/700241.joblib,Data/daily_pipeline/predictions/postgame/2026-09-19/823003_700241.csv,Data/daily_pipeline/predictions/postgame/2026-09-19/823003_700241.json,2026-09-20T18:00:42.732468+00:00
2026-09-19,2026,823249,663554,Casey Mize,Miami Marlins,74,29,15,0.3918918918918919,0.2027027027027027,0.1891891891891891,18.91891891891892,0.9333333333333332,93.33333333333331,stratified,rf_v1,kg4_v1,postgame_v1,Data/daily_pipeline/models/2026-09-19/pitchers/663554.joblib,Data/daily_pipeline/predictions/postgame/2026-09-19/823249_663554.csv,Data/daily_pipeline/predictions/postgame/2026-09-19/823249_663554.json,2026-09-20T18:03:51.192893+00:00
2026-09-19,2026,823249,691587,Eury Pérez,San Diego Padres,97,29,20,0.2989690721649484,0.2061855670103092,0.0927835051546391,9.278350515463918,0.45,45.00000000000001,stratified,rf_v1,kg4_v1,postgame_v1,Data/daily_pipeline/models/2026-09-19/pitchers/691587.joblib,Data/daily_pipeline/predictions/postgame/2026-09-19/823249_691587.csv,Data/daily_pipeline/predictions/postgame/2026-09-19/823249_691587.json,2026-09-20T18:03:26.947377+00:00
2026-09-19,2026,823330,696149,Bubba Chandler,Kansas City Royals,90,57,34,0.6333333333333333,0.3777777777777777,0.2555555555555555,25.55555555555556,0.676470588235294,67.6470588235294,stratified,rf_v1,kg4_v1,postgame_v1,Data/daily_pipeline/models/2026-09-19/pitchers/696149.joblib,Data/daily_pipeline/predictions/postgame/2026-09-19/823330_696149.csv,Data/daily_pipeline/predictions/postgame/2026-09-19/823330_696149.json,2026-09-20T17:58:42.200572+00:00
2026-09-19,2026,823330,702070,Noah Cameron,Pittsburgh Pirates,94,23,18,0.2446808510638297,0.1914893617021276,0.0531914893617021,5.319148936170212,0.2777777777777777,27.77777777777777,stratified,rf_v1,kg4_v1,postgame_v1,Data/daily_pipeline/models/2026-09-19/pitchers/702070.joblib,Data/daily_pipeline/predictions/postgame/2026-09-19/823330_702070.csv,Data/daily_pipeline/predictions/postgame/2026-09-19/823330_702070.json,2026-09-20T17:58:30.675050+00:00
2026-09-19,2026,823571,691725,Andrew Painter,New York Mets,85,35,19,0.4117647058823529,0.2235294117647059,0.188235294117647,18.823529411764703,0.8421052631578946,84.21052631578945,stratified,rf_v1,kg4_v1,postgame_v1,Data/daily_pipeline/models/2026-09-19/pitchers/691725.joblib,Data/daily_pipeline/predictions/postgame/2026-09-19/823571_691725.csv,Data/daily_pipeline/predictions/postgame/2026-09-19/823571_691725.json,2026-09-20T17:56:20.703330+00:00
2026-09-19,2026,823571,681035,Christian Scott,Philadelphia Phillies,79,31,26,0.3924050632911392,0.3291139240506329,0.0632911392405063,6.329113924050633,0.1923076923076923,19.23076923076924,stratified,rf_v1,kg4_v1,postgame_v1,Data/daily_pipeline/models/2026-09-19/pitchers/681035.joblib,Data/daily_pipeline/predictions/postgame/2026-09-19/823571_681035.csv,Data/daily_pipeline/predictions/postgame/2026-09-19/823571_681035.json,2026-09-20T17:56:32.182292+00:00
2026-09-19,2026,823899,669373,Tarik Skubal,San Francisco Giants,86,42,23,0.4883720930232558,0.2674418604651162,0.2209302325581395,22.09302325581396,0.8260869565217392,82.60869565217392,stratified,rf_v1,kg4_v1,postgame_v1,Data/daily_pipeline/models/2026-09-19/pitchers/669373.joblib,Data/daily_pipeline/predictions/postgame/2026-09-19/823899_669373.csv,Data/daily_pipeline/predictions/postgame/2026-09-19/823899_669373.json,2026-09-20T18:04:30.923129+00:00
2026-09-19,2026,823899,805074,Yunior Marte,Los Angeles Dodgers,97,37,31,0.3814432989690721,0.3195876288659793,0.0618556701030927,6.185567010309279,0.1935483870967742,19.35483870967742,stratified,rf_v1,kg4_v1,postgame_v1,Data/daily_pipeline/models/2026-09-19/pitchers/805074.joblib,Data/daily_pipeline/predictions/postgame/2026-09-19/823899_805074.csv,Data/daily_pipeline/predictions/postgame/2026-09-19/823899_805074.json,2026-09-20T18:03:56.788656+00:00
2026-09-19,2026,823976,657746,Joe Ryan,Los Angeles Angels,99,36,29,0.3636363636363636,0.2929292929292929,0.0707070707070707,7.070707070707072,0.2413793103448276,24.13793103448276,stratified,rf_v1,kg4_v1,postgame_v1,Data/daily_pipeline/models/2026-09-19/pitchers/657746.joblib,Data/daily_pipeline/predictions/postgame/2026-09-19/823976_657746.csv,Data/daily_pipeline/predictions/postgame/2026-09-19/823976_657746.json,2026-09-20T18:05:05.097799+00:00
2026-09-19,2026,823976,672282,Reid Detmers,Minnesota Twins,81,43,26,0.5308641975308642,0.3209876543209876,0.2098765432098766,20.98765432098766,0.653846153846154,65.3846153846154,stratified,rf_v1,kg4_v1,postgame_v1,Data/daily_pipeline/models/2026-09-19/pitchers/672282.joblib,Data/daily_pipeline/predictions/postgame/2026-09-19/823976_672282.csv,Data/daily_pipeline/predictions/postgame/2026-09-19/823976_672282.json,2026-09-20T18:05:32.985351+00:00
2026-09-19,2026,824137,656550,Grant Holmes,Houston Astros,87,35,24,0.4022988505747126,0.2758620689655172,0.1264367816091954,12.643678160919542,0.4583333333333333,45.833333333333336,stratified,rf_v1,kg4_v1,postgame_v1,Data/daily_pipeline/models/2026-09-19/pitchers/656550.joblib,Data/daily_pipeline/predictions/postgame/2026-09-19/824137_656550.csv,Data/daily_pipeline/predictions/postgame/2026-09-19/824137_656550.json,2026-09-20T17:59:56.303092+00:00
2026-09-19,2026,824137,669713,Hayden Wesneski,Atlanta Braves,79,40,20,0.5063291139240507,0.2531645569620253,0.2531645569620253,25.31645569620253,1.0,100.0,stratified,rf_v1,kg4_v1,postgame_v1,Data/daily_pipeline/models/2026-09-19/pitchers/669713.joblib,Data/daily_pipeline/predictions/postgame/2026-09-19/824137_669713.csv,Data/daily_pipeline/predictions/postgame/2026-09-19/824137_669713.json,2026-09-20T18:00:09.955180+00:00
2026-09-19,2026,824304,682243,Bryce Miller,Colorado Rockies,89,41,24,0.4606741573033708,0.2696629213483146,0.1910112359550562,19.10112359550562,0.7083333333333335,70.83333333333334,stratified,rf_v1,kg4_v1,postgame_v1,Data/daily_pipeline/models/2026-09-19/pitchers/682243.joblib,Data/daily_pipeline/predictions/postgame/2026-09-19/824304_682243.csv,Data/daily_pipeline/predictions/postgame/2026-09-19/824304_682243.json,2026-09-20T18:01:09.385187+00:00
2026-09-19,2026,824304,500779,Jose Quintana,Seattle Mariners,70,31,18,0.4428571428571428,0.2571428571428571,0.1857142857142857,18.571428571428573,0.7222222222222223,72.22222222222223,stratified,rf_v1,kg4_v1,postgame_v1,Data/daily_pipeline/models/2026-09-19/pitchers/500779.joblib,Data/daily_pipeline/predictions/postgame/2026-09-19/824304_500779.csv,Data/daily_pipeline/predictions/postgame/2026-09-19/824304_500779.json,2026-09-20T18:02:27.450785+00:00
2026-09-19,2026,824380,682052,Jacob Lopez,Cleveland Guardians,63,32,20,0.5079365079365079,0.3174603174603174,0.1904761904761904,19.047619047619047,0.6,60.0,stratified,rf_v1,kg4_v1,postgame_v1,Data/daily_pipeline/models/2026-09-19/pitchers/682052.joblib,Data/daily_pipeline/predictions/postgame/2026-09-19/824380_682052.csv,Data/daily_pipeline/predictions/postgame/2026-09-19/824380_682052.json,2026-09-20T17:56:45.924030+00:00
2026-09-19,2026,824380,676440,Tanner Bibee,Athletics,95,33,21,0.3473684210526316,0.2210526315789473,0.1263157894736842,12.631578947368425,0.5714285714285716,57.14285714285716,stratified,rf_v1,kg4_v1,postgame_v1,Data/daily_pipeline/models/2026-09-19/pitchers/676440.joblib,Data/daily_pipeline/predictions/postgame/2026-09-19/824380_676440.csv,Data/daily_pipeline/predictions/postgame/2026-09-19/824380_676440.json,2026-09-20T17:57:12.026118+00:00
2026-09-19,2026,824461,571510,Matthew Boyd,Cincinnati Reds,71,34,15,0.4788732394366197,0.2112676056338028,0.2676056338028169,26.76056338028169,1.2666666666666666,126.66666666666666,stratified,rf_v1,kg4_v1,postgame_v1,Data/daily_pipeline/models/2026-09-19/pitchers/571510.joblib,Data/daily_pipeline/predictions/postgame/2026-09-19/824461_571510.csv,Data/daily_pipeline/predictions/postgame/2026-09-19/824461_571510.json,2026-09-20T17:57:52.883484+00:00
2026-09-19,2026,824461,666157,Nick Lodolo,Chicago Cubs,90,39,22,0.4333333333333333,0.2444444444444444,0.1888888888888889,18.888888888888893,0.7727272727272728,77.27272727272728,stratified,rf_v1,kg4_v1,postgame_v1,Data/daily_pipeline/models/2026-09-19/pitchers/666157.joblib,Data/daily_pipeline/predictions/postgame/2026-09-19/824461_666157.csv,Data/daily_pipeline/predictions/postgame/2026-09-19/824461_666157.json,2026-09-20T17:58:15.980310+00:00
2026-09-19,2026,824545,695549,Jackson Jobe,Chicago White Sox,96,16,21,0.1666666666666666,0.21875,-0.0520833333333333,-5.208333333333334,-0.2380952380952381,-23.809523809523814,stratified,rf_v1,kg4_v1,postgame_v1,Data/daily_pipeline/models/2026-09-19/pitchers/695549.joblib,Data/daily_pipeline/predictions/postgame/2026-09-19/824545_695549.csv,Data/daily_pipeline/predictions/postgame/2026-09-19/824545_695549.json,2026-09-20T17:54:11.040900+00:00
2026-09-19,2026,824545,680732,Sean Burke,Detroit Tigers,97,40,26,0.4123711340206185,0.268041237113402,0.1443298969072164,14.432989690721648,0.5384615384615384,53.84615384615385,stratified,rf_v1,kg4_v1,postgame_v1,Data/daily_pipeline/models/2026-09-19/pitchers/680732.joblib,Data/daily_pipeline/predictions/postgame/2026-09-19/824545_680732.csv,Data/daily_pipeline/predictions/postgame/2026-09-19/824545_680732.json,2026-09-20T17:54:26.307820+00:00
2026-09-19,2026,824788,688107,Robert Gasser,Baltimore Orioles,107,36,19,0.3364485981308411,0.1775700934579439,0.1588785046728972,15.887850467289718,0.8947368421052632,89.47368421052632,stratified,rf_v1,kg4_v1,postgame_v1,Data/daily_pipeline/models/2026-09-19/pitchers/688107.joblib,Data/daily_pipeline/predictions/postgame/2026-09-19/824788_688107.csv,Data/daily_pipeline/predictions/postgame/2026-09-19/824788_688107.json,2026-09-20T17:54:36.533878+00:00
2026-09-19,2026,824788,669432,Trevor Rogers,Milwaukee Brewers,99,46,37,0.4646464646464646,0.3737373737373737,0.0909090909090908,9.090909090909088,0.2432432432432431,24.32432432432432,stratified,rf_v1,kg4_v1,postgame_v1,Data/daily_pipeline/models/2026-09-19/pitchers/669432.joblib,Data/daily_pipeline/predictions/postgame/2026-09-19/824788_669432.csv,Data/daily_pipeline/predictions/postgame/2026-09-19/824788_669432.json,2026-09-20T17:55:04.453277+00:00
2026-09-19,2026,825029,694297,Brandon Pfaadt,New York Yankees,64,19,8,0.296875,0.125,0.171875,17.1875,1.375,137.5,stratified,rf_v1,kg4_v1,postgame_v1,Data/daily_pipeline/models/2026-09-19/pitchers/694297.joblib,Data/daily_pipeline/predictions/postgame/2026-09-19/825029_694297.csv,Data/daily_pipeline/predictions/postgame/2026-09-19/825029_694297.json,2026-09-20T18:03:07.662056+00:00
2026-09-19,2026,825029,693645,Cam Schlittler,Arizona Diamondbacks,98,37,30,0.3775510204081632,0.3061224489795918,0.0714285714285714,7.14285714285714,0.2333333333333332,23.33333333333332,stratified,rf_v1,kg4_v1,postgame_v1,Data/daily_pipeline/models/2026-09-19/pitchers/693645.joblib,Data/daily_pipeline/predictions/postgame/2026-09-19/825029_693645.csv,Data/daily_pipeline/predictions/postgame/2026-09-19/825029_693645.json,2026-09-20T18:02:42.781013+00:00
2026-09-20,2026,822844,594798,Jacob deGrom,Toronto Blue Jays,82,43,18,0.524390243902439,0.2195121951219512,0.3048780487804878,30.487804878048784,1.388888888888889,138.8888888888889,stratified,rf_v1,kg4_v1,postgame_v1,Data/daily_pipeline/models/2026-09-20/pitchers/594798.joblib,Data/daily_pipeline/predictions/postgame/2026-09-20/822844_594798.csv,Data/daily_pipeline/predictions/postgame/2026-09-20/822844_594798.json,2026-09-21T19:58:31.395330+00:00
2026-09-20,2026,822844,693686,Spencer Miles,Texas Rangers,46,22,17,0.4782608695652174,0.3695652173913043,0.108695652173913,10.869565217391308,0.2941176470588236,29.41176470588237,stratified,rf_v1,kg4_v1,postgame_v1,Data/daily_pipeline/models/2026-09-20/pitchers/693686.joblib,Data/daily_pipeline/predictions/postgame/2026-09-20/822844_693686.csv,Data/daily_pipeline/predictions/postgame/2026-09-20/822844_693686.json,2026-09-21T19:57:32.011587+00:00
2026-09-20,2026,822922,643377,Griffin Jax,Boston Red Sox,74,28,17,0.3783783783783784,0.2297297297297297,0.1486486486486486,14.864864864864863,0.6470588235294118,64.70588235294117,stratified,rf_v1,kg4_v1,postgame_v1,Data/daily_pipeline/models/2026-09-20/pitchers/643377.joblib,Data/daily_pipeline/predictions/postgame/2026-09-20/822922_643377.csv,Data/daily_pipeline/predictions/postgame/2026-09-20/822922_643377.json,2026-09-21T19:54:52.034202+00:00
2026-09-20,2026,822922,663776,Patrick Sandoval,Tampa Bay Rays,94,38,25,0.4042553191489361,0.2659574468085106,0.1382978723404255,13.82978723404255,0.5199999999999999,51.99999999999999,stratified,rf_v1,kg4_v1,postgame_v1,Data/daily_pipeline/models/2026-09-20/pitchers/663776.joblib,Data/daily_pipeline/predictions/postgame/2026-09-20/822922_663776.csv,Data/daily_pipeline/predictions/postgame/2026-09-20/822922_663776.json,2026-09-21T19:54:33.492291+00:00
2026-09-20,2026,823001,663623,Jake Irvin,St. Louis Cardinals,97,40,22,0.4123711340206185,0.2268041237113402,0.1855670103092783,18.55670103092784,0.8181818181818181,81.81818181818181,stratified,rf_v1,kg4_v1,postgame_v1,Data/daily_pipeline/models/2026-09-20/pitchers/663623.joblib,Data/daily_pipeline/predictions/postgame/2026-09-20/823001_663623.csv,Data/daily_pipeline/predictions/postgame/2026-09-20/823001_663623.json,2026-09-21T19:57:11.965135+00:00
2026-09-20,2026,823001,687273,Quinn Mathews,Washington Nationals,96,30,15,0.3125,0.15625,0.15625,15.625,1.0,100.0,stratified,rf_v1,kg4_v1,postgame_v1,Data/daily_pipeline/models/2026-09-20/pitchers/687273.joblib,Data/daily_pipeline/predictions/postgame/2026-09-20/823001_687273.csv,Data/daily_pipeline/predictions/postgame/2026-09-20/823001_687273.json,2026-09-21T19:57:20.311945+00:00
2026-09-20,2026,823247,645261,Sandy Alcantara,San Diego Padres,97,25,18,0.2577319587628865,0.1855670103092783,0.0721649484536082,7.216494845360821,0.3888888888888887,38.888888888888864,stratified,rf_v1,kg4_v1,postgame_v1,Data/daily_pipeline/models/2026-09-20/pitchers/645261.joblib,Data/daily_pipeline/predictions/postgame/2026-09-20/823247_645261.csv,Data/daily_pipeline/predictions/postgame/2026-09-20/823247_645261.json,2026-09-21T20:00:35.487385+00:00
2026-09-20,2026,823247,621111,Walker Buehler,Miami Marlins,89,18,8,0.2022471910112359,0.0898876404494382,0.1123595505617977,11.235955056179774,1.25,125.0,stratified,rf_v1,kg4_v1,postgame_v1,Data/daily_pipeline/models/2026-09-20/pitchers/621111.joblib,Data/daily_pipeline/predictions/postgame/2026-09-20/823247_621111.csv,Data/daily_pipeline/predictions/postgame/2026-09-20/823247_621111.json,2026-09-21T20:01:34.506814+00:00
2026-09-20,2026,823329,669199,Lake Bachar,Kansas City Royals,20,7,6,0.35,0.3,0.0499999999999999,4.999999999999999,0.1666666666666666,16.666666666666664,stratified,rf_v1,kg4_v1,postgame_v1,Data/daily_pipeline/models/2026-09-20/pitchers/669199.joblib,Data/daily_pipeline/predictions/postgame/2026-09-20/823329_669199.csv,Data/daily_pipeline/predictions/postgame/2026-09-20/823329_669199.json,2026-09-21T19:52:55.075599+00:00
2026-09-20,2026,823329,608379,Michael Wacha,Pittsburgh Pirates,113,35,28,0.3097345132743362,0.247787610619469,0.0619469026548672,6.194690265486724,0.2499999999999999,25.0,stratified,rf_v1,kg4_v1,postgame_v1,Data/daily_pipeline/models/2026-09-20/pitchers/608379.joblib,Data/daily_pipeline/predictions/postgame/2026-09-20/823329_608379.csv,Data/daily_pipeline/predictions/postgame/2026-09-20/823329_608379.json,2026-09-21T19:52:44.798076+00:00
2026-09-20,2026,823570,650911,Cristopher Sánchez,New York Mets,98,52,35,0.5306122448979592,0.3571428571428571,0.173469387755102,17.346938775510207,0.4857142857142857,48.57142857142858,stratified,rf_v1,kg4_v1,postgame_v1,Data/daily_pipeline/models/2026-09-20/pitchers/650911.joblib,Data/daily_pipeline/predictions/postgame/2026-09-20/823570_650911.csv,Data/daily_pipeline/predictions/postgame/2026-09-20/823570_650911.json,2026-09-21T19:51:37.917367+00:00
2026-09-20,2026,823570,804636,Jonah Tong,Philadelphia Phillies,95,43,28,0.4526315789473684,0.2947368421052631,0.1578947368421053,15.789473684210533,0.5357142857142859,53.57142857142859,stratified,rf_v1,kg4_v1,postgame_v1,Data/daily_pipeline/models/2026-09-20/pitchers/804636.joblib,Data/daily_pipeline/predictions/postgame/2026-09-20/823570_804636.csv,Data/daily_pipeline/predictions/postgame/2026-09-20/823570_804636.json,2026-09-21T19:51:45.437266+00:00
2026-09-20,2026,823896,676263,Jack Dreyer,San Francisco Giants,21,14,9,0.6666666666666666,0.4285714285714285,0.238095238095238,23.809523809523807,0.5555555555555556,55.55555555555556,stratified,rf_v1,kg4_v1,postgame_v1,Data/daily_pipeline/models/2026-09-20/pitchers/676263.joblib,Data/daily_pipeline/predictions/postgame/2026-09-20/823896_676263.csv,Data/daily_pipeline/predictions/postgame/2026-09-20/823896_676263.json,2026-09-21T19:59:47.473159+00:00
2026-09-20,2026,823896,683363,Matt Wilkinson,Los Angeles Dodgers,76,44,39,0.5789473684210527,0.5131578947368421,0.0657894736842105,6.578947368421051,0.1282051282051281,12.820512820512816,stratified,rf_v1,kg4_v1,postgame_v1,Data/daily_pipeline/models/2026-09-20/pitchers/683363.joblib,Data/daily_pipeline/predictions/postgame/2026-09-20/823896_683363.csv,Data/daily_pipeline/predictions/postgame/2026-09-20/823896_683363.json,2026-09-21T19:59:37.402423+00:00
2026-09-20,2026,823975,665152,Dean Kremer,Los Angeles Angels,96,37,20,0.3854166666666667,0.2083333333333333,0.1770833333333333,17.708333333333336,0.85,85.0,stratified,rf_v1,kg4_v1,postgame_v1,Data/daily_pipeline/models/2026-09-20/pitchers/665152.joblib,Data/daily_pipeline/predictions/postgame/2026-09-20/823975_665152.csv,Data/daily_pipeline/predictions/postgame/2026-09-20/823975_665152.json,2026-09-21T19:59:22.269422+00:00
2026-09-20,2026,823975,696270,Ryan Johnson,Minnesota Twins,91,38,23,0.4175824175824176,0.2527472527472527,0.1648351648351648,16.483516483516485,0.6521739130434784,65.21739130434784,stratified,rf_v1,kg4_v1,postgame_v1,Data/daily_pipeline/models/2026-09-20/pitchers/696270.joblib,Data/daily_pipeline/predictions/postgame/2026-09-20/823975_696270.csv,Data/daily_pipeline/predictions/postgame/2026-09-20/823975_696270.json,2026-09-21T19:59:31.406171+00:00
2026-09-20,2026,824139,686613,Hunter Brown,Atlanta Braves,98,37,16,0.3775510204081632,0.1632653061224489,0.2142857142857142,21.428571428571427,1.3125,131.25,stratified,rf_v1,kg4_v1,postgame_v1,Data/daily_pipeline/models/2026-09-20/pitchers/686613.joblib,Data/daily_pipeline/predictions/postgame/2026-09-20/824139_686613.csv,Data/daily_pipeline/predictions/postgame/2026-09-20/824139_686613.json,2026-09-21T19:56:17.910936+00:00
2026-09-20,2026,824139,527048,Martín Pérez,Houston Astros,79,37,17,0.4683544303797468,0.2151898734177215,0.2531645569620253,25.31645569620253,1.1764705882352942,117.64705882352942,stratified,rf_v1,kg4_v1,postgame_v1,Data/daily_pipeline/models/2026-09-20/pitchers/527048.joblib,Data/daily_pipeline/predictions/postgame/2026-09-20/824139_527048.csv,Data/daily_pipeline/predictions/postgame/2026-09-20/824139_527048.json,2026-09-21T19:55:53.434973+00:00
2026-09-20,2026,824300,807739,Kade Anderson,Colorado Rockies,84,33,22,0.3928571428571428,0.2619047619047619,0.1309523809523809,13.095238095238091,0.4999999999999999,49.99999999999999,stratified,rf_v1,kg4_v1,postgame_v1,Data/daily_pipeline/models/2026-09-20/pitchers/807739.joblib,Data/daily_pipeline/predictions/postgame/2026-09-20/824300_807739.csv,Data/daily_pipeline/predictions/postgame/2026-09-20/824300_807739.json,2026-09-21T19:58:37.845367+00:00
2026-09-20,2026,824300,608372,Tomoyuki Sugano,Seattle Mariners,72,12,14,0.1666666666666666,0.1944444444444444,-0.0277777777777777,-2.777777777777779,-0.1428571428571429,-14.28571428571429,stratified,rf_v1,kg4_v1,postgame_v1,Data/daily_pipeline/models/2026-09-20/pitchers/608372.joblib,Data/daily_pipeline/predictions/postgame/2026-09-20/824300_608372.csv,Data/daily_pipeline/predictions/postgame/2026-09-20/824300_608372.json,2026-09-21T19:58:52.104822+00:00
2026-09-20,2026,824381,668909,Gavin Williams,Athletics,89,35,16,0.3932584269662921,0.1797752808988764,0.2134831460674157,21.34831460674157,1.1875000000000002,118.75000000000004,stratified,rf_v1,kg4_v1,postgame_v1,Data/daily_pipeline/models/2026-09-20/pitchers/668909.joblib,Data/daily_pipeline/predictions/postgame/2026-09-20/824381_668909.csv,Data/daily_pipeline/predictions/postgame/2026-09-20/824381_668909.json,2026-09-21T19:54:07.500070+00:00
2026-09-20,2026,824381,678022,Jack Perkins,Cleveland Guardians,80,28,18,0.35,0.225,0.1249999999999999,12.499999999999996,0.5555555555555555,55.55555555555555,stratified,rf_v1,kg4_v1,postgame_v1,Data/daily_pipeline/models/2026-09-20/pitchers/678022.joblib,Data/daily_pipeline/predictions/postgame/2026-09-20/824381_678022.csv,Data/daily_pipeline/predictions/postgame/2026-09-20/824381_678022.json,2026-09-21T19:53:46.465991+00:00
2026-09-20,2026,824462,656849,David Peterson,Cincinnati Reds,83,32,19,0.3855421686746988,0.2289156626506024,0.1566265060240964,15.66265060240964,0.6842105263157896,68.42105263157896,stratified,rf_v1,kg4_v1,postgame_v1,Data/daily_pipeline/models/2026-09-20/pitchers/656849.joblib,Data/daily_pipeline/predictions/postgame/2026-09-20/824462_656849.csv,Data/daily_pipeline/predictions/postgame/2026-09-20/824462_656849.json,2026-09-21T19:53:25.157160+00:00
2026-09-20,2026,824462,695076,Rhett Lowder,Chicago Cubs,60,25,17,0.4166666666666667,0.2833333333333333,0.1333333333333333,13.333333333333336,0.4705882352941177,47.058823529411775,stratified,rf_v1,kg4_v1,postgame_v1,Data/daily_pipeline/models/2026-09-20/pitchers/695076.joblib,Data/daily_pipeline/predictions/postgame/2026-09-20/824462_695076.csv,Data/daily_pipeline/predictions/postgame/2026-09-20/824462_695076.json,2026-09-21T19:53:35.476964+00:00
2026-09-20,2026,824546,663436,Davis Martin,Detroit Tigers,70,21,16,0.3,0.2285714285714285,0.0714285714285714,7.142857142857142,0.3125,31.25,stratified,rf_v1,kg4_v1,postgame_v1,Data/daily_pipeline/models/2026-09-20/pitchers/663436.joblib,Data/daily_pipeline/predictions/postgame/2026-09-20/824546_663436.csv,Data/daily_pipeline/predictions/postgame/2026-09-20/824546_663436.json,2026-09-21T19:56:47.831354+00:00
2026-09-20,2026,824546,675512,Troy Melton,Chicago White Sox,83,36,19,0.4337349397590361,0.2289156626506024,0.2048192771084337,20.481927710843376,0.8947368421052633,89.47368421052633,stratified,rf_v1,kg4_v1,postgame_v1,Data/daily_pipeline/models/2026-09-20/pitchers/675512.joblib,Data/daily_pipeline/predictions/postgame/2026-09-20/824546_675512.csv,Data/daily_pipeline/predictions/postgame/2026-09-20/824546_675512.json,2026-09-21T19:56:29.869651+00:00
2026-09-20,2026,824789,687064,Brandon Young,Milwaukee Brewers,84,34,17,0.4047619047619047,0.2023809523809523,0.2023809523809523,20.23809523809524,1.0,100.0,stratified,rf_v1,kg4_v1,postgame_v1,Data/daily_pipeline/models/2026-09-20/pitchers/687064.joblib,Data/daily_pipeline/predictions/postgame/2026-09-20/824789_687064.csv,Data/daily_pipeline/predictions/postgame/2026-09-20/824789_687064.json,2026-09-21T20:02:54.515619+00:00
2026-09-20,2026,824789,694819,Jacob Misiorowski,Baltimore Orioles,44,28,17,0.6363636363636364,0.3863636363636363,0.25,25.0,0.6470588235294118,64.70588235294117,stratified,rf_v1,kg4_v1,postgame_v1,Data/daily_pipeline/models/2026-09-20/pitchers/694819.joblib,Data/daily_pipeline/predictions/postgame/2026-09-20/824789_694819.csv,Data/daily_pipeline/predictions/postgame/2026-09-20/824789_694819.json,2026-09-21T20:02:41.389756+00:00
2026-09-20,2026,825028,669203,Corbin Burnes,New York Yankees,66,39,23,0.5909090909090909,0.3484848484848485,0.2424242424242424,24.24242424242424,0.6956521739130435,69.56521739130434,stratified,rf_v1,kg4_v1,postgame_v1,Data/daily_pipeline/models/2026-09-20/pitchers/669203.joblib,Data/daily_pipeline/predictions/postgame/2026-09-20/825028_669203.csv,Data/daily_pipeline/predictions/postgame/2026-09-20/825028_669203.json,2026-09-21T20:02:27.548705+00:00
2026-09-20,2026,825028,701542,Will Warren,Arizona Diamondbacks,83,19,8,0.2289156626506024,0.0963855421686747,0.1325301204819277,13.253012048192767,1.3749999999999998,137.49999999999997,stratified,rf_v1,kg4_v1,postgame_v1,Data/daily_pipeline/models/2026-09-20/pitchers/701542.joblib,Data/daily_pipeline/predictions/postgame/2026-09-20/825028_701542.csv,Data/daily_pipeline/predictions/postgame/2026-09-20/825028_701542.json,2026-09-21T20:01:50.440746+00:00
2026-09-21,2026,823169,694918,Blade Tidwell,Minnesota Twins,57,21,14,0.3684210526315789,0.2456140350877192,0.1228070175438596,12.280701754385964,0.5,50.0,stratified,rf_v1,kg4_v1,postgame_v1,Data/daily_pipeline/models/2026-09-21/pitchers/694918.joblib,Data/daily_pipeline/predictions/postgame/2026-09-21/823169_694918.csv,Data/daily_pipeline/predictions/postgame/2026-09-21/823169_694918.json,2026-09-22T18:30:00.235334+00:00
2026-09-21,2026,823169,805673,Zebby Matthews,San Francisco Giants,100,38,32,0.38,0.32,0.06,6.0,0.1875,18.75,stratified,rf_v1,kg4_v1,postgame_v1,Data/daily_pipeline/models/2026-09-21/pitchers/805673.joblib,Data/daily_pipeline/predictions/postgame/2026-09-21/823169_805673.csv,Data/daily_pipeline/predictions/postgame/2026-09-21/823169_805673.json,2026-09-22T18:29:49.725198+00:00
2026-09-21,2026,824221,687792,DJ Herz,Detroit Tigers,63,30,21,0.4761904761904761,0.3333333333333333,0.1428571428571428,14.285714285714285,0.4285714285714285,42.85714285714285,stratified,rf_v1,kg4_v1,postgame_v1,Data/daily_pipeline/models/2026-09-21/pitchers/687792.joblib,Data/daily_pipeline/predictions/postgame/2026-09-21/824221_687792.csv,Data/daily_pipeline/predictions/postgame/2026-09-21/824221_687792.json,2026-09-22T18:29:26.620334+00:00
2026-09-21,2026,824221,689981,River Ryan,Washington Nationals,43,14,8,0.3255813953488372,0.1860465116279069,0.1395348837209302,13.953488372093029,0.7500000000000001,75.00000000000001,stratified,rf_v1,kg4_v1,postgame_v1,Data/daily_pipeline/models/2026-09-21/pitchers/689981.joblib,Data/daily_pipeline/predictions/postgame/2026-09-21/824221_689981.csv,Data/daily_pipeline/predictions/postgame/2026-09-21/824221_689981.json,2026-09-22T18:29:35.190173+00:00
2026-09-21,2026,824787,669358,Shane Baz,Toronto Blue Jays,92,35,23,0.3804347826086957,0.25,0.1304347826086956,13.043478260869568,0.5217391304347827,52.17391304347827,stratified,rf_v1,kg4_v1,postgame_v1,Data/daily_pipeline/models/2026-09-21/pitchers/669358.joblib,Data/daily_pipeline/predictions/postgame/2026-09-21/824787_669358.csv,Data/daily_pipeline/predictions/postgame/2026-09-21/824787_669358.json,2026-09-22T18:29:16.457888+00:00
2026-09-21,2026,824787,702056,Trey Yesavage,Baltimore Orioles,40,22,16,0.55,0.4,0.15,15.000000000000002,0.375,37.50000000000001,stratified,rf_v1,kg4_v1,postgame_v1,Data/daily_pipeline/models/2026-09-21/pitchers/702056.joblib,Data/daily_pipeline/predictions/postgame/2026-09-21/824787_702056.csv,Data/daily_pipeline/predictions/postgame/2026-09-21/824787_702056.json,2026-09-22T18:28:46.796687+00:00
2026-09-22,2026,822840,669022,MacKenzie Gore,New York Mets,77,39,27,0.5064935064935064,0.3506493506493506,0.1558441558441557,15.58441558441558,0.4444444444444442,44.44444444444443,stratified,rf_v1,kg4_v1,postgame_v1,Data/daily_pipeline/models/2026-09-22/pitchers/669022.joblib,Data/daily_pipeline/predictions/postgame/2026-09-22/822840_669022.csv,Data/daily_pipeline/predictions/postgame/2026-09-22/822840_669022.json,2026-09-23T18:55:58.434784+00:00
2026-09-22,2026,822840,640455,Sean Manaea,Texas Rangers,99,50,13,0.5050505050505051,0.1313131313131313,0.3737373737373737,37.37373737373738,2.846153846153846,284.6153846153846,stratified,rf_v1,kg4_v1,postgame_v1,Data/daily_pipeline/models/2026-09-22/pitchers/640455.joblib,Data/daily_pipeline/predictions/postgame/2026-09-22/822840_640455.csv,Data/daily_pipeline/predictions/postgame/2026-09-22/822840_640455.json,2026-09-23T18:55:30.608057+00:00
2026-09-22,2026,823089,664299,Cristian Javier,Seattle Mariners,45,17,13,0.3777777777777777,0.2888888888888888,0.0888888888888889,8.888888888888891,0.3076923076923077,30.769230769230777,stratified,rf_v1,kg4_v1,postgame_v1,Data/daily_pipeline/models/2026-09-22/pitchers/664299.joblib,Data/daily_pipeline/predictions/postgame/2026-09-22/823089_664299.csv,Data/daily_pipeline/predictions/postgame/2026-09-22/823089_664299.json,2026-09-23T18:58:02.082523+00:00
2026-09-22,2026,823089,669302,Logan Gilbert,Houston Astros,81,47,20,0.5802469135802469,0.2469135802469135,0.3333333333333333,33.333333333333336,1.3500000000000003,135.00000000000003,stratified,rf_v1,kg4_v1,postgame_v1,Data/daily_pipeline/models/2026-09-22/pitchers/669302.joblib,Data/daily_pipeline/predictions/postgame/2026-09-22/823089_669302.csv,Data/daily_pipeline/predictions/postgame/2026-09-22/823089_669302.json,2026-09-23T18:58:30.807469+00:00
2026-09-22,2026,823166,683627,Anthony Molina,Minnesota Twins,85,45,31,0.5294117647058824,0.3647058823529411,0.1647058823529412,16.47058823529412,0.4516129032258065,45.161290322580655,stratified,rf_v1,kg4_v1,postgame_v1,Data/daily_pipeline/models/2026-09-22/pitchers/683627.joblib,Data/daily_pipeline/predictions/postgame/2026-09-22/823166_683627.csv,Data/daily_pipeline/predictions/postgame/2026-09-22/823166_683627.json,2026-09-23T18:58:55.081347+00:00
2026-09-22,2026,823166,671737,Taj Bradley,San Francisco Giants,104,51,28,0.4903846153846153,0.2692307692307692,0.2211538461538461,22.115384615384613,0.8214285714285714,82.14285714285714,stratified,rf_v1,kg4_v1,postgame_v1,Data/daily_pipeline/models/2026-09-22/pitchers/671737.joblib,Data/daily_pipeline/predictions/postgame/2026-09-22/823166_671737.csv,Data/daily_pipeline/predictions/postgame/2026-09-22/823166_671737.json,2026-09-23T18:58:47.801021+00:00
2026-09-22,2026,823328,669467,Andre Pallante,Pittsburgh Pirates,89,43,22,0.4831460674157303,0.247191011235955,0.2359550561797753,23.59550561797753,0.9545454545454548,95.45454545454548,stratified,rf_v1,kg4_v1,postgame_v1,Data/daily_pipeline/models/2026-09-22/pitchers/669467.joblib,Data/daily_pipeline/predictions/postgame/2026-09-22/823328_669467.csv,Data/daily_pipeline/predictions/postgame/2026-09-22/823328_669467.json,2026-09-23T18:52:00.291563+00:00
2026-09-22,2026,823328,683003,Jared Jones,St. Louis Cardinals,86,45,33,0.5232558139534884,0.3837209302325581,0.1395348837209302,13.953488372093029,0.3636363636363637,36.36363636363637,stratified,rf_v1,kg4_v1,postgame_v1,Data/daily_pipeline/models/2026-09-22/pitchers/683003.joblib,Data/daily_pipeline/predictions/postgame/2026-09-22/823328_683003.csv,Data/daily_pipeline/predictions/postgame/2026-09-22/823328_683003.json,2026-09-23T18:52:09.867376+00:00
2026-09-22,2026,823412,669160,Dustin May,Philadelphia Phillies,36,9,8,0.25,0.2222222222222222,0.0277777777777777,2.777777777777779,0.125,12.500000000000004,stratified,rf_v1,kg4_v1,postgame_v1,Data/daily_pipeline/models/2026-09-22/pitchers/669160.joblib,Data/daily_pipeline/predictions/postgame/2026-09-22/823412_669160.csv,Data/daily_pipeline/predictions/postgame/2026-09-22/823412_669160.json,2026-09-23T18:52:27.321077+00:00
2026-09-22,2026,823412,554430,Zack Wheeler,Milwaukee Brewers,101,37,19,0.3663366336633663,0.1881188118811881,0.1782178217821782,17.82178217821782,0.9473684210526316,94.73684210526316,stratified,rf_v1,kg4_v1,postgame_v1,Data/daily_pipeline/models/2026-09-22/pitchers/554430.joblib,Data/daily_pipeline/predictions/postgame/2026-09-22/823412_554430.csv,Data/daily_pipeline/predictions/postgame/2026-09-22/823412_554430.json,2026-09-23T18:53:22.426367+00:00
2026-09-22,2026,823494,656876,Drew Rasmussen,New York Yankees,114,33,29,0.2894736842105263,0.2543859649122807,0.0350877192982456,3.508771929824561,0.1379310344827586,13.79310344827586,stratified,rf_v1,kg4_v1,postgame_v1,Data/daily_pipeline/models/2026-09-22/pitchers/656876.joblib,Data/daily_pipeline/predictions/postgame/2026-09-22/823494_656876.csv,Data/daily_pipeline/predictions/postgame/2026-09-22/823494_656876.json,2026-09-23T18:50:45.218985+00:00
2026-09-22,2026,823494,608331,Max Fried,Tampa Bay Rays,97,34,11,0.3505154639175257,0.1134020618556701,0.2371134020618556,23.711340206185564,2.090909090909091,209.0909090909091,stratified,rf_v1,kg4_v1,postgame_v1,Data/daily_pipeline/models/2026-09-22/pitchers/608331.joblib,Data/daily_pipeline/predictions/postgame/2026-09-22/823494_608331.csv,Data/daily_pipeline/predictions/postgame/2026-09-22/823494_608331.json,2026-09-23T18:51:21.085713+00:00
2026-09-22,2026,823543,607074,Carlos Rodón,Tampa Bay Rays,96,59,29,0.6145833333333334,0.3020833333333333,0.3125,31.250000000000007,1.03448275862069,103.448275862069,stratified,rf_v1,kg4_v1,postgame_v1,Data/daily_pipeline/models/2026-09-22/pitchers/607074.joblib,Data/daily_pipeline/predictions/postgame/2026-09-22/823543_607074.csv,Data/daily_pipeline/predictions/postgame/2026-09-22/823543_607074.json,2026-09-23T18:50:23.537121+00:00
2026-09-22,2026,823543,607259,Nick Martinez,New York Yankees,94,37,13,0.3936170212765957,0.1382978723404255,0.2553191489361702,25.531914893617024,1.8461538461538465,184.6153846153846,stratified,rf_v1,kg4_v1,postgame_v1,Data/daily_pipeline/models/2026-09-22/pitchers/607259.joblib,Data/daily_pipeline/predictions/postgame/2026-09-22/823543_607259.csv,Data/daily_pipeline/predictions/postgame/2026-09-22/823543_607259.json,2026-09-23T18:49:41.139924+00:00
2026-09-22,2026,823897,592779,Brock Stewart,San Diego Padres,9,2,3,0.2222222222222222,0.3333333333333333,-0.1111111111111111,-11.11111111111111,-0.3333333333333333,-33.33333333333333,stratified,rf_v1,kg4_v1,postgame_v1,Data/daily_pipeline/models/2026-09-22/pitchers/592779.joblib,Data/daily_pipeline/predictions/postgame/2026-09-22/823897_592779.csv,Data/daily_pipeline/predictions/postgame/2026-09-22/823897_592779.json,2026-09-23T18:59:36.238960+00:00
2026-09-22,2026,823897,650633,Michael King,Los Angeles Dodgers,81,21,22,0.2592592592592592,0.2716049382716049,-0.0123456790123456,-1.2345679012345678,-0.0454545454545454,-4.545454545454546,stratified,rf_v1,kg4_v1,postgame_v1,Data/daily_pipeline/models/2026-09-22/pitchers/650633.joblib,Data/daily_pipeline/predictions/postgame/2026-09-22/823897_650633.csv,Data/daily_pipeline/predictions/postgame/2026-09-22/823897_650633.json,2026-09-23T18:59:24.187479+00:00
2026-09-22,2026,824061,641743,Anthony Kay,Kansas City Royals,65,23,8,0.3538461538461538,0.123076923076923,0.2307692307692307,23.07692307692308,1.875,187.5,stratified,rf_v1,kg4_v1,postgame_v1,Data/daily_pipeline/models/2026-09-22/pitchers/641743.joblib,Data/daily_pipeline/predictions/postgame/2026-09-22/824061_641743.csv,Data/daily_pipeline/predictions/postgame/2026-09-22/824061_641743.json,2026-09-23T18:54:07.662818+00:00
2026-09-22,2026,824061,663738,Daniel Lynch IV,Chicago White Sox,78,27,14,0.3461538461538461,0.1794871794871795,0.1666666666666666,16.666666666666664,0.9285714285714284,92.85714285714285,stratified,rf_v1,kg4_v1,postgame_v1,Data/daily_pipeline/models/2026-09-22/pitchers/663738.joblib,Data/daily_pipeline/predictions/postgame/2026-09-22/824061_663738.csv,Data/daily_pipeline/predictions/postgame/2026-09-22/824061_663738.json,2026-09-23T18:54:23.464658+00:00
2026-09-22,2026,824222,623454,Drew Anderson,Washington Nationals,71,33,20,0.4647887323943662,0.2816901408450704,0.1830985915492957,18.309859154929576,0.6499999999999999,64.99999999999999,stratified,rf_v1,kg4_v1,postgame_v1,Data/daily_pipeline/models/2026-09-22/pitchers/623454.joblib,Data/daily_pipeline/predictions/postgame/2026-09-22/824222_623454.csv,Data/daily_pipeline/predictions/postgame/2026-09-22/824222_623454.json,2026-09-23T18:51:37.547960+00:00
2026-09-22,2026,824222,683000,Riley Cornelio,Detroit Tigers,60,31,30,0.5166666666666667,0.5,0.0166666666666667,1.6666666666666718,0.0333333333333334,3.333333333333344,stratified,rf_v1,kg4_v1,postgame_v1,Data/daily_pipeline/models/2026-09-22/pitchers/683000.joblib,Data/daily_pipeline/predictions/postgame/2026-09-22/824222_683000.csv,Data/daily_pipeline/predictions/postgame/2026-09-22/824222_683000.json,2026-09-23T18:51:25.662585+00:00
2026-09-22,2026,824302,607536,Kyle Freeland,Arizona Diamondbacks,69,19,8,0.2753623188405797,0.1159420289855072,0.1594202898550724,15.942028985507244,1.3749999999999998,137.49999999999997,stratified,rf_v1,kg4_v1,postgame_v1,Data/daily_pipeline/models/2026-09-22/pitchers/607536.joblib,Data/daily_pipeline/predictions/postgame/2026-09-22/824302_607536.csv,Data/daily_pipeline/predictions/postgame/2026-09-22/824302_607536.json,2026-09-23T18:57:01.613865+00:00
2026-09-22,2026,824302,647336,Michael Soroka,Colorado Rockies,93,34,14,0.3655913978494624,0.1505376344086021,0.2150537634408602,21.50537634408602,1.4285714285714286,142.85714285714286,stratified,rf_v1,kg4_v1,postgame_v1,Data/daily_pipeline/models/2026-09-22/pitchers/647336.joblib,Data/daily_pipeline/predictions/postgame/2026-09-22/824302_647336.csv,Data/daily_pipeline/predictions/postgame/2026-09-22/824302_647336.json,2026-09-23T18:56:19.221667+00:00
2026-09-22,2026,824624,676083,Janson Junk,Chicago Cubs,84,35,16,0.4166666666666667,0.1904761904761904,0.2261904761904762,22.61904761904762,1.1875000000000002,118.75000000000004,stratified,rf_v1,kg4_v1,postgame_v1,Data/daily_pipeline/models/2026-09-22/pitchers/676083.joblib,Data/daily_pipeline/predictions/postgame/2026-09-22/824624_676083.csv,Data/daily_pipeline/predictions/postgame/2026-09-22/824624_676083.json,2026-09-23T18:54:34.634372+00:00
2026-09-22,2026,824624,684007,Shota Imanaga,Miami Marlins,91,47,32,0.5164835164835165,0.3516483516483517,0.1648351648351648,16.483516483516485,0.46875,46.87500000000001,stratified,rf_v1,kg4_v1,postgame_v1,Data/daily_pipeline/models/2026-09-22/pitchers/684007.joblib,Data/daily_pipeline/predictions/postgame/2026-09-22/824624_684007.csv,Data/daily_pipeline/predictions/postgame/2026-09-22/824624_684007.json,2026-09-23T18:54:52.871753+00:00
2026-09-22,2026,824709,800048,Parker Messick,Boston Red Sox,96,52,27,0.5416666666666666,0.28125,0.2604166666666666,26.041666666666664,0.9259259259259258,92.59259259259258,stratified,rf_v1,kg4_v1,postgame_v1,Data/daily_pipeline/models/2026-09-22/pitchers/800048.joblib,Data/daily_pipeline/predictions/postgame/2026-09-22/824709_800048.csv,Data/daily_pipeline/predictions/postgame/2026-09-22/824709_800048.json,2026-09-23T18:53:33.216161+00:00
2026-09-22,2026,824709,801139,Payton Tolle,Cleveland Guardians,91,36,25,0.3956043956043956,0.2747252747252747,0.1208791208791208,12.087912087912084,0.4399999999999998,43.99999999999999,stratified,rf_v1,kg4_v1,postgame_v1,Data/daily_pipeline/models/2026-09-22/pitchers/801139.joblib,Data/daily_pipeline/predictions/postgame/2026-09-22/824709_801139.csv,Data/daily_pipeline/predictions/postgame/2026-09-22/824709_801139.json,2026-09-23T18:53:41.145328+00:00
2026-09-22,2026,824867,682227,Brandon Williamson,Atlanta Braves,68,34,19,0.5,0.2794117647058823,0.2205882352941176,22.058823529411764,0.7894736842105263,78.94736842105263,stratified,rf_v1,kg4_v1,postgame_v1,Data/daily_pipeline/models/2026-09-22/pitchers/682227.joblib,Data/daily_pipeline/predictions/postgame/2026-09-22/824867_682227.csv,Data/daily_pipeline/predictions/postgame/2026-09-22/824867_682227.json,2026-09-23T18:53:49.437654+00:00
2026-09-22,2026,824867,702275,JR Ritchie,Cincinnati Reds,86,32,17,0.3720930232558139,0.1976744186046511,0.1744186046511628,17.441860465116278,0.8823529411764707,88.23529411764707,stratified,rf_v1,kg4_v1,postgame_v1,Data/daily_pipeline/models/2026-09-22/pitchers/702275.joblib,Data/daily_pipeline/predictions/postgame/2026-09-22/824867_702275.csv,Data/daily_pipeline/predictions/postgame/2026-09-22/824867_702275.json,2026-09-23T18:53:55.398287+00:00
2026-09-22,2026,824953,669620,Brady Basso,Los Angeles Angels,52,26,12,0.5,0.2307692307692307,0.2692307692307692,26.923076923076923,1.1666666666666663,116.66666666666666,stratified,rf_v1,kg4_v1,postgame_v1,Data/daily_pipeline/models/2026-09-22/pitchers/669620.joblib,Data/daily_pipeline/predictions/postgame/2026-09-22/824953_669620.csv,Data/daily_pipeline/predictions/postgame/2026-09-22/824953_669620.json,2026-09-23T18:57:42.187395+00:00
2026-09-22,2026,824953,579328,Yusei Kikuchi,Athletics,88,38,21,0.4318181818181818,0.2386363636363636,0.1931818181818181,19.318181818181817,0.8095238095238094,80.95238095238095,stratified,rf_v1,kg4_v1,postgame_v1,Data/daily_pipeline/models/2026-09-22/pitchers/579328.joblib,Data/daily_pipeline/predictions/postgame/2026-09-22/824953_579328.csv,Data/daily_pipeline/predictions/postgame/2026-09-22/824953_579328.json,2026-09-23T18:57:36.542253+00:00
2026-09-23,2026,822841,674003,Cody Bradford,New York Mets,68,35,21,0.5147058823529411,0.3088235294117647,0.2058823529411764,20.58823529411764,0.6666666666666664,66.66666666666664,stratified,rf_v1,kg4_v1,postgame_v1,Data/daily_pipeline/models/2026-09-23/pitchers/674003.joblib,Data/daily_pipeline/predictions/postgame/2026-09-23/822841_674003.csv,Data/daily_pipeline/predictions/postgame/2026-09-23/822841_674003.json,2026-09-24T19:01:19.089074+00:00
2026-09-23,2026,822841,690997,Nolan McLean,Texas Rangers,82,37,27,0.4512195121951219,0.3292682926829268,0.1219512195121951,12.195121951219512,0.3703703703703703,37.03703703703704,stratified,rf_v1,kg4_v1,postgame_v1,Data/daily_pipeline/models/2026-09-23/pitchers/690997.joblib,Data/daily_pipeline/predictions/postgame/2026-09-23/822841_690997.csv,Data/daily_pipeline/predictions/postgame/2026-09-23/822841_690997.json,2026-09-24T19:01:08.439423+00:00
2026-09-23,2026,823086,814490,Ethan Pecko,Seattle Mariners,51,13,15,0.2549019607843137,0.2941176470588235,-0.0392156862745098,-3.9215686274509833,-0.1333333333333334,-13.33333333333334,stratified,rf_v1,kg4_v1,postgame_v1,Data/daily_pipeline/models/2026-09-23/pitchers/814490.joblib,Data/daily_pipeline/predictions/postgame/2026-09-23/823086_814490.csv,Data/daily_pipeline/predictions/postgame/2026-09-23/823086_814490.json,2026-09-24T19:04:22.884390+00:00
2026-09-23,2026,823086,669923,George Kirby,Houston Astros,96,38,20,0.3958333333333333,0.20833333333333334,0.18749999999999997,18.749999999999996,0.8999999999999998,89.99999999999999,stratified,rf_v1,kg4_v1,postgame_v1,Data/daily_pipeline/models/2026-09-23/pitchers/669923.joblib,Data/daily_pipeline/predictions/postgame/2026-09-23/823086_669923.csv,Data/daily_pipeline/predictions/postgame/2026-09-23/823086_669923.json,2026-09-24T19:04:52.917175+00:00
2026-09-23,2026,823168,702885,Cesar Perdomo,Minnesota Twins,77,41,38,0.5324675324675324,0.4935064935064935,0.0389610389610389,3.896103896103892,0.0789473684210525,7.894736842105255,stratified,rf_v1,kg4_v1,postgame_v1,Data/daily_pipeline/models/2026-09-23/pitchers/702885.joblib,Data/daily_pipeline/predictions/postgame/2026-09-23/823168_702885.csv,Data/daily_pipeline/predictions/postgame/2026-09-23/823168_702885.json,2026-09-24T18:52:21.314736+00:00
2026-09-23,2026,823168,687570,Connor Prielipp,San Francisco Giants,77,21,13,0.2727272727272727,0.1688311688311688,0.1038961038961038,10.389610389610388,0.6153846153846153,61.53846153846153,stratified,rf_v1,kg4_v1,postgame_v1,Data/daily_pipeline/models/2026-09-23/pitchers/687570.joblib,Data/daily_pipeline/predictions/postgame/2026-09-23/823168_687570.csv,Data/daily_pipeline/predictions/postgame/2026-09-23/823168_687570.json,2026-09-24T18:52:17.169155+00:00
2026-09-23,2026,823327,669199,Lake Bachar,St. Louis Cardinals,30,14,5,0.4666666666666667,0.1666666666666666,0.3,30.000000000000004,1.8000000000000005,180.00000000000003,stratified,rf_v1,kg4_v1,postgame_v1,Data/daily_pipeline/models/2026-09-23/pitchers/669199.joblib,Data/daily_pipeline/predictions/postgame/2026-09-23/823327_669199.csv,Data/daily_pipeline/predictions/postgame/2026-09-23/823327_669199.json,2026-09-24T18:52:52.877504+00:00
2026-09-23,2026,823327,669461,Matthew Liberatore,Pittsburgh Pirates,81,24,9,0.2962962962962963,0.1111111111111111,0.1851851851851851,18.51851851851852,1.6666666666666667,166.66666666666669,stratified,rf_v1,kg4_v1,postgame_v1,Data/daily_pipeline/models/2026-09-23/pitchers/669461.joblib,Data/daily_pipeline/predictions/postgame/2026-09-23/823327_669461.csv,Data/daily_pipeline/predictions/postgame/2026-09-23/823327_669461.json,2026-09-24T18:52:42.200330+00:00
2026-09-23,2026,823410,605400,Aaron Nola,Milwaukee Brewers,88,38,20,0.4318181818181818,0.2272727272727272,0.2045454545454545,20.454545454545457,0.9000000000000001,90.00000000000001,stratified,rf_v1,kg4_v1,postgame_v1,Data/daily_pipeline/models/2026-09-23/pitchers/605400.joblib,Data/daily_pipeline/predictions/postgame/2026-09-23/823410_605400.csv,Data/daily_pipeline/predictions/postgame/2026-09-23/823410_605400.json,2026-09-24T18:54:11.345073+00:00
2026-09-23,2026,823410,701656,Logan Henderson,Philadelphia Phillies,87,45,38,0.5172413793103449,0.4367816091954023,0.0804597701149425,8.045977011494255,0.1842105263157895,18.42105263157895,stratified,rf_v1,kg4_v1,postgame_v1,Data/daily_pipeline/models/2026-09-23/pitchers/701656.joblib,Data/daily_pipeline/predictions/postgame/2026-09-23/823410_701656.csv,Data/daily_pipeline/predictions/postgame/2026-09-23/823410_701656.json,2026-09-24T18:53:00.965774+00:00
2026-09-23,2026,823492,543037,Gerrit Cole,Tampa Bay Rays,105,49,27,0.4666666666666667,0.2571428571428571,0.2095238095238095,20.95238095238096,0.814814814814815,81.4814814814815,stratified,rf_v1,kg4_v1,postgame_v1,Data/daily_pipeline/models/2026-09-23/pitchers/543037.joblib,Data/daily_pipeline/predictions/postgame/2026-09-23/823492_543037.csv,Data/daily_pipeline/predictions/postgame/2026-09-23/823492_543037.json,2026-09-24T18:55:31.335052+00:00
2026-09-23,2026,823492,669438,Mason Englert,New York Yankees,86,27,8,0.313953488372093,0.0930232558139534,0.2209302325581395,22.09302325581396,2.375,237.5,stratified,rf_v1,kg4_v1,postgame_v1,Data/daily_pipeline/models/2026-09-23/pitchers/669438.joblib,Data/daily_pipeline/predictions/postgame/2026-09-23/823492_669438.csv,Data/daily_pipeline/predictions/postgame/2026-09-23/823492_669438.json,2026-09-24T18:54:22.007733+00:00
2026-09-23,2026,823894,592662,Robbie Ray,Los Angeles Dodgers,84,29,13,0.3452380952380952,0.1547619047619047,0.1904761904761904,19.047619047619047,1.2307692307692306,123.07692307692308,stratified,rf_v1,kg4_v1,postgame_v1,Data/daily_pipeline/models/2026-09-23/pitchers/592662.joblib,Data/daily_pipeline/predictions/postgame/2026-09-23/823894_592662.csv,Data/daily_pipeline/predictions/postgame/2026-09-23/823894_592662.json,2026-09-24T19:03:56.559965+00:00
2026-09-23,2026,823894,808967,Yoshinobu Yamamoto,San Diego Padres,88,19,17,0.2159090909090909,0.1931818181818181,0.0227272727272727,2.2727272727272734,0.1176470588235294,11.764705882352946,stratified,rf_v1,kg4_v1,postgame_v1,Data/daily_pipeline/models/2026-09-23/pitchers/808967.joblib,Data/daily_pipeline/predictions/postgame/2026-09-23/823894_808967.csv,Data/daily_pipeline/predictions/postgame/2026-09-23/823894_808967.json,2026-09-24T19:04:17.875818+00:00
2026-09-23,2026,824060,663542,Bryan Hudson,Kansas City Royals,16,6,5,0.375,0.3125,0.0625,6.25,0.2,20.0,stratified,rf_v1,kg4_v1,postgame_v1,Data/daily_pipeline/models/2026-09-23/pitchers/663542.joblib,Data/daily_pipeline/predictions/postgame/2026-09-23/824060_663542.csv,Data/daily_pipeline/predictions/postgame/2026-09-23/824060_663542.json,2026-09-24T18:58:44.835310+00:00
2026-09-23,2026,824060,607625,Seth Lugo,Chicago White Sox,72,23,7,0.3194444444444444,0.0972222222222222,0.2222222222222222,22.22222222222222,2.2857142857142856,228.57142857142856,stratified,rf_v1,kg4_v1,postgame_v1,Data/daily_pipeline/models/2026-09-23/pitchers/607625.joblib,Data/daily_pipeline/predictions/postgame/2026-09-23/824060_607625.csv,Data/daily_pipeline/predictions/postgame/2026-09-23/824060_607625.json,2026-09-24T18:59:27.771286+00:00
2026-09-23,2026,824223,664285,Framber Valdez,Washington Nationals,87,44,24,0.5057471264367817,0.2758620689655172,0.2298850574712644,22.98850574712644,0.8333333333333335,83.33333333333334,stratified,rf_v1,kg4_v1,postgame_v1,Data/daily_pipeline/models/2026-09-23/pitchers/664285.joblib,Data/daily_pipeline/predictions/postgame/2026-09-23/824223_664285.csv,Data/daily_pipeline/predictions/postgame/2026-09-23/824223_664285.json,2026-09-24T18:49:18.543076+00:00
2026-09-23,2026,824223,663992,Richard Lovelady,Detroit Tigers,19,6,1,0.3157894736842105,0.0526315789473684,0.2631578947368421,26.31578947368421,5.0,500.0,stratified,rf_v1,kg4_v1,postgame_v1,Data/daily_pipeline/models/2026-09-23/pitchers/663992.joblib,Data/daily_pipeline/predictions/postgame/2026-09-23/824223_663992.csv,Data/daily_pipeline/predictions/postgame/2026-09-23/824223_663992.json,2026-09-24T18:48:36.430801+00:00
2026-09-23,2026,824301,690279,Mason Adams,Arizona Diamondbacks,80,26,12,0.325,0.15,0.175,17.5,1.1666666666666667,116.66666666666669,stratified,rf_v1,kg4_v1,postgame_v1,Data/daily_pipeline/models/2026-09-23/pitchers/690279.joblib,Data/daily_pipeline/predictions/postgame/2026-09-23/824301_690279.csv,Data/daily_pipeline/predictions/postgame/2026-09-23/824301_690279.json,2026-09-24T19:02:06.419370+00:00
2026-09-23,2026,824301,518876,Merrill Kelly,Colorado Rockies,78,23,11,0.2948717948717949,0.141025641025641,0.1538461538461538,15.384615384615383,1.090909090909091,109.09090909090912,stratified,rf_v1,kg4_v1,postgame_v1,Data/daily_pipeline/models/2026-09-23/pitchers/518876.joblib,Data/daily_pipeline/predictions/postgame/2026-09-23/824301_518876.csv,Data/daily_pipeline/predictions/postgame/2026-09-23/824301_518876.json,2026-09-24T19:02:01.196968+00:00
2026-09-23,2026,824625,592332,Kevin Gausman,Miami Marlins,101,51,39,0.504950495049505,0.3861386138613861,0.1188118811881188,11.88118811881188,0.3076923076923076,30.769230769230766,stratified,rf_v1,kg4_v1,postgame_v1,Data/daily_pipeline/models/2026-09-23/pitchers/592332.joblib,Data/daily_pipeline/predictions/postgame/2026-09-23/824625_592332.csv,Data/daily_pipeline/predictions/postgame/2026-09-23/824625_592332.json,2026-09-24T19:00:56.565817+00:00
2026-09-23,2026,824625,687473,Ryan Gusto,Chicago Cubs,83,23,11,0.2771084337349397,0.1325301204819277,0.144578313253012,14.457831325301203,1.0909090909090908,109.09090909090908,stratified,rf_v1,kg4_v1,postgame_v1,Data/daily_pipeline/models/2026-09-23/pitchers/687473.joblib,Data/daily_pipeline/predictions/postgame/2026-09-23/824625_687473.csv,Data/daily_pipeline/predictions/postgame/2026-09-23/824625_687473.json,2026-09-24T18:59:38.603617+00:00
2026-09-23,2026,824710,656492,Foster Griffin,Boston Red Sox,83,26,12,0.3132530120481928,0.144578313253012,0.1686746987951807,16.867469879518072,1.1666666666666667,116.66666666666669,stratified,rf_v1,kg4_v1,postgame_v1,Data/daily_pipeline/models/2026-09-23/pitchers/656492.joblib,Data/daily_pipeline/predictions/postgame/2026-09-23/824710_656492.csv,Data/daily_pipeline/predictions/postgame/2026-09-23/824710_656492.json,2026-09-24T18:55:43.533421+00:00
2026-09-23,2026,824710,543243,Sonny Gray,Cleveland Guardians,77,38,14,0.4935064935064935,0.1818181818181818,0.3116883116883117,31.16883116883117,1.7142857142857142,171.42857142857142,stratified,rf_v1,kg4_v1,postgame_v1,Data/daily_pipeline/models/2026-09-23/pitchers/543243.joblib,Data/daily_pipeline/predictions/postgame/2026-09-23/824710_543243.csv,Data/daily_pipeline/predictions/postgame/2026-09-23/824710_543243.json,2026-09-24T18:56:55.099816+00:00
2026-09-23,2026,824784,669310,CJ Van Eyk,Baltimore Orioles,84,27,15,0.3214285714285714,0.1785714285714285,0.1428571428571428,14.285714285714288,0.8,80.0,stratified,rf_v1,kg4_v1,postgame_v1,Data/daily_pipeline/models/2026-09-23/pitchers/669310.joblib,Data/daily_pipeline/predictions/postgame/2026-09-23/824784_669310.csv,Data/daily_pipeline/predictions/postgame/2026-09-23/824784_669310.json,2026-09-24T18:52:02.408218+00:00
2026-09-23,2026,824784,694346,Trey Gibson,Toronto Blue Jays,92,17,19,0.1847826086956521,0.2065217391304347,-0.0217391304347826,-2.173913043478262,-0.1052631578947369,-10.52631578947369,stratified,rf_v1,kg4_v1,postgame_v1,Data/daily_pipeline/models/2026-09-23/pitchers/694346.joblib,Data/daily_pipeline/predictions/postgame/2026-09-23/824784_694346.csv,Data/daily_pipeline/predictions/postgame/2026-09-23/824784_694346.json,2026-09-24T18:52:08.510316+00:00
2026-09-23,2026,824785,605135,Chris Bassitt,Toronto Blue Jays,90,27,14,0.3,0.1555555555555555,0.1444444444444444,14.444444444444445,0.9285714285714284,92.85714285714285,stratified,rf_v1,kg4_v1,postgame_v1,Data/daily_pipeline/models/2026-09-23/pitchers/605135.joblib,Data/daily_pipeline/predictions/postgame/2026-09-23/824785_605135.csv,Data/daily_pipeline/predictions/postgame/2026-09-23/824785_605135.json,2026-09-24T18:51:58.082103+00:00
2026-09-23,2026,824785,453286,Max Scherzer,Baltimore Orioles,93,52,31,0.5591397849462365,0.3333333333333333,0.2258064516129032,22.58064516129032,0.6774193548387096,67.74193548387096,stratified,rf_v1,kg4_v1,postgame_v1,Data/daily_pipeline/models/2026-09-23/pitchers/453286.joblib,Data/daily_pipeline/predictions/postgame/2026-09-23/824785_453286.csv,Data/daily_pipeline/predictions/postgame/2026-09-23/824785_453286.json,2026-09-24T18:51:02.945020+00:00
2026-09-23,2026,824868,671096,Andrew Abbott,Atlanta Braves,100,44,28,0.44,0.28,0.1599999999999999,15.999999999999998,0.5714285714285713,57.14285714285713,stratified,rf_v1,kg4_v1,postgame_v1,Data/daily_pipeline/models/2026-09-23/pitchers/671096.joblib,Data/daily_pipeline/predictions/postgame/2026-09-23/824868_671096.csv,Data/daily_pipeline/predictions/postgame/2026-09-23/824868_671096.json,2026-09-24T18:57:19.596293+00:00
2026-09-23,2026,824868,519242,Chris Sale,Cincinnati Reds,97,57,23,0.5876288659793815,0.2371134020618556,0.3505154639175258,35.05154639175258,1.4782608695652175,147.82608695652175,stratified,rf_v1,kg4_v1,postgame_v1,Data/daily_pipeline/models/2026-09-23/pitchers/519242.joblib,Data/daily_pipeline/predictions/postgame/2026-09-23/824868_519242.csv,Data/daily_pipeline/predictions/postgame/2026-09-23/824868_519242.json,2026-09-24T18:58:35.061753+00:00
2026-09-23,2026,824951,605488,Jeffrey Springs,Los Angeles Angels,84,32,27,0.3809523809523809,0.3214285714285714,0.0595238095238094,5.952380952380948,0.185185185185185,18.518518518518505,stratified,rf_v1,kg4_v1,postgame_v1,Data/daily_pipeline/models/2026-09-23/pitchers/605488.joblib,Data/daily_pipeline/predictions/postgame/2026-09-23/824951_605488.csv,Data/daily_pipeline/predictions/postgame/2026-09-23/824951_605488.json,2026-09-24T19:02:47.252456+00:00
2026-09-23,2026,824951,700712,Walbert Ureña,Athletics,81,41,23,0.5061728395061729,0.2839506172839506,0.2222222222222222,22.222222222222225,0.7826086956521741,78.2608695652174,stratified,rf_v1,kg4_v1,postgame_v1,Data/daily_pipeline/models/2026-09-23/pitchers/700712.joblib,Data/daily_pipeline/predictions/postgame/2026-09-23/824951_700712.csv,Data/daily_pipeline/predictions/postgame/2026-09-23/824951_700712.json,2026-09-24T19:02:16.415950+00:00
